n_train_apps,combo_idx,train_apps,bottleneck_type,threshold_used,cv_enabled,f1,false_alarm_rate,miss_rate,tp,fp,fn,tn
2,0,"['48295', '48304']",PRECISION_WASTE,0.5,False,0.6744186046511628,0.6285714285714286,0.3695652173913043,116,44,68,26
2,1,"['48269', '48293']",PRECISION_WASTE,0.5,False,0.8085106382978724,1.0,0.0,171,81,0,0
2,1,"['48269', '48293']",CACHE_PRESSURE,0.5,False,,0.0,1.0,0,0,85,167
2,1,"['48269', '48293']",INTRA_NODE_LOAD_IMBALANCE,0.5,False,,0.0,1.0,0,0,126,126
2,2,"['48267', '48289']",PIPELINE_STALL,0.5,False,,0.1437125748502994,1.0,0,24,85,143
2,2,"['48267', '48289']",COMPUTE_UNDERUTILIZATION,0.5,False,0.8208469055374593,0.1647058823529411,0.2455089820359281,126,14,41,71
2,2,"['48267', '48289']",CACHE_PRESSURE,0.5,False,0.6031746031746031,0.0628571428571428,0.5064935064935064,38,11,39,164
2,2,"['48267', '48289']",INTRA_NODE_LOAD_IMBALANCE,0.5,False,0.8290909090909091,0.2222222222222222,0.1555555555555555,114,26,21,91
2,3,"['48274', '48276']",PIPELINE_STALL,0.5,False,0.0919540229885057,0.0058479532163742,0.951219512195122,4,1,78,170
2,3,"['48274', '48276']",BRANCH_MISPREDICTION,0.5,False,0.907563025210084,0.0,0.1692307692307692,54,0,11,188
2,3,"['48274', '48276']",INTRA_NODE_LOAD_IMBALANCE,0.5,False,0.6212534059945504,1.0,0.0,114,139,0,0
2,4,"['48273', '48295']",PIPELINE_STALL,0.5,False,0.4606060606060606,0.9942857142857144,0.05,76,174,4,1
2,4,"['48273', '48295']",BRANCH_MISPREDICTION,0.5,False,0.3870967741935484,0.9743589743589745,0.0,60,190,0,5
2,4,"['48273', '48295']",CACHE_PRESSURE,0.5,False,0.0869565217391304,0.0,0.9545454545454546,4,0,84,167
2,4,"['48273', '48295']",INTRA_NODE_LOAD_IMBALANCE,0.5,False,0.6737400530503979,0.9609375,0.0,127,123,0,5
2,5,"['48273', '48289']",PIPELINE_STALL,0.5,False,0.3100775193798449,0.2111111111111111,0.7183098591549296,20,38,51,142
2,5,"['48273', '48289']",COMPUTE_UNDERUTILIZATION,0.5,False,0.7569060773480664,0.7346938775510204,0.1045751633986928,137,72,16,26
2,5,"['48273', '48289']",PRECISION_WASTE,0.5,False,0.9606299212598424,0.2205882352941176,0.0,183,15,0,53
2,5,"['48273', '48289']",BRANCH_MISPREDICTION,0.5,False,0.2300884955752212,0.2094240837696335,0.7833333333333333,13,40,47,151
2,5,"['48273', '48289']",CACHE_PRESSURE,0.5,False,,0.031055900621118,1.0,0,5,90,156
2,5,"['48273', '48289']",INTRA_NODE_LOAD_IMBALANCE,0.5,False,0.6484848484848484,0.7846153846153846,0.1157024793388429,107,102,14,28
2,6,"['48269', '48284']",COMPUTE_UNDERUTILIZATION,0.5,False,0.744186046511628,0.6,0.1949685534591195,128,57,31,38
2,6,"['48269', '48284']",PRECISION_WASTE,0.5,False,0.5333333333333333,0.0147058823529411,0.6344086021505376,68,1,118,67
2,6,"['48269', '48284']",BRANCH_MISPREDICTION,0.5,False,0.489795918367347,0.6443298969072165,0.0,60,125,0,69
2,6,"['48269', '48284']",INTRA_NODE_LOAD_IMBALANCE,0.5,False,0.7179487179487181,0.5748031496062992,0.1181102362204724,112,73,15,54
2,7,"['48269', '48290']",PIPELINE_STALL,0.5,False,0.2222222222222222,0.3103448275862069,0.7926829268292683,17,54,65,120
2,7,"['48269', '48290']",CACHE_PRESSURE,0.5,False,0.6835443037974683,0.1005917159763313,0.3793103448275862,54,17,33,152
2,8,"['48300', '48284']",PRECISION_WASTE,0.5,False,0.9149560117302052,0.0149253731343283,0.1521739130434782,156,1,28,66
2,9,"['48290', '48304']",PIPELINE_STALL,0.5,False,0.1276595744680851,0.2906976744186046,0.8902439024390244,9,50,73,122
2,9,"['48290', '48304']",COMPUTE_UNDERUTILIZATION,0.5,False,0.8951841359773371,0.3854166666666667,0.0,158,37,0,59
2,9,"['48290', '48304']",CACHE_PRESSURE,0.5,False,0.4464831804281345,1.0,0.0,73,181,0,0
2,10,"['48269', '48276']",COMPUTE_UNDERUTILIZATION,0.5,False,0.7598566308243727,0.1684210526315789,0.3248407643312102,106,16,51,79
2,10,"['48269', '48276']",BRANCH_MISPREDICTION,0.5,False,0.907563025210084,0.0,0.1692307692307692,54,0,11,187
2,10,"['48269', '48276']",INTRA_NODE_LOAD_IMBALANCE,0.5,False,0.1870503597122302,0.0,0.8968253968253969,13,0,113,126
2,11,"['48291', '48283']",PIPELINE_STALL,0.5,False,0.1025641025641025,0.0,0.945945945945946,4,0,70,175
2,11,"['48291', '48283']",COMPUTE_UNDERUTILIZATION,0.5,False,0.7644787644787644,0.0219780219780219,0.3734177215189873,99,2,59,89
2,11,"['48291', '48283']",PRECISION_WASTE,0.5,False,,0.0,1.0,0,0,183,66
2,11,"['48291', '48283']",CACHE_PRESSURE,0.5,False,0.898876404494382,0.1065088757396449,0.0,80,18,0,151
2,11,"['48291', '48283']",INTRA_NODE_LOAD_IMBALANCE,0.5,False,,0.2439024390243902,1.0,0,30,126,93
2,12,"['48278', '48308']",PIPELINE_STALL,0.5,False,0.0851063829787234,0.0,0.9555555555555556,4,0,86,162
2,12,"['48278', '48308']",COMPUTE_UNDERUTILIZATION,0.5,False,0.7336683417085427,1.0,0.0,146,106,0,0
2,12,"['48278', '48308']",PRECISION_WASTE,0.5,False,0.9447513812154698,0.1159420289855072,0.0655737704918032,171,8,12,61
2,12,"['48278', '48308']",CACHE_PRESSURE,0.5,False,0.0560747663551401,0.0389610389610389,0.9693877551020408,3,6,95,148
2,13,"['48267', '48290']",PIPELINE_STALL,0.5,False,0.4542372881355931,0.8390804597701149,0.1829268292682926,67,146,15,28
2,14,"['48267', '48307']",PIPELINE_STALL,0.5,False,0.7681159420289855,0.0,0.3764705882352941,53,0,32,168
2,14,"['48267', '48307']",COMPUTE_UNDERUTILIZATION,0.5,False,0.2033898305084745,0.0105263157894736,0.8860759493670886,18,1,140,94
2,14,"['48267', '48307']",BRANCH_MISPREDICTION,0.5,False,0.4102564102564102,0.0154639175257731,0.7288135593220338,16,3,43,191
2,14,"['48267', '48307']",CACHE_PRESSURE,0.5,False,0.5375,0.8862275449101796,0.0,86,148,0,19
2,14,"['48267', '48307']",INTRA_NODE_LOAD_IMBALANCE,0.5,False,0.2482758620689655,0.0078740157480314,0.8571428571428571,18,1,108,126
2,15,"['48269', '48278']",PIPELINE_STALL,0.5,False,0.0851063829787234,0.0,0.9555555555555556,4,0,86,165
2,15,"['48269', '48278']",COMPUTE_UNDERUTILIZATION,0.5,False,0.7744360902255639,0.010752688172043,0.3641975308641975,103,1,59,92
2,15,"['48269', '48278']",PRECISION_WASTE,0.5,False,0.9456521739130436,0.1159420289855072,0.064516129032258,174,8,12,61
2,15,"['48269', '48278']",CACHE_PRESSURE,0.5,False,0.2266666666666666,0.2229299363057325,0.826530612244898,17,35,81,122
2,16,"['48273', '48276']",PIPELINE_STALL,0.5,False,0.2479338842975207,0.1520467836257309,0.8125,15,26,65,145
2,16,"['48273', '48276']",PRECISION_WASTE,0.5,False,0.8702290076335878,0.5735294117647058,0.0655737704918032,171,39,12,29
2,16,"['48273', '48276']",BRANCH_MISPREDICTION,0.5,False,1.0,0.0,0.0,51,0,0,200
2,16,"['48273', '48276']",INTRA_NODE_LOAD_IMBALANCE,0.5,False,0.6170798898071626,1.0,0.0,112,139,0,0
2,17,"['48273', '48290']",COMPUTE_UNDERUTILIZATION,0.5,False,0.7975077881619937,0.3541666666666667,0.1949685534591195,128,34,31,62
2,17,"['48273', '48290']",PRECISION_WASTE,0.5,False,0.6642857142857143,0.0,0.5026737967914439,93,0,94,68
2,17,"['48273', '48290']",BRANCH_MISPREDICTION,0.5,False,0.5405405405405406,0.5230769230769231,0.0,60,102,0,93
2,17,"['48273', '48290']",CACHE_PRESSURE,0.5,False,0.5777777777777777,0.244047619047619,0.4022988505747126,52,41,35,127
2,17,"['48273', '48290']",INTRA_NODE_LOAD_IMBALANCE,0.5,False,0.7820069204152249,0.3828125,0.1102362204724409,113,49,14,79
2,18,"['48307', '48304']",PIPELINE_STALL,0.5,False,0.7681159420289855,0.0,0.3764705882352941,53,0,32,166
2,18,"['48307', '48304']",BRANCH_MISPREDICTION,0.5,False,0.4210526315789473,0.0052083333333333,0.7288135593220338,16,1,43,191
2,18,"['48307', '48304']",CACHE_PRESSURE,0.5,False,0.3544303797468354,0.2710843373493976,0.6705882352941176,28,45,57,121
2,18,"['48307', '48304']",INTRA_NODE_LOAD_IMBALANCE,0.5,False,0.2377622377622377,0.0,0.8650793650793651,17,0,109,125
2,19,"['48293', '48295']",COMPUTE_UNDERUTILIZATION,0.5,False,0.5511111111111111,0.0217391304347826,0.6149068322981367,62,2,99,90
2,19,"['48293', '48295']",PRECISION_WASTE,0.5,False,0.9149560117302052,0.0144927536231884,0.1521739130434782,156,1,28,68
2,19,"['48293', '48295']",CACHE_PRESSURE,0.5,False,0.4761904761904762,0.8379888268156425,0.054054054054054,70,150,4,29
2,19,"['48293', '48295']",INTRA_NODE_LOAD_IMBALANCE,0.5,False,,0.2047244094488189,1.0,0,26,126,101
2,20,"['48283', '48284']",PIPELINE_STALL,0.5,False,0.064516129032258,0.0,0.9666666666666668,3,0,87,161
2,20,"['48283', '48284']",COMPUTE_UNDERUTILIZATION,0.5,False,0.729113924050633,1.0,0.0,144,107,0,0
2,20,"['48283', '48284']",BRANCH_MISPREDICTION,0.5,False,0.8219178082191781,0.1361256544502617,0.0,60,26,0,165
2,20,"['48283', '48284']",CACHE_PRESSURE,0.5,False,0.775,0.3375796178343949,0.0106382978723404,93,53,1,104
2,20,"['48283', '48284']",INTRA_NODE_LOAD_IMBALANCE,0.5,False,0.6170798898071626,1.0,0.0,112,139,0,0
2,21,"['48290', '48284']",PIPELINE_STALL,0.5,False,0.463519313304721,0.5606936416184971,0.3414634146341463,54,97,28,76
2,21,"['48290', '48284']",COMPUTE_UNDERUTILIZATION,0.5,False,0.7756653992395437,0.0208333333333333,0.3584905660377358,102,2,57,94
2,21,"['48290', '48284']",PRECISION_WASTE,0.5,False,0.8757396449704141,0.0441176470588235,0.2085561497326203,148,3,39,65
2,21,"['48290', '48284']",BRANCH_MISPREDICTION,0.5,False,0.475609756097561,0.3333333333333333,0.35,39,65,21,130
2,21,"['48290', '48284']",CACHE_PRESSURE,0.5,False,0.5546218487394958,0.5059523809523809,0.2413793103448276,66,85,21,83
2,21,"['48290', '48284']",INTRA_NODE_LOAD_IMBALANCE,0.5,False,0.632034632034632,0.2421875,0.4251968503937008,73,31,54,97
2,22,"['48270', '48308']",PIPELINE_STALL,0.5,False,0.4727272727272727,0.0,0.6904761904761905,26,0,58,168
2,22,"['48270', '48308']",COMPUTE_UNDERUTILIZATION,0.5,False,0.5777777777777777,0.031578947368421,0.5859872611464968,65,3,92,92
2,22,"['48270', '48308']",BRANCH_MISPREDICTION,0.5,False,0.8079470198675497,0.1195652173913043,0.1029411764705882,61,22,7,162
2,22,"['48270', '48308']",INTRA_NODE_LOAD_IMBALANCE,0.5,False,0.5512820512820513,0.7903225806451613,0.328125,86,98,42,26
2,23,"['48295', '48283']",PIPELINE_STALL,0.5,False,0.064516129032258,0.0,0.9666666666666668,3,0,87,163
2,23,"['48295', '48283']",COMPUTE_UNDERUTILIZATION,0.5,False,0.731829573934837,1.0,0.0,146,107,0,0
2,23,"['48295', '48283']",CACHE_PRESSURE,0.5,False,0.5175718849840256,0.8764705882352941,0.0240963855421686,81,149,2,21
2,23,"['48295', '48283']",INTRA_NODE_LOAD_IMBALANCE,0.5,False,0.8750000000000001,0.1417322834645669,0.1111111111111111,112,18,14,109
2,24,"['48305', '48308']",COMPUTE_UNDERUTILIZATION,0.5,False,0.5777777777777777,0.03125,0.5859872611464968,65,3,92,93
2,24,"['48305', '48308']",CACHE_PRESSURE,0.5,False,0.4929577464788732,0.75,0.2783505154639175,70,117,27,39
2,25,"['48278', '48305']",PIPELINE_STALL,0.5,False,0.0851063829787234,0.0,0.9555555555555556,4,0,86,166
2,25,"['48278', '48305']",COMPUTE_UNDERUTILIZATION,0.5,False,0.7773584905660377,0.0,0.3641975308641975,103,0,59,94
2,25,"['48278', '48305']",PRECISION_WASTE,0.5,False,0.1485148514851485,0.0,0.9197860962566844,15,0,172,69
2,25,"['48278', '48305']",CACHE_PRESSURE,0.5,False,0.7114093959731543,0.0,0.4479166666666667,53,0,43,160
2,26,"['48273', '48278']",PIPELINE_STALL,0.5,False,0.4452296819787986,0.8089887640449438,0.1710526315789473,63,144,13,34
2,26,"['48273', '48278']",BRANCH_MISPREDICTION,0.5,False,0.8163265306122449,0.1391752577319587,0.0,60,27,0,167
2,26,"['48273', '48278']",CACHE_PRESSURE,0.5,False,0.0806451612903225,0.1346153846153846,0.9489795918367347,5,21,93,135
2,26,"['48273', '48278']",INTRA_NODE_LOAD_IMBALANCE,0.5,False,0.8037383177570094,0.0078740157480314,0.3228346456692913,86,1,41,126
2,27,"['48289', '48291']",PIPELINE_STALL,0.5,False,0.2409638554216867,0.4277777777777777,0.7101449275362319,20,77,49,103
2,27,"['48289', '48291']",COMPUTE_UNDERUTILIZATION,0.5,False,0.4018264840182649,0.0975609756097561,0.7365269461077845,44,8,123,74
2,27,"['48289', '48291']",CACHE_PRESSURE,0.5,False,0.3472222222222222,0.2485549132947976,0.6710526315789473,25,43,51,130
2,27,"['48289', '48291']",INTRA_NODE_LOAD_IMBALANCE,0.5,False,0.3315508021390374,0.1842105263157894,0.7703703703703704,31,21,104,93
2,28,"['48291', '48308']",PIPELINE_STALL,0.5,False,0.4444444444444444,0.8128654970760234,0.2051282051282051,62,139,16,32
2,28,"['48291', '48308']",COMPUTE_UNDERUTILIZATION,0.5,False,0.4585365853658536,0.0108695652173913,0.7006369426751592,47,1,110,91
2,28,"['48291', '48308']",CACHE_PRESSURE,0.5,False,0.3865546218487395,0.0670731707317073,0.7294117647058823,23,11,62,153
2,29,"['48274', '48278']",PIPELINE_STALL,0.5,False,0.169811320754717,0.1067415730337078,0.8846153846153846,9,19,69,159
2,29,"['48274', '48278']",COMPUTE_UNDERUTILIZATION,0.5,False,0.7389162561576355,1.0,0.0,150,106,0,0
2,29,"['48274', '48278']",PRECISION_WASTE,0.5,False,0.8632218844984804,0.0,0.2406417112299465,142,0,45,69
2,29,"['48274', '48278']",CACHE_PRESSURE,0.5,False,0.0864197530864197,0.360759493670886,0.9285714285714286,7,57,91,101
2,29,"['48274', '48278']",INTRA_NODE_LOAD_IMBALANCE,0.5,False,0.2656826568265683,0.8346456692913385,0.7209302325581395,36,106,93,21
2,30,"['48267', '48270']",PIPELINE_STALL,0.5,False,0.4727272727272727,0.0,0.6904761904761905,26,0,58,171
2,30,"['48267', '48270']",BRANCH_MISPREDICTION,0.5,False,0.5981308411214953,0.0374331550802139,0.5294117647058824,32,7,36,180
2,30,"['48267', '48270']",CACHE_PRESSURE,0.5,False,0.2480620155038759,0.1597633136094674,0.813953488372093,16,27,70,142
2,30,"['48267', '48270']",INTRA_NODE_LOAD_IMBALANCE,0.5,False,0.6529411764705882,0.7952755905511811,0.1328125,111,101,17,26
2,31,"['48270', '48278']",PIPELINE_STALL,0.5,False,0.4173228346456693,0.6914285714285714,0.3375,53,121,27,54
2,31,"['48270', '48278']",COMPUTE_UNDERUTILIZATION,0.5,False,0.7773584905660377,0.0,0.3641975308641975,103,0,59,93
2,31,"['48270', '48278']",PRECISION_WASTE,0.5,False,0.9456521739130436,0.1159420289855072,0.064516129032258,174,8,12,61
2,31,"['48270', '48278']",BRANCH_MISPREDICTION,0.5,False,0.9545454545454544,0.0053475935828877,0.0735294117647058,63,1,5,186
2,31,"['48270', '48278']",CACHE_PRESSURE,0.5,False,0.6642599277978339,0.554140127388535,0.0612244897959183,92,87,6,70
2,31,"['48270', '48278']",INTRA_NODE_LOAD_IMBALANCE,0.5,False,0.4709677419354838,0.8582677165354331,0.4296875,73,109,55,18
2,32,"['48304', '48283']",PIPELINE_STALL,0.5,False,0.064516129032258,0.0,0.9666666666666668,3,0,87,160
2,32,"['48304', '48283']",COMPUTE_UNDERUTILIZATION,0.5,False,0.727735368956743,1.0,0.0,143,107,0,0
2,32,"['48304', '48283']",PRECISION_WASTE,0.5,False,0.9373297002724796,0.1666666666666666,0.0652173913043478,172,11,12,55
2,32,"['48304', '48283']",CACHE_PRESSURE,0.5,False,0.7142857142857143,0.3764705882352941,0.0,80,64,0,106
2,32,"['48304', '48283']",INTRA_NODE_LOAD_IMBALANCE,0.5,False,0.0891719745222929,0.1935483870967742,0.9444444444444444,7,24,119,100
2,33,"['48276', '48307']",PIPELINE_STALL,0.5,False,0.7681159420289855,0.0,0.3764705882352941,53,0,32,165
2,33,"['48276', '48307']",BRANCH_MISPREDICTION,0.5,False,0.8764044943820225,0.0,0.22,39,0,11,200
2,33,"['48276', '48307']",INTRA_NODE_LOAD_IMBALANCE,0.5,False,0.6149584487534626,1.0,0.0,111,139,0,0
2,34,"['48293', '48284']",COMPUTE_UNDERUTILIZATION,0.5,False,0.4788732394366197,0.0326086956521739,0.6792452830188679,51,3,108,89
2,34,"['48293', '48284']",PRECISION_WASTE,0.5,False,0.9149560117302052,0.0149253731343283,0.1521739130434782,156,1,28,66
2,34,"['48293', '48284']",BRANCH_MISPREDICTION,0.5,False,0.2456140350877193,0.2094240837696335,0.7666666666666667,14,40,46,151
2,34,"['48293', '48284']",CACHE_PRESSURE,0.5,False,0.1818181818181818,0.0301204819277108,0.8941176470588236,9,5,76,161
2,34,"['48293', '48284']",INTRA_NODE_LOAD_IMBALANCE,0.5,False,0.6170798898071626,1.0,0.0,112,139,0,0
2,35,"['48270', '48276']",PIPELINE_STALL,0.5,False,0.4587155963302752,0.0,0.7023809523809523,25,0,59,168
2,35,"['48270', '48276']",COMPUTE_UNDERUTILIZATION,0.5,False,0.8509485094850949,0.5789473684210527,0.0,157,55,0,40
2,35,"['48270', '48276']",BRANCH_MISPREDICTION,0.5,False,0.897196261682243,0.0,0.1864406779661017,48,0,11,193
2,35,"['48270', '48276']",INTRA_NODE_LOAD_IMBALANCE,0.5,False,0.6191780821917808,1.0,0.0,113,139,0,0
2,36,"['48305', '48283']",PIPELINE_STALL,0.5,False,0.064516129032258,0.0,0.9666666666666668,3,0,87,163
2,36,"['48305', '48283']",COMPUTE_UNDERUTILIZATION,0.5,False,0.7644787644787644,0.0210526315789473,0.3734177215189873,99,2,59,93
2,36,"['48305', '48283']",PRECISION_WASTE,0.5,False,0.1485148514851485,0.0,0.9197860962566844,15,0,172,66
2,36,"['48305', '48283']",CACHE_PRESSURE,0.5,False,0.7121951219512194,0.2484472049689441,0.2065217391304347,73,40,19,121
2,36,"['48305', '48283']",INTRA_NODE_LOAD_IMBALANCE,0.5,False,0.3473053892215569,0.0944881889763779,0.7698412698412699,29,12,97,115
2,37,"['48276', '48289']",PIPELINE_STALL,0.5,False,,0.2439024390243902,1.0,0,40,85,124
2,37,"['48276', '48289']",COMPUTE_UNDERUTILIZATION,0.5,False,0.7989417989417988,0.7755102040816326,0.0,151,76,0,22
2,37,"['48276', '48289']",BRANCH_MISPREDICTION,0.5,False,0.907563025210084,0.0,0.1692307692307692,54,0,11,184
2,37,"['48276', '48289']",CACHE_PRESSURE,0.5,False,0.2461538461538461,0.1509433962264151,0.8222222222222222,16,24,74,135
2,37,"['48276', '48289']",INTRA_NODE_LOAD_IMBALANCE,0.5,False,0.99581589958159,0.0,0.0083333333333333,119,0,1,129
2,38,"['48305', '48284']",COMPUTE_UNDERUTILIZATION,0.5,False,0.8027210884353742,0.1770833333333333,0.2578616352201258,118,17,41,79
2,38,"['48305', '48284']",PRECISION_WASTE,0.5,False,0.7752442996742672,0.0147058823529411,0.3636363636363636,119,1,68,67
2,38,"['48305', '48284']",BRANCH_MISPREDICTION,0.5,False,0.4717948717948718,0.4564102564102564,0.2333333333333333,46,89,14,106
2,38,"['48305', '48284']",CACHE_PRESSURE,0.5,False,0.6839378238341969,0.189873417721519,0.3195876288659793,66,30,31,128
2,38,"['48305', '48284']",INTRA_NODE_LOAD_IMBALANCE,0.5,False,0.6030534351145038,0.4375,0.3779527559055118,79,56,48,72
2,39,"['48300', '48303']",PIPELINE_STALL,0.5,False,,0.0670731707317073,1.0,0,11,90,153
2,39,"['48300', '48303']",PRECISION_WASTE,0.5,False,0.219047619047619,0.0428571428571428,0.875,23,3,161,67
2,39,"['48300', '48303']",BRANCH_MISPREDICTION,0.5,False,0.2431372549019607,0.8469387755102041,0.4655172413793103,31,166,27,30
2,39,"['48300', '48303']",CACHE_PRESSURE,0.5,False,0.2075471698113207,0.0,0.8842105263157894,11,0,84,159
2,39,"['48300', '48303']",INTRA_NODE_LOAD_IMBALANCE,0.5,False,0.5705329153605015,0.8074074074074075,0.2352941176470588,91,109,28,26
2,40,"['48276', '48284']",PRECISION_WASTE,0.5,False,0.963157894736842,0.2058823529411764,0.0,183,14,0,54
2,40,"['48276', '48284']",BRANCH_MISPREDICTION,0.5,False,1.0,0.0,0.0,51,0,0,200
2,40,"['48276', '48284']",INTRA_NODE_LOAD_IMBALANCE,0.5,False,0.6170798898071626,1.0,0.0,112,139,0,0
2,41,"['48269', '48289']",PIPELINE_STALL,0.5,False,,0.1437125748502994,1.0,0,24,85,143
2,41,"['48269', '48289']",COMPUTE_UNDERUTILIZATION,0.5,False,0.8869047619047618,0.2352941176470588,0.1077844311377245,149,20,18,65
2,41,"['48269', '48289']",CACHE_PRESSURE,0.5,False,0.2807017543859649,0.0493827160493827,0.8222222222222222,16,8,74,154
2,41,"['48269', '48289']",INTRA_NODE_LOAD_IMBALANCE,0.5,False,0.7763157894736842,0.4358974358974359,0.1259259259259259,118,51,17,66
2,42,"['48276', '48295']",PRECISION_WASTE,0.5,False,0.8472222222222222,0.9428571428571428,0.0,183,66,0,4
2,42,"['48276', '48295']",BRANCH_MISPREDICTION,0.5,False,0.907563025210084,0.0,0.1692307692307692,54,0,11,188
2,42,"['48276', '48295']",CACHE_PRESSURE,0.5,False,,0.0,1.0,0,0,88,165
2,42,"['48276', '48295']",INTRA_NODE_LOAD_IMBALANCE,0.5,False,0.5179856115107914,0.6299212598425197,0.4285714285714285,72,80,54,47
2,43,"['48276', '48290']",PIPELINE_STALL,0.5,False,0.1097560975609756,0.4269005847953216,0.8902439024390244,9,73,73,98
2,43,"['48276', '48290']",COMPUTE_UNDERUTILIZATION,0.5,False,0.7682926829268293,0.46875,0.197452229299363,126,45,31,51
2,43,"['48276', '48290']",BRANCH_MISPREDICTION,0.5,False,0.907563025210084,0.0,0.1692307692307692,54,0,11,188
2,43,"['48276', '48290']",CACHE_PRESSURE,0.5,False,0.4615384615384615,0.2590361445783132,0.5517241379310345,39,43,48,123
2,43,"['48276', '48290']",INTRA_NODE_LOAD_IMBALANCE,0.5,False,0.2674418604651162,0.1811023622047244,0.8174603174603174,23,23,103,104
2,44,"['48273', '48283']",PIPELINE_STALL,0.5,False,0.4713375796178344,0.9371428571428572,0.0263157894736842,74,164,2,11
2,44,"['48273', '48283']",COMPUTE_UNDERUTILIZATION,0.5,False,0.729113924050633,1.0,0.0,144,107,0,0
2,44,"['48273', '48283']",BRANCH_MISPREDICTION,0.5,False,0.3058823529411765,0.06282722513089,0.7833333333333333,13,12,47,179
2,44,"['48273', '48283']",CACHE_PRESSURE,0.5,False,0.5633802816901409,0.0509554140127388,0.574468085106383,40,8,54,149
2,44,"['48273', '48283']",INTRA_NODE_LOAD_IMBALANCE,0.5,False,0.6170798898071626,1.0,0.0,112,139,0,0
2,45,"['48267', '48295']",COMPUTE_UNDERUTILIZATION,0.5,False,,0.0,1.0,0,0,161,95
2,45,"['48267', '48295']",PRECISION_WASTE,0.5,False,0.8416289592760181,1.0,0.0,186,70,0,0
2,45,"['48267', '48295']",CACHE_PRESSURE,0.5,False,0.4531722054380664,1.0,0.0,75,181,0,0
2,46,"['48289', '48300']",PIPELINE_STALL,0.5,False,0.0888888888888888,0.0060975609756097,0.9529411764705882,4,1,81,163
2,46,"['48289', '48300']",COMPUTE_UNDERUTILIZATION,0.5,False,0.837037037037037,0.0612244897959183,0.2516556291390728,113,6,38,92
2,46,"['48289', '48300']",PRECISION_WASTE,0.5,False,0.8057553956834532,1.0,0.0,168,81,0,0
2,46,"['48289', '48300']",BRANCH_MISPREDICTION,0.5,False,0.4054054054054054,0.0052356020942408,0.7413793103448276,15,1,43,190
2,46,"['48289', '48300']",CACHE_PRESSURE,0.5,False,,0.0314465408805031,1.0,0,5,90,154
2,46,"['48289', '48300']",INTRA_NODE_LOAD_IMBALANCE,0.5,False,0.7310924369747899,0.2461538461538461,0.2689075630252101,87,32,32,98
2,47,"['48290', '48295']",PIPELINE_STALL,0.5,False,0.4837758112094395,1.0,0.0,82,175,0,0
2,47,"['48290', '48295']",COMPUTE_UNDERUTILIZATION,0.5,False,,0.0,1.0,0,0,161,96
2,47,"['48290', '48295']",PRECISION_WASTE,0.5,False,0.8423423423423423,1.0,0.0,187,70,0,0
2,47,"['48290', '48295']",CACHE_PRESSURE,0.5,False,0.4564564564564564,1.0,0.0,76,181,0,0
2,48,"['48269', '48304']",COMPUTE_UNDERUTILIZATION,0.5,False,0.9377049180327868,0.0421052631578947,0.0949367088607595,143,4,15,91
2,48,"['48269', '48304']",CACHE_PRESSURE,0.5,False,0.8051948051948051,0.0416666666666666,0.2705882352941176,62,7,23,161
2,49,"['48276', '48283']",PIPELINE_STALL,0.5,False,0.064516129032258,0.0,0.9666666666666668,3,0,87,159
2,49,"['48276', '48283']",COMPUTE_UNDERUTILIZATION,0.5,False,0.7263427109974424,1.0,0.0,142,107,0,0
2,49,"['48276', '48283']",PRECISION_WASTE,0.5,False,0.9369863013698628,0.1666666666666666,0.0655737704918032,171,11,12,55
2,49,"['48276', '48283']",BRANCH_MISPREDICTION,0.5,False,0.907563025210084,0.0,0.1692307692307692,54,0,11,184
2,49,"['48276', '48283']",CACHE_PRESSURE,0.5,False,0.7782426778242678,0.3354838709677419,0.0106382978723404,93,52,1,103
2,49,"['48276', '48283']",INTRA_NODE_LOAD_IMBALANCE,0.5,False,0.6166666666666667,1.0,0.0,111,138,0,0
4,0,"['48267', '48278', '48291', '48284']",PIPELINE_STALL,0.5,True,0.0779220779220779,0.0,0.9594594594594594,3,0,71,151
4,0,"['48267', '48278', '48291', '48284']",COMPUTE_UNDERUTILIZATION,0.5,True,0.751054852320675,0.0,0.3986486486486486,89,0,59,77
4,0,"['48267', '48278', '48291', '48284']",PRECISION_WASTE,0.5,True,0.9404761904761904,0.1454545454545454,0.0705882352941176,158,8,12,47
4,0,"['48267', '48278', '48291', '48284']",BRANCH_MISPREDICTION,0.5,True,0.2549019607843137,0.1757575757575757,0.7833333333333333,13,29,47,136
4,0,"['48267', '48278', '48291', '48284']",CACHE_PRESSURE,0.05,True,0.7428571428571428,0.2532467532467532,0.0845070422535211,65,39,6,115
4,0,"['48267', '48278', '48291', '48284']",INTRA_NODE_LOAD_IMBALANCE,0.5,True,0.2958579881656805,0.173469387755102,0.8031496062992126,25,17,102,81
4,1,"['48290', '48291', '48293', '48303']",PIPELINE_STALL,0.05,True,0.287292817679558,0.5670731707317073,0.5806451612903226,26,93,36,71
4,1,"['48290', '48291', '48293', '48303']",COMPUTE_UNDERUTILIZATION,0.5,True,0.6127659574468085,0.015625,0.5555555555555556,72,1,90,63
4,1,"['48290', '48291', '48293', '48303']",PRECISION_WASTE,0.05,True,0.8167539267015707,1.0,0.0,156,70,0,0
4,1,"['48290', '48291', '48293', '48303']",CACHE_PRESSURE,0.25,True,0.3438914027149321,0.7485380116959064,0.3090909090909091,38,128,17,43
4,1,"['48290', '48291', '48293', '48303']",INTRA_NODE_LOAD_IMBALANCE,0.275,True,0.9380530973451328,0.0,0.1166666666666666,106,0,14,106
4,2,"['48270', '48293', '48305', '48284']",PIPELINE_STALL,0.5,True,0.4587155963302752,0.0,0.7023809523809523,25,0,59,142
4,2,"['48270', '48293', '48305', '48284']",COMPUTE_UNDERUTILIZATION,0.5,True,0.4788732394366197,0.044776119402985,0.6792452830188679,51,3,108,64
4,2,"['48270', '48293', '48305', '48284']",PRECISION_WASTE,0.05,True,0.8259740259740259,1.0,0.0,159,67,0,0
4,2,"['48270', '48293', '48305', '48284']",BRANCH_MISPREDICTION,0.5,True,0.9908256880733944,0.005813953488372,0.0,54,1,0,171
4,2,"['48270', '48293', '48305', '48284']",CACHE_PRESSURE,0.275,True,0.8322981366459627,0.0769230769230769,0.1927710843373494,67,11,16,132
4,2,"['48270', '48293', '48305', '48284']",INTRA_NODE_LOAD_IMBALANCE,0.05,True,0.6092307692307692,1.0,0.0,99,127,0,0
4,3,"['48273', '48293', '48305', '48303']",PIPELINE_STALL,0.05,True,,0.2631578947368421,1.0,0,40,76,112
4,3,"['48273', '48293', '48305', '48303']",COMPUTE_UNDERUTILIZATION,0.5,True,0.6210045662100456,0.0375,0.5405405405405406,68,3,80,77
4,3,"['48273', '48293', '48305', '48303']",PRECISION_WASTE,0.05,True,0.9085173501577288,0.0178571428571428,0.1627906976744186,144,1,28,55
4,3,"['48273', '48293', '48305', '48303']",BRANCH_MISPREDICTION,0.5,True,0.2300884955752212,0.238095238095238,0.7833333333333333,13,40,47,128
4,3,"['48273', '48293', '48305', '48303']",CACHE_PRESSURE,0.05,True,0.8030303030303031,0.0,0.3291139240506329,53,0,26,149
4,3,"['48273', '48293', '48305', '48303']",INTRA_NODE_LOAD_IMBALANCE,0.05,True,0.6347305389221557,1.0,0.0,106,122,0,0
4,4,"['48293', '48295', '48304', '48303']",PIPELINE_STALL,0.5,True,0.4121212121212121,0.2992700729927007,0.6222222222222222,34,41,56,96
4,4,"['48293', '48295', '48304', '48303']",COMPUTE_UNDERUTILIZATION,0.5,True,0.7917888563049854,0.7717391304347826,0.0,135,71,0,21
4,4,"['48293', '48295', '48304', '48303']",PRECISION_WASTE,0.05,True,0.9602446483180428,0.0172413793103448,0.0710059171597633,157,1,12,57
4,4,"['48293', '48295', '48304', '48303']",CACHE_PRESSURE,0.3,True,0.637037037037037,0.2105263157894736,0.2321428571428571,43,36,13,135
4,4,"['48293', '48295', '48304', '48303']",INTRA_NODE_LOAD_IMBALANCE,0.275,True,0.0888888888888889,0.0841121495327102,0.95,6,9,114,98
4,5,"['48269', '48307', '48291', '48293']",PIPELINE_STALL,0.05,True,0.6981132075471698,0.0,0.463768115942029,37,0,32,152
4,5,"['48269', '48307', '48291', '48293']",COMPUTE_UNDERUTILIZATION,0.5,True,0.9813664596273292,0.0952380952380952,0.0,158,6,0,57
4,5,"['48269', '48307', '48291', '48293']",PRECISION_WASTE,0.5,True,0.775623268698061,1.0,0.0,140,81,0,0
4,5,"['48269', '48307', '48291', '48293']",BRANCH_MISPREDICTION,0.5,True,0.4843049327354261,0.6790123456790124,0.0847457627118644,54,110,5,52
4,5,"['48269', '48307', '48291', '48293']",CACHE_PRESSURE,0.275,True,0.3018867924528302,0.1266666666666666,0.7746478873239436,16,19,55,131
4,5,"['48269', '48307', '48291', '48293']",INTRA_NODE_LOAD_IMBALANCE,0.05,True,0.9863013698630138,0.0,0.027027027027027,108,0,3,110
4,6,"['48267', '48276', '48293', '48295']",COMPUTE_UNDERUTILIZATION,0.5,True,0.7563025210084034,0.0379746835443038,0.3793103448275862,90,3,55,76
4,6,"['48267', '48276', '48293', '48295']",PRECISION_WASTE,0.05,True,0.8179419525065964,1.0,0.0,155,69,0,0
4,6,"['48267', '48276', '48293', '48295']",BRANCH_MISPREDICTION,0.5,True,0.992248062015504,0.0,0.0153846153846153,64,0,1,159
4,6,"['48267', '48276', '48293', '48295']",CACHE_PRESSURE,0.075,True,0.8088235294117647,0.1226993865030674,0.0983606557377049,55,20,6,143
4,6,"['48267', '48276', '48293', '48295']",INTRA_NODE_LOAD_IMBALANCE,0.275,True,0.5641025641025641,0.7522123893805309,0.3063063063063063,77,85,34,28
4,7,"['48267', '48273', '48293', '48304']",PIPELINE_STALL,0.5,True,0.2479338842975207,0.1818181818181818,0.8125,15,26,65,117
4,7,"['48267', '48273', '48293', '48304']",COMPUTE_UNDERUTILIZATION,0.5,True,0.897196261682243,0.4177215189873418,0.0,144,33,0,46
4,7,"['48267', '48273', '48293', '48304']",PRECISION_WASTE,0.05,True,0.8232189973614776,1.0,0.0,156,67,0,0
4,7,"['48267', '48273', '48293', '48304']",BRANCH_MISPREDICTION,0.5,True,0.2574257425742575,0.1717791411042944,0.7833333333333333,13,28,47,135
4,7,"['48267', '48273', '48293', '48304']",CACHE_PRESSURE,0.075,True,0.5573770491803278,0.4484848484848485,0.1206896551724138,51,74,7,91
4,7,"['48267', '48273', '48293', '48304']",INTRA_NODE_LOAD_IMBALANCE,0.5,True,0.90990990990991,0.081081081081081,0.0982142857142857,101,9,11,102
4,8,"['48270', '48273', '48291', '48283']",PIPELINE_STALL,0.5000000000000001,True,0.4126984126984127,0.0,0.74,13,0,37,172
4,8,"['48270', '48273', '48291', '48283']",COMPUTE_UNDERUTILIZATION,0.05,True,0.7359307359307359,0.0256410256410256,0.4097222222222222,85,2,59,76
4,8,"['48270', '48273', '48291', '48283']",PRECISION_WASTE,0.5,True,0.2551020408163265,0.0192307692307692,0.8529411764705882,25,1,145,51
4,8,"['48270', '48273', '48291', '48283']",BRANCH_MISPREDICTION,0.5,True,0.2702702702702702,0.25,0.7222222222222222,15,42,39,126
4,8,"['48270', '48273', '48291', '48283']",CACHE_PRESSURE,0.5,True,0.7373271889400921,0.4014084507042254,0.0,80,57,0,85
4,8,"['48270', '48273', '48291', '48283']",INTRA_NODE_LOAD_IMBALANCE,0.05,True,0.616822429906542,1.0,0.0,99,123,0,0
4,9,"['48270', '48291', '48304', '48303']",PIPELINE_STALL,0.1,True,0.7272727272727273,0.0802469135802469,0.3125,44,13,20,149
4,9,"['48270', '48291', '48304', '48303']",COMPUTE_UNDERUTILIZATION,0.5,True,0.9864864864864864,0.0379746835443038,0.0068027210884353,146,3,1,76
4,9,"['48270', '48291', '48304', '48303']",PRECISION_WASTE,0.5,True,0.9025974025974024,0.1971830985915492,0.1032258064516129,139,14,16,57
4,9,"['48270', '48291', '48304', '48303']",BRANCH_MISPREDICTION,0.5,True,0.8474576271186441,0.0,0.2647058823529412,50,0,18,158
4,9,"['48270', '48291', '48304', '48303']",CACHE_PRESSURE,0.2166666666666666,True,0.7283950617283951,0.2264150943396226,0.1194029850746268,59,36,8,123
4,9,"['48270', '48291', '48304', '48303']",INTRA_NODE_LOAD_IMBALANCE,0.05,True,0.9264069264069263,0.0192307692307692,0.1229508196721311,107,2,15,102
4,10,"['48267', '48278', '48293', '48284']",PIPELINE_STALL,0.5,True,0.0816326530612245,0.0296296296296296,0.9555555555555556,4,4,86,131
4,10,"['48267', '48278', '48293', '48284']",COMPUTE_UNDERUTILIZATION,0.05,True,0.7416666666666665,0.0389610389610389,0.3986486486486486,89,3,59,74
4,10,"['48267', '48278', '48293', '48284']",PRECISION_WASTE,0.05,True,0.907936507936508,0.0185185185185185,0.1637426900584795,143,1,28,53
4,10,"['48267', '48278', '48293', '48284']",BRANCH_MISPREDICTION,0.5,True,0.2549019607843137,0.1757575757575757,0.7833333333333333,13,29,47,136
4,10,"['48267', '48278', '48293', '48284']",CACHE_PRESSURE,0.05,True,0.389261744966443,0.3181818181818182,0.5915492957746479,29,49,42,105
4,10,"['48267', '48278', '48293', '48284']",INTRA_NODE_LOAD_IMBALANCE,0.5,True,0.986425339366516,0.0,0.0267857142857142,109,0,3,113
4,11,"['48270', '48274', '48276', '48307']",PIPELINE_STALL,0.05,True,0.463235294117647,0.9012345679012346,0.0,63,146,0,16
4,11,"['48270', '48274', '48276', '48307']",COMPUTE_UNDERUTILIZATION,0.5,True,0.988593155893536,0.031578947368421,0.0,130,3,0,92
4,11,"['48270', '48274', '48276', '48307']",BRANCH_MISPREDICTION,0.1,True,0.8571428571428571,0.0,0.25,33,0,11,181
4,11,"['48270', '48274', '48276', '48307']",INTRA_NODE_LOAD_IMBALANCE,0.5,True,0.5530546623794212,1.0,0.0,86,139,0,0
4,12,"['48267', '48290', '48295', '48303']",PIPELINE_STALL,0.5,True,0.4647887323943662,0.2,0.5769230769230769,33,31,45,124
4,12,"['48267', '48290', '48295', '48303']",COMPUTE_UNDERUTILIZATION,0.5,True,0.6278026905829597,0.036144578313253,0.5333333333333333,70,3,80,80
4,12,"['48267', '48290', '48295', '48303']",PRECISION_WASTE,0.5,True,0.9461077844311376,0.0338983050847457,0.0919540229885057,158,2,16,57
4,12,"['48267', '48290', '48295', '48303']",CACHE_PRESSURE,0.125,True,0.4758064516129032,0.7471264367816092,0.0,59,130,0,44
4,12,"['48267', '48290', '48295', '48303']",INTRA_NODE_LOAD_IMBALANCE,0.5,True,0.6869565217391304,0.1632653061224489,0.4148148148148148,79,16,56,82
4,13,"['48274', '48276', '48283', '48284']",PIPELINE_STALL,0.5,True,0.7462686567164178,0.3310344827586207,0.0384615384615384,75,48,3,97
4,13,"['48274', '48276', '48283', '48284']",COMPUTE_UNDERUTILIZATION,0.5,True,0.6843657817109144,1.0,0.0,116,107,0,0
4,13,"['48274', '48276', '48283', '48284']",PRECISION_WASTE,0.5,True,0.9715909090909092,0.1923076923076923,0.0,171,10,0,42
4,13,"['48274', '48276', '48283', '48284']",BRANCH_MISPREDICTION,0.05,True,0.99009900990099,0.0,0.0196078431372549,50,0,1,172
4,13,"['48274', '48276', '48283', '48284']",CACHE_PRESSURE,0.5,True,0.7699530516431924,0.2868217054263566,0.1276595744680851,82,37,12,92
4,13,"['48274', '48276', '48283', '48284']",INTRA_NODE_LOAD_IMBALANCE,0.05,True,0.551948051948052,1.0,0.0,85,138,0,0
4,14,"['48270', '48307', '48295', '48284']",PIPELINE_STALL,0.05,True,0.728813559322034,0.0,0.4266666666666667,43,0,32,152
4,14,"['48270', '48307', '48295', '48284']",COMPUTE_UNDERUTILIZATION,0.5,True,0.9849624060150376,0.031578947368421,0.0075757575757575,131,3,1,92
4,14,"['48270', '48307', '48295', '48284']",PRECISION_WASTE,0.5,True,0.9606741573033708,0.25,0.0,171,14,0,42
4,14,"['48270', '48307', '48295', '48284']",BRANCH_MISPREDICTION,0.05,True,0.2932330827067669,1.0,0.0,39,188,0,0
4,14,"['48270', '48307', '48295', '48284']",CACHE_PRESSURE,0.5,True,0.0869565217391304,0.0,0.9545454545454546,4,0,84,139
4,14,"['48270', '48307', '48295', '48284']",INTRA_NODE_LOAD_IMBALANCE,0.5,True,0.616822429906542,0.9609375,0.0,99,123,0,5
4,15,"['48276', '48290', '48305', '48308']",PIPELINE_STALL,0.5,True,0.3739837398373984,0.1258741258741259,0.7195121951219512,23,18,59,125
4,15,"['48276', '48290', '48305', '48308']",COMPUTE_UNDERUTILIZATION,0.5,True,0.8623853211009175,0.5357142857142857,0.0,141,45,0,39
4,15,"['48276', '48290', '48305', '48308']",BRANCH_MISPREDICTION,0.5,True,0.992248062015504,0.0,0.0153846153846153,64,0,1,160
4,15,"['48276', '48290', '48305', '48308']",CACHE_PRESSURE,0.5,True,0.6456692913385828,0.0071428571428571,0.5176470588235295,41,1,44,139
4,15,"['48276', '48290', '48305', '48308']",INTRA_NODE_LOAD_IMBALANCE,0.5,True,0.8995633187772926,0.0,0.1825396825396825,103,0,23,99
4,16,"['48273', '48295', '48283', '48303']",PIPELINE_STALL,0.275,True,0.7659574468085107,0.282051282051282,0.0,72,44,0,112
4,16,"['48273', '48295', '48283', '48303']",COMPUTE_UNDERUTILIZATION,0.5,True,0.6934097421203438,1.0,0.0,121,107,0,0
4,16,"['48273', '48295', '48283', '48303']",BRANCH_MISPREDICTION,0.5,True,0.8571428571428571,0.119047619047619,0.0,60,20,0,148
4,16,"['48273', '48295', '48283', '48303']",CACHE_PRESSURE,0.25,True,0.7181818181818183,0.4161073825503356,0.0,79,62,0,87
4,16,"['48273', '48295', '48283', '48303']",INTRA_NODE_LOAD_IMBALANCE,0.075,True,0.847926267281106,0.1557377049180328,0.1320754716981132,92,19,14,103
4,17,"['48269', '48276', '48278', '48290']",PIPELINE_STALL,0.5,True,0.847682119205298,0.0604026845637583,0.1794871794871795,64,9,14,140
4,17,"['48269', '48276', '48278', '48290']",COMPUTE_UNDERUTILIZATION,0.05,True,0.8488372093023255,0.6419753086419753,0.0,146,52,0,29
4,17,"['48269', '48276', '48278', '48290']",PRECISION_WASTE,0.5,True,0.935897435897436,0.1159420289855072,0.0759493670886076,146,8,12,61
4,17,"['48269', '48276', '48278', '48290']",BRANCH_MISPREDICTION,0.5,True,0.992248062015504,0.0,0.0153846153846153,64,0,1,162
4,17,"['48269', '48276', '48278', '48290']",CACHE_PRESSURE,0.5,True,0.640625,0.0070921985815602,0.5232558139534884,41,1,45,140
4,17,"['48269', '48276', '48278', '48290']",INTRA_NODE_LOAD_IMBALANCE,0.5,True,0.8995633187772926,0.0,0.1825396825396825,103,0,23,101
4,18,"['48274', '48276', '48278', '48304']",PIPELINE_STALL,0.5,True,0.8695652173913043,0.0884353741496598,0.1025641025641025,70,13,8,134
4,18,"['48274', '48276', '48278', '48304']",COMPUTE_UNDERUTILIZATION,0.5,True,0.691860465116279,1.0,0.0,119,106,0,0
4,18,"['48274', '48276', '48278', '48304']",PRECISION_WASTE,0.5,True,0.8690807799442897,0.6811594202898551,0.0,156,47,0,22
4,18,"['48274', '48276', '48278', '48304']",BRANCH_MISPREDICTION,0.5,True,0.992248062015504,0.0,0.0153846153846153,64,0,1,160
4,18,"['48274', '48276', '48278', '48304']",CACHE_PRESSURE,0.5,True,0.7761194029850746,0.2765957446808511,0.0714285714285714,78,39,6,102
4,18,"['48274', '48276', '48278', '48304']",INTRA_NODE_LOAD_IMBALANCE,0.5,True,0.991150442477876,0.0,0.0175438596491228,112,0,2,111
4,19,"['48273', '48291', '48293', '48283']",PIPELINE_STALL,0.05,True,0.2352941176470588,0.0,0.8666666666666667,8,0,52,159
4,19,"['48273', '48291', '48293', '48283']",COMPUTE_UNDERUTILIZATION,0.05,True,0.7359307359307359,0.0266666666666666,0.4097222222222222,85,2,59,73
4,19,"['48273', '48291', '48293', '48283']",PRECISION_WASTE,0.5,True,0.906148867313916,0.0196078431372549,0.1666666666666666,140,1,28,50
4,19,"['48273', '48291', '48293', '48283']",BRANCH_MISPREDICTION,0.5,True,0.3058823529411765,0.0754716981132075,0.7833333333333333,13,12,47,147
4,19,"['48273', '48291', '48293', '48283']",CACHE_PRESSURE,0.05,True,0.88,0.1176470588235294,0.0,66,18,0,135
4,19,"['48273', '48291', '48293', '48283']",INTRA_NODE_LOAD_IMBALANCE,0.05,True,0.6139240506329114,1.0,0.0,97,122,0,0
4,20,"['48269', '48293', '48304', '48283']",PIPELINE_STALL,0.5,True,0.064516129032258,0.0,0.9666666666666668,3,0,87,131
4,20,"['48269', '48293', '48304', '48283']",COMPUTE_UNDERUTILIZATION,0.05,True,0.7073170731707318,0.2051282051282051,0.3916083916083916,87,16,56,62
4,20,"['48269', '48293', '48304', '48283']",PRECISION_WASTE,0.05,True,0.8275862068965517,1.0,0.0,156,65,0,0
4,20,"['48269', '48293', '48304', '48283']",CACHE_PRESSURE,0.1833333333333333,True,0.8516129032258065,0.1483870967741935,0.0,66,23,0,132
4,20,"['48269', '48293', '48304', '48283']",INTRA_NODE_LOAD_IMBALANCE,0.5,True,0.1466666666666666,0.2545454545454545,0.9009009009009008,11,28,100,82
4,21,"['48270', '48289', '48307', '48283']",PIPELINE_STALL,0.2875,True,0.7848101265822784,0.2138364779874214,0.0,62,34,0,125
4,21,"['48270', '48289', '48307', '48283']",COMPUTE_UNDERUTILIZATION,0.075,True,0.6728971962616822,0.0595238095238095,0.4744525547445255,72,5,65,79
4,21,"['48270', '48289', '48307', '48283']",PRECISION_WASTE,0.5,True,0.9255663430420712,0.1666666666666666,0.0774193548387096,143,11,12,55
4,21,"['48270', '48289', '48307', '48283']",BRANCH_MISPREDICTION,0.5,True,0.7954545454545454,0.0,0.3396226415094339,35,0,18,168
4,21,"['48270', '48289', '48307', '48283']",CACHE_PRESSURE,0.275,True,0.8292682926829268,0.2573529411764705,0.0,85,35,0,101
4,21,"['48270', '48289', '48307', '48283']",INTRA_NODE_LOAD_IMBALANCE,0.05,True,0.5878594249201278,1.0,0.0,92,129,0,0
4,22,"['48267', '48276', '48300', '48304']",COMPUTE_UNDERUTILIZATION,0.5,True,0.878048780487805,0.3684210526315789,0.0,126,35,0,60
4,22,"['48267', '48276', '48300', '48304']",PRECISION_WASTE,0.5,True,0.775623268698061,1.0,0.0,140,81,0,0
4,22,"['48267', '48276', '48300', '48304']",BRANCH_MISPREDICTION,0.5,True,0.9896907216494846,0.0,0.0204081632653061,48,0,1,172
4,22,"['48267', '48276', '48300', '48304']",CACHE_PRESSURE,0.05,True,0.5102040816326531,0.4966442953020134,0.3055555555555556,50,74,22,75
4,22,"['48267', '48276', '48300', '48304']",INTRA_NODE_LOAD_IMBALANCE,0.5,True,0.6785714285714285,0.009009009009009,0.4818181818181818,57,1,53,110
4,23,"['48269', '48276', '48300', '48305']",COMPUTE_UNDERUTILIZATION,0.5,True,0.7539682539682541,0.1927710843373494,0.3262411347517731,95,16,46,67
4,23,"['48269', '48276', '48300', '48305']",PRECISION_WASTE,0.5,True,0.779291553133515,1.0,0.0,143,81,0,0
4,23,"['48269', '48276', '48300', '48305']",BRANCH_MISPREDICTION,0.05,True,0.9896907216494846,0.0,0.0204081632653061,48,0,1,175
4,23,"['48269', '48276', '48300', '48305']",CACHE_PRESSURE,0.5,True,0.4769230769230769,0.0157480314960629,0.6804123711340206,31,2,66,125
4,23,"['48269', '48276', '48300', '48305']",INTRA_NODE_LOAD_IMBALANCE,0.05,True,0.6746987951807228,0.0,0.4909090909090909,56,0,54,114
4,24,"['48307', '48290', '48300', '48305']",PIPELINE_STALL,0.5,True,0.8307692307692308,0.0196078431372549,0.2602739726027397,54,3,19,150
4,24,"['48307', '48290', '48300', '48305']",COMPUTE_UNDERUTILIZATION,0.5,True,0.8847352024922119,0.4404761904761904,0.0,142,37,0,47
4,24,"['48307', '48290', '48300', '48305']",PRECISION_WASTE,0.5,True,0.7816711590296496,1.0,0.0,145,81,0,0
4,24,"['48307', '48290', '48300', '48305']",BRANCH_MISPREDICTION,0.5,True,0.3873873873873874,0.7431693989071039,0.0,43,136,0,47
4,24,"['48307', '48290', '48300', '48305']",CACHE_PRESSURE,0.05,True,0.6390532544378699,0.2127659574468085,0.3647058823529411,54,30,31,111
4,24,"['48307', '48290', '48300', '48305']",INTRA_NODE_LOAD_IMBALANCE,0.5,True,0.6574394463667821,0.7241379310344828,0.1363636363636363,95,84,15,32
4,25,"['48270', '48274', '48308', '48284']",PIPELINE_STALL,0.05,True,0.6794871794871795,0.2012987012987013,0.2638888888888889,53,31,19,123
4,25,"['48270', '48274', '48308', '48284']",COMPUTE_UNDERUTILIZATION,0.5,True,0.9886792452830188,0.031578947368421,0.0,131,3,0,92
4,25,"['48270', '48274', '48308', '48284']",PRECISION_WASTE,0.5,True,0.9693251533742332,0.1470588235294117,0.0,158,10,0,58
4,25,"['48270', '48274', '48308', '48284']",BRANCH_MISPREDICTION,0.5,True,0.9908256880733944,0.005813953488372,0.0,54,1,0,171
4,25,"['48270', '48274', '48308', '48284']",INTRA_NODE_LOAD_IMBALANCE,0.5,True,0.5789473684210527,0.9193548387096774,0.1372549019607843,88,114,14,10
4,26,"['48269', '48276', '48278', '48305']",PIPELINE_STALL,0.5,True,0.0851063829787234,0.0,0.9555555555555556,4,0,86,137
4,26,"['48269', '48276', '48278', '48305']",COMPUTE_UNDERUTILIZATION,0.05,True,0.85,0.4691358024691358,0.0684931506849315,136,38,10,43
4,26,"['48269', '48276', '48278', '48305']",PRECISION_WASTE,0.5,True,0.935897435897436,0.1159420289855072,0.0759493670886076,146,8,12,61
4,26,"['48269', '48276', '48278', '48305']",BRANCH_MISPREDICTION,0.5,True,0.992248062015504,0.0,0.0153846153846153,64,0,1,162
4,26,"['48269', '48276', '48278', '48305']",CACHE_PRESSURE,0.5,True,0.7114093959731543,0.0,0.4479166666666667,53,0,43,131
4,26,"['48269', '48276', '48278', '48305']",INTRA_NODE_LOAD_IMBALANCE,0.5,True,0.8995633187772926,0.0,0.1825396825396825,103,0,23,101
4,27,"['48276', '48293', '48283', '48303']",PIPELINE_STALL,0.5,True,0.416,0.0955882352941176,0.6976744186046512,26,13,60,123
4,27,"['48276', '48293', '48283', '48303']",COMPUTE_UNDERUTILIZATION,0.05,True,0.7422096317280453,1.0,0.0,131,91,0,0
4,27,"['48276', '48293', '48283', '48303']",PRECISION_WASTE,0.05,True,0.906148867313916,0.0185185185185185,0.1666666666666666,140,1,28,53
4,27,"['48276', '48293', '48283', '48303']",BRANCH_MISPREDICTION,0.5,True,0.992248062015504,0.0,0.0153846153846153,64,0,1,157
4,27,"['48276', '48293', '48283', '48303']",CACHE_PRESSURE,0.4666666666666667,True,0.7835051546391751,0.2876712328767123,0.0,76,42,0,104
4,27,"['48276', '48293', '48283', '48303']",INTRA_NODE_LOAD_IMBALANCE,0.2625,True,1.0,0.0,0.0,90,0,0,132
4,28,"['48274', '48276', '48305', '48284']",PIPELINE_STALL,0.5,True,0.0919540229885057,0.0068965517241379,0.951219512195122,4,1,78,144
4,28,"['48274', '48276', '48305', '48284']",COMPUTE_UNDERUTILIZATION,0.5,True,0.7660818713450291,0.8333333333333334,0.0,131,80,0,16
4,28,"['48274', '48276', '48305', '48284']",PRECISION_WASTE,0.5,True,0.9695121951219512,0.1470588235294117,0.0,159,10,0,58
4,28,"['48274', '48276', '48305', '48284']",BRANCH_MISPREDICTION,0.5,True,0.99009900990099,0.0,0.0196078431372549,50,0,1,176
4,28,"['48274', '48276', '48305', '48284']",CACHE_PRESSURE,0.5,True,0.4769230769230769,0.0153846153846153,0.6804123711340206,31,2,66,128
4,28,"['48274', '48276', '48305', '48284']",INTRA_NODE_LOAD_IMBALANCE,0.05,True,0.6116207951070337,1.0,0.0,100,127,0,0
4,29,"['48270', '48289', '48293', '48304']",PIPELINE_STALL,0.275,True,0.6486486486486487,0.0,0.52,36,0,39,146
4,29,"['48270', '48289', '48293', '48304']",COMPUTE_UNDERUTILIZATION,0.05,True,0.990228013029316,0.0434782608695652,0.0,152,3,0,66
4,29,"['48270', '48289', '48293', '48304']",PRECISION_WASTE,0.5,True,0.775623268698061,1.0,0.0,140,81,0,0
4,29,"['48270', '48289', '48293', '48304']",BRANCH_MISPREDICTION,0.5,True,0.7964601769911505,0.0,0.3382352941176471,45,0,23,153
4,29,"['48270', '48289', '48293', '48304']",CACHE_PRESSURE,0.2333333333333333,True,0.4642857142857142,0.1509433962264151,0.5806451612903226,26,24,36,135
4,29,"['48270', '48289', '48293', '48304']",INTRA_NODE_LOAD_IMBALANCE,0.3,True,0.985781990521327,0.0,0.02803738317757,104,0,3,114
4,30,"['48290', '48293', '48300', '48284']",PIPELINE_STALL,0.5,True,0.3033175355450236,0.6879432624113475,0.6097560975609756,32,97,50,44
4,30,"['48290', '48293', '48300', '48284']",COMPUTE_UNDERUTILIZATION,0.5,True,0.7970479704797048,0.25,0.2447552447552447,108,20,35,60
4,30,"['48290', '48293', '48300', '48284']",PRECISION_WASTE,0.075,True,0.8444444444444444,0.7727272727272727,0.0318471337579617,152,51,5,15
4,30,"['48290', '48293', '48300', '48284']",BRANCH_MISPREDICTION,0.5,True,0.3604651162790698,0.5418994413407822,0.2954545454545454,31,97,13,82
4,30,"['48290', '48293', '48300', '48284']",CACHE_PRESSURE,0.05,True,0.26,0.0933333333333333,0.821917808219178,13,14,60,136
4,30,"['48290', '48293', '48300', '48284']",INTRA_NODE_LOAD_IMBALANCE,0.05,True,0.6018808777429467,1.0,0.0,96,127,0,0
4,31,"['48270', '48273', '48274', '48303']",PIPELINE_STALL,0.425,True,0.4090909090909091,0.6836158192090396,0.1666666666666666,45,121,9,56
4,31,"['48270', '48273', '48274', '48303']",COMPUTE_UNDERUTILIZATION,0.5,True,0.9854014598540148,0.031578947368421,0.0073529411764705,135,3,1,92
4,31,"['48270', '48273', '48274', '48303']",PRECISION_WASTE,0.5,True,0.5355648535564853,0.0175438596491228,0.632183908045977,64,1,110,56
4,31,"['48270', '48273', '48274', '48303']",BRANCH_MISPREDICTION,0.05,True,0.475,0.03954802259887,0.6481481481481481,19,7,35,170
4,31,"['48270', '48273', '48274', '48303']",CACHE_PRESSURE,0.5,True,,0.0,1.0,0,0,95,136
4,31,"['48270', '48273', '48274', '48303']",INTRA_NODE_LOAD_IMBALANCE,0.5,True,0.5871559633027523,1.0,0.0,96,135,0,0
4,32,"['48273', '48276', '48308', '48284']",PIPELINE_STALL,0.5,True,0.4859813084112149,0.0070921985815602,0.675,26,1,54,140
4,32,"['48273', '48276', '48308', '48284']",PRECISION_WASTE,0.5,True,0.9597701149425288,0.2592592592592592,0.0,167,14,0,40
4,32,"['48273', '48276', '48308', '48284']",BRANCH_MISPREDICTION,0.05,True,0.8604651162790697,0.0652173913043478,0.0,37,12,0,172
4,32,"['48273', '48276', '48308', '48284']",INTRA_NODE_LOAD_IMBALANCE,0.05,True,0.6144200626959248,1.0,0.0,98,123,0,0
4,33,"['48267', '48274', '48307', '48303']",PIPELINE_STALL,0.075,True,0.5436893203883496,0.5031055900621118,0.1884057971014492,56,81,13,80
4,33,"['48267', '48274', '48307', '48303']",COMPUTE_UNDERUTILIZATION,0.5,True,0.8940397350993378,0.3368421052631579,0.0,135,32,0,63
4,33,"['48267', '48274', '48307', '48303']",PRECISION_WASTE,0.5,True,0.8674698795180723,0.4084507042253521,0.0943396226415094,144,29,15,42
4,33,"['48267', '48274', '48307', '48303']",BRANCH_MISPREDICTION,0.5,True,0.4266666666666667,0.0,0.7288135593220338,16,0,43,171
4,33,"['48267', '48274', '48307', '48303']",CACHE_PRESSURE,0.5,True,0.6358974358974359,0.3445945945945945,0.2439024390243902,62,51,20,97
4,33,"['48267', '48274', '48307', '48303']",INTRA_NODE_LOAD_IMBALANCE,0.05,True,0.6390532544378699,1.0,0.0,108,122,0,0
4,34,"['48270', '48273', '48293', '48303']",PIPELINE_STALL,0.275,True,0.5217391304347826,0.6459627329192547,0.0909090909090909,60,104,6,57
4,34,"['48270', '48273', '48293', '48303']",COMPUTE_UNDERUTILIZATION,0.5,True,0.6210045662100456,0.0379746835443038,0.5405405405405406,68,3,80,76
4,34,"['48270', '48273', '48293', '48303']",PRECISION_WASTE,0.05,True,0.907936507936508,0.0178571428571428,0.1637426900584795,143,1,28,55
4,34,"['48270', '48273', '48293', '48303']",BRANCH_MISPREDICTION,0.5,True,0.4197530864197531,0.0578034682080924,0.6851851851851852,17,10,37,163
4,34,"['48270', '48273', '48293', '48303']",CACHE_PRESSURE,0.5,True,0.0714285714285714,0.0,0.9629629629629628,3,0,78,146
4,34,"['48270', '48273', '48293', '48303']",INTRA_NODE_LOAD_IMBALANCE,0.05,True,0.58125,1.0,0.0,93,134,0,0
4,35,"['48267', '48270', '48295', '48304']",PIPELINE_STALL,0.5,True,0.3448275862068966,0.5833333333333334,0.5833333333333334,35,84,49,60
4,35,"['48267', '48270', '48295', '48304']",COMPUTE_UNDERUTILIZATION,0.5,True,0.9831649831649832,0.0609756097560975,0.0,146,5,0,77
4,35,"['48267', '48270', '48295', '48304']",PRECISION_WASTE,0.5,True,0.8186528497409327,1.0,0.0,158,70,0,0
4,35,"['48267', '48270', '48295', '48304']",BRANCH_MISPREDICTION,0.5,True,0.9545454545454544,0.00625,0.0735294117647058,63,1,5,159
4,35,"['48267', '48270', '48295', '48304']",CACHE_PRESSURE,0.075,True,0.732919254658385,0.2455089820359281,0.0327868852459016,59,41,2,126
4,35,"['48267', '48270', '48295', '48304']",INTRA_NODE_LOAD_IMBALANCE,0.5,True,0.1764705882352941,0.27,0.8828125,15,27,113,73
4,36,"['48273', '48276', '48289', '48290']",PIPELINE_STALL,0.05,True,0.5989847715736041,0.4817073170731707,0.0,59,79,0,85
4,36,"['48273', '48276', '48289', '48290']",COMPUTE_UNDERUTILIZATION,0.1,True,0.736111111111111,0.5232558139534884,0.2262773722627737,106,45,31,41
4,36,"['48273', '48276', '48289', '48290']",PRECISION_WASTE,0.5,True,0.9627329192546584,0.1764705882352941,0.0,155,12,0,56
4,36,"['48273', '48276', '48289', '48290']",BRANCH_MISPREDICTION,0.5,True,0.99009900990099,0.0,0.0196078431372549,50,0,1,172
4,36,"['48273', '48276', '48289', '48290']",CACHE_PRESSURE,0.05,True,0.5739130434782609,0.0275862068965517,0.5769230769230769,33,4,45,141
4,36,"['48273', '48276', '48289', '48290']",INTRA_NODE_LOAD_IMBALANCE,0.075,True,0.5296442687747035,0.6837606837606838,0.3679245283018867,67,80,39,37
4,37,"['48274', '48307', '48293', '48303']",PIPELINE_STALL,0.275,True,0.2119205298013245,0.4177215189873418,0.7681159420289855,16,66,53,92
4,37,"['48274', '48307', '48293', '48303']",COMPUTE_UNDERUTILIZATION,0.5,True,0.7917888563049854,0.7717391304347826,0.0,135,71,0,21
4,37,"['48274', '48307', '48293', '48303']",PRECISION_WASTE,0.05,True,0.8177083333333334,1.0,0.0,157,70,0,0
4,37,"['48274', '48307', '48293', '48303']",BRANCH_MISPREDICTION,0.5,True,0.855072463768116,0.119047619047619,0.0,59,20,0,148
4,37,"['48274', '48307', '48293', '48303']",CACHE_PRESSURE,0.5,True,0.0714285714285714,0.0,0.9629629629629628,3,0,78,146
4,37,"['48274', '48307', '48293', '48303']",INTRA_NODE_LOAD_IMBALANCE,0.05,True,0.58125,1.0,0.0,93,134,0,0
4,38,"['48270', '48289', '48290', '48300']",PIPELINE_STALL,0.275,True,0.4491525423728813,0.7453416149068323,0.1587301587301587,53,120,10,41
4,38,"['48270', '48289', '48290', '48300']",COMPUTE_UNDERUTILIZATION,0.05,True,0.880466472303207,0.5616438356164384,0.0,151,41,0,32
4,38,"['48270', '48289', '48290', '48300']",PRECISION_WASTE,0.5,True,0.779291553133515,1.0,0.0,143,81,0,0
4,38,"['48270', '48289', '48290', '48300']",BRANCH_MISPREDICTION,0.5,True,0.9904761904761904,0.005813953488372,0.0,52,1,0,171
4,38,"['48270', '48289', '48290', '48300']",CACHE_PRESSURE,0.05,True,0.6145833333333334,0.3767123287671233,0.2435897435897435,59,55,19,91
4,38,"['48270', '48289', '48290', '48300']",INTRA_NODE_LOAD_IMBALANCE,0.1,True,0.7449392712550608,0.4152542372881356,0.1320754716981132,92,49,14,69
4,39,"['48267', '48276', '48307', '48295']",PIPELINE_STALL,0.5,True,0.7681159420289855,0.0,0.3764705882352941,53,0,32,140
4,39,"['48267', '48276', '48307', '48295']",COMPUTE_UNDERUTILIZATION,0.5,True,0.8754208754208754,0.3894736842105263,0.0,130,37,0,58
4,39,"['48267', '48276', '48307', '48295']",PRECISION_WASTE,0.5,True,0.9506172839506174,0.2142857142857142,0.0064516129032258,154,15,1,55
4,39,"['48267', '48276', '48307', '48295']",BRANCH_MISPREDICTION,0.5,True,0.98989898989899,0.0,0.02,49,0,1,175
4,39,"['48267', '48276', '48307', '48295']",CACHE_PRESSURE,0.5,True,0.631578947368421,0.54,0.04,72,81,3,69
4,39,"['48267', '48276', '48307', '48295']",INTRA_NODE_LOAD_IMBALANCE,0.5,True,0.6380368098159509,0.0,0.5315315315315315,52,0,59,114
4,40,"['48269', '48293', '48284', '48303']",PIPELINE_STALL,0.5,True,,0.0,1.0,0,0,90,137
4,40,"['48269', '48293', '48284', '48303']",COMPUTE_UNDERUTILIZATION,0.5,True,0.6210045662100456,0.0379746835443038,0.5405405405405406,68,3,80,76
4,40,"['48269', '48293', '48284', '48303']",PRECISION_WASTE,0.05,True,0.907936507936508,0.0178571428571428,0.1637426900584795,143,1,28,55
4,40,"['48269', '48293', '48284', '48303']",BRANCH_MISPREDICTION,0.5,True,0.2795698924731182,0.1197604790419161,0.7833333333333333,13,20,47,147
4,40,"['48269', '48293', '48284', '48303']",CACHE_PRESSURE,0.5,True,0.0714285714285714,0.0,0.9629629629629628,3,0,78,146
4,40,"['48269', '48293', '48284', '48303']",INTRA_NODE_LOAD_IMBALANCE,0.05,True,0.6366366366366366,1.0,0.0,106,121,0,0
4,41,"['48291', '48293', '48300', '48284']",PIPELINE_STALL,0.5,True,,0.0,1.0,0,0,78,141
4,41,"['48291', '48293', '48300', '48284']",COMPUTE_UNDERUTILIZATION,0.5,True,0.8313953488372093,0.7631578947368421,0.0,143,58,0,18
4,41,"['48291', '48293', '48300', '48284']",PRECISION_WASTE,0.1,True,0.8561643835616439,0.2121212121212121,0.1830065359477124,125,14,28,52
4,41,"['48291', '48293', '48300', '48284']",BRANCH_MISPREDICTION,0.5,True,0.3102040816326531,0.9314285714285714,0.1363636363636363,38,163,6,12
4,41,"['48291', '48293', '48300', '48284']",CACHE_PRESSURE,0.275,True,0.2985074626865671,0.2905405405405405,0.7183098591549296,20,43,51,105
4,41,"['48291', '48293', '48300', '48284']",INTRA_NODE_LOAD_IMBALANCE,0.05,True,0.6095238095238095,1.0,0.0,96,123,0,0
4,42,"['48273', '48276', '48278', '48304']",PIPELINE_STALL,0.5,True,0.4444444444444444,0.0068027210884353,0.7105263157894737,22,1,54,146
4,42,"['48273', '48276', '48278', '48304']",COMPUTE_UNDERUTILIZATION,0.5,True,0.6882352941176471,1.0,0.0,117,106,0,0
4,42,"['48273', '48276', '48278', '48304']",PRECISION_WASTE,0.5,True,0.9397590361445782,0.1454545454545454,0.0714285714285714,156,8,12,47
4,42,"['48273', '48276', '48278', '48304']",BRANCH_MISPREDICTION,0.5,True,0.99009900990099,0.0,0.0196078431372549,50,0,1,172
4,42,"['48273', '48276', '48278', '48304']",CACHE_PRESSURE,0.5,True,0.7761194029850746,0.2805755395683453,0.0714285714285714,78,39,6,100
4,42,"['48273', '48276', '48278', '48304']",INTRA_NODE_LOAD_IMBALANCE,0.5,True,0.9295774647887324,0.018018018018018,0.1160714285714285,99,2,13,109
4,43,"['48269', '48295', '48305', '48283']",PIPELINE_STALL,0.5,True,0.064516129032258,0.0,0.9666666666666668,3,0,87,138
4,43,"['48269', '48295', '48305', '48283']",COMPUTE_UNDERUTILIZATION,0.05,True,0.7404255319148937,0.024390243902439,0.4041095890410959,87,2,59,80
4,43,"['48269', '48295', '48305', '48283']",PRECISION_WASTE,0.5,True,0.5355648535564853,0.0185185185185185,0.632183908045977,64,1,110,53
4,43,"['48269', '48295', '48305', '48283']",CACHE_PRESSURE,0.2,True,0.8271604938271605,0.0952380952380952,0.1728395061728395,67,14,14,133
4,43,"['48269', '48295', '48305', '48283']",INTRA_NODE_LOAD_IMBALANCE,0.5,True,0.8750000000000001,0.1764705882352941,0.1111111111111111,112,18,14,84
4,44,"['48278', '48295', '48308', '48283']",PIPELINE_STALL,0.05,True,,0.0,1.0,0,0,86,138
4,44,"['48278', '48295', '48308', '48283']",COMPUTE_UNDERUTILIZATION,0.05,True,0.6938775510204082,1.0,0.0,119,105,0,0
4,44,"['48278', '48295', '48308', '48283']",PRECISION_WASTE,0.5,True,0.656934306569343,0.024390243902439,0.5081967213114754,90,1,93,40
4,44,"['48278', '48295', '48308', '48283']",CACHE_PRESSURE,0.05,True,0.6381322957198443,0.6549295774647887,0.0,82,93,0,49
4,44,"['48278', '48295', '48308', '48283']",INTRA_NODE_LOAD_IMBALANCE,0.5,True,0.0157480314960629,0.0,0.992063492063492,1,0,125,98
4,45,"['48274', '48289', '48300', '48308']",PIPELINE_STALL,0.5,True,0.5961538461538461,0.0,0.5753424657534246,31,0,42,148
4,45,"['48274', '48289', '48300', '48308']",COMPUTE_UNDERUTILIZATION,0.5,True,0.8065573770491804,0.6020408163265306,0.0,123,59,0,39
4,45,"['48274', '48289', '48300', '48308']",PRECISION_WASTE,0.5,True,0.775623268698061,1.0,0.0,140,81,0,0
4,45,"['48274', '48289', '48300', '48308']",BRANCH_MISPREDICTION,0.5,True,0.4109589041095891,0.0,0.7413793103448276,15,0,43,163
4,45,"['48274', '48289', '48300', '48308']",CACHE_PRESSURE,0.5,True,0.2782608695652174,0.0687022900763358,0.8222222222222222,16,9,74,122
4,45,"['48274', '48289', '48300', '48308']",INTRA_NODE_LOAD_IMBALANCE,0.1,True,0.694980694980695,0.543859649122807,0.1588785046728972,90,62,17,52
4,46,"['48276', '48291', '48283', '48303']",PIPELINE_STALL,0.275,True,0.7608695652173912,0.2894736842105263,0.0,70,44,0,108
4,46,"['48276', '48291', '48283', '48303']",COMPUTE_UNDERUTILIZATION,0.05,True,0.7422096317280453,1.0,0.0,131,91,0,0
4,46,"['48276', '48291', '48283', '48303']",PRECISION_WASTE,0.5,True,0.94375,0.0363636363636363,0.0958083832335329,151,2,16,53
4,46,"['48276', '48291', '48283', '48303']",BRANCH_MISPREDICTION,0.5,True,0.992248062015504,0.0,0.0153846153846153,64,0,1,157
4,46,"['48276', '48291', '48283', '48303']",CACHE_PRESSURE,0.2833333333333334,True,0.7136150234741784,0.4178082191780822,0.0,76,61,0,85
4,46,"['48276', '48291', '48283', '48303']",INTRA_NODE_LOAD_IMBALANCE,0.0666666666666666,True,0.1886792452830188,0.7435897435897436,0.8095238095238095,20,87,85,30
4,47,"['48269', '48273', '48290', '48291']",PIPELINE_STALL,0.5,True,0.4114832535885167,0.6551724137931034,0.173076923076923,43,114,9,60
4,47,"['48269', '48273', '48290', '48291']",COMPUTE_UNDERUTILIZATION,0.5,True,0.41,0.0,0.7421383647798742,41,0,118,67
4,47,"['48269', '48273', '48290', '48291']",PRECISION_WASTE,0.5,True,0.8513119533527698,0.5735294117647058,0.0759493670886076,146,39,12,29
4,47,"['48269', '48273', '48290', '48291']",BRANCH_MISPREDICTION,0.5,True,0.2574257425742575,0.1686746987951807,0.7833333333333333,13,28,47,138
4,47,"['48269', '48273', '48290', '48291']",CACHE_PRESSURE,0.05,True,0.3424657534246575,0.3137254901960784,0.6575342465753424,25,48,48,105
4,47,"['48269', '48273', '48290', '48291']",INTRA_NODE_LOAD_IMBALANCE,0.5,True,0.3095238095238095,0.1515151515151515,0.7952755905511811,26,15,101,84
4,48,"['48270', '48278', '48305', '48308']",PIPELINE_STALL,0.5,True,0.6991869918699186,0.0,0.4625,43,0,37,147
4,48,"['48270', '48278', '48305', '48308']",COMPUTE_UNDERUTILIZATION,0.05,True,0.7808764940239045,0.0864197530864197,0.3287671232876712,98,7,48,74
4,48,"['48270', '48278', '48305', '48308']",PRECISION_WASTE,0.5,True,0.935897435897436,0.1159420289855072,0.0759493670886076,146,8,12,61
4,48,"['48270', '48278', '48305', '48308']",BRANCH_MISPREDICTION,0.5,True,0.5660377358490566,0.050314465408805,0.5588235294117647,30,8,38,151
4,48,"['48270', '48278', '48305', '48308']",CACHE_PRESSURE,0.275,True,0.7114093959731543,0.0,0.4479166666666667,53,0,43,131
4,48,"['48270', '48278', '48305', '48308']",INTRA_NODE_LOAD_IMBALANCE,0.5,True,0.905982905982906,0.0,0.171875,106,0,22,99
4,49,"['48269', '48273', '48278', '48308']",PIPELINE_STALL,0.05,True,0.4444444444444444,0.0067114093959731,0.7105263157894737,22,1,54,148
4,49,"['48269', '48273', '48278', '48308']",COMPUTE_UNDERUTILIZATION,0.05,True,0.7394957983193278,1.0,0.0,132,93,0,0
4,49,"['48269', '48273', '48278', '48308']",PRECISION_WASTE,0.5,True,0.9404761904761904,0.1454545454545454,0.0705882352941176,158,8,12,47
4,49,"['48269', '48273', '48278', '48308']",BRANCH_MISPREDICTION,0.5,True,0.2574257425742575,0.1696969696969697,0.7833333333333333,13,28,47,137
4,49,"['48269', '48273', '48278', '48308']",CACHE_PRESSURE,0.5,True,0.2,0.0078740157480314,0.8877551020408163,11,1,87,126
4,49,"['48269', '48273', '48278', '48308']",INTRA_NODE_LOAD_IMBALANCE,0.5,True,0.3095238095238095,0.1530612244897959,0.7952755905511811,26,15,101,83
6,0,"['48269', '48274', '48276', '48300', '48305', '48308']",PIPELINE_STALL,0.5,True,0.0919540229885057,0.0087719298245614,0.951219512195122,4,1,78,113
6,0,"['48269', '48274', '48276', '48300', '48305', '48308']",COMPUTE_UNDERUTILIZATION,0.05,True,0.7985865724381626,0.6867469879518072,0.0,113,57,0,26
6,0,"['48269', '48274', '48276', '48300', '48305', '48308']",PRECISION_WASTE,0.5,True,0.7395498392282959,1.0,0.0,115,81,0,0
6,0,"['48269', '48274', '48276', '48300', '48305', '48308']",BRANCH_MISPREDICTION,0.05,True,0.9896907216494846,0.0,0.0204081632653061,48,0,1,147
6,0,"['48269', '48274', '48276', '48300', '48305', '48308']",CACHE_PRESSURE,0.5,True,0.4227642276422764,0.0,0.7319587628865979,26,0,71,99
6,0,"['48269', '48274', '48276', '48300', '48305', '48308']",INTRA_NODE_LOAD_IMBALANCE,0.05,True,0.7354838709677418,0.0,0.4183673469387755,57,0,41,98
6,1,"['48278', '48290', '48305', '48308', '48284', '48303']",PIPELINE_STALL,0.5,True,0.6607142857142857,0.0077519379844961,0.5,37,1,37,128
6,1,"['48278', '48290', '48305', '48308', '48284', '48303']",COMPUTE_UNDERUTILIZATION,0.05,True,0.8120805369127517,0.6829268292682927,0.0,121,56,0,26
6,1,"['48278', '48290', '48305', '48308', '48284', '48303']",PRECISION_WASTE,0.5,True,0.6666666666666667,0.0227272727272727,0.4968553459119497,80,1,79,43
6,1,"['48278', '48290', '48305', '48308', '48284', '48303']",BRANCH_MISPREDICTION,0.5,True,0.5154639175257731,0.0839160839160839,0.5833333333333334,25,12,35,131
6,1,"['48278', '48290', '48305', '48308', '48284', '48303']",CACHE_PRESSURE,0.05,True,0.8591549295774648,0.008130081300813,0.2375,61,1,19,122
6,1,"['48278', '48290', '48305', '48308', '48284', '48303']",INTRA_NODE_LOAD_IMBALANCE,0.5,True,0.8582995951417005,0.2439024390243902,0.1239669421487603,106,20,15,62
6,2,"['48276', '48290', '48291', '48293', '48284', '48303']",PIPELINE_STALL,0.05,True,0.1538461538461538,0.7014925373134329,0.7903225806451613,13,94,49,40
6,2,"['48276', '48290', '48291', '48293', '48284', '48303']",COMPUTE_UNDERUTILIZATION,0.5,True,0.8655737704918033,0.640625,0.0,132,41,0,23
6,2,"['48276', '48290', '48291', '48293', '48284', '48303']",PRECISION_WASTE,0.1,True,0.8853754940711462,0.0178571428571428,0.2,112,1,28,55
6,2,"['48276', '48290', '48291', '48293', '48284', '48303']",BRANCH_MISPREDICTION,0.5,True,0.99009900990099,0.0,0.0196078431372549,50,0,1,145
6,2,"['48276', '48290', '48291', '48293', '48284', '48303']",CACHE_PRESSURE,0.0666666666666666,True,0.5,0.3546099290780142,0.3636363636363636,35,50,20,91
6,2,"['48276', '48290', '48291', '48293', '48284', '48303']",INTRA_NODE_LOAD_IMBALANCE,0.05,True,0.9832402234636872,0.0,0.0329670329670329,88,0,3,105
6,3,"['48269', '48276', '48278', '48289', '48291', '48308']",PIPELINE_STALL,0.5,True,0.8333333333333334,0.1507936507936507,0.0769230769230769,60,19,5,107
6,3,"['48269', '48276', '48278', '48289', '48291', '48308']",COMPUTE_UNDERUTILIZATION,0.1833333333333333,True,0.8701754385964912,0.5522388059701493,0.0,124,37,0,30
6,3,"['48269', '48276', '48278', '48289', '48291', '48308']",PRECISION_WASTE,0.5,True,0.9166666666666666,0.1159420289855072,0.0983606557377049,110,8,12,61
6,3,"['48269', '48276', '48278', '48289', '48291', '48308']",BRANCH_MISPREDICTION,0.5,True,0.992248062015504,0.0,0.0153846153846153,64,0,1,126
6,3,"['48269', '48276', '48278', '48289', '48291', '48308']",CACHE_PRESSURE,0.1999999999999999,True,0.6956521739130436,0.0,0.4666666666666667,40,0,35,116
6,3,"['48269', '48276', '48278', '48289', '48291', '48308']",INTRA_NODE_LOAD_IMBALANCE,0.275,True,0.9285714285714286,0.0,0.1333333333333333,104,0,16,71
6,4,"['48290', '48291', '48293', '48295', '48305', '48284']",PIPELINE_STALL,0.5,True,0.5168539325842696,0.0,0.6515151515151515,23,0,43,133
6,4,"['48290', '48291', '48293', '48295', '48305', '48284']",COMPUTE_UNDERUTILIZATION,0.5,True,0.4126984126984127,0.0576923076923076,0.7346938775510204,39,3,108,49
6,4,"['48290', '48291', '48293', '48295', '48305', '48284']",PRECISION_WASTE,0.1,True,0.888888888888889,0.0181818181818181,0.1944444444444444,116,1,28,54
6,4,"['48290', '48291', '48293', '48295', '48305', '48284']",BRANCH_MISPREDICTION,0.5,True,0.2549019607843137,0.2086330935251798,0.7833333333333333,13,29,47,110
6,4,"['48290', '48291', '48293', '48295', '48305', '48284']",CACHE_PRESSURE,0.24,True,0.9111111111111112,0.0196078431372549,0.108695652173913,41,3,5,150
6,4,"['48290', '48291', '48293', '48295', '48305', '48284']",INTRA_NODE_LOAD_IMBALANCE,0.5,True,0.9019607843137256,0.0,0.1785714285714285,92,0,20,87
6,5,"['48273', '48276', '48289', '48307', '48304', '48283']",PIPELINE_STALL,0.1999999999999999,True,0.8666666666666666,0.0763358778625954,0.1034482758620689,52,10,6,121
6,5,"['48273', '48276', '48289', '48307', '48304', '48283']",COMPUTE_UNDERUTILIZATION,0.05,True,0.6548042704626335,1.0,0.0,92,97,0,0
6,5,"['48273', '48276', '48289', '48307', '48304', '48283']",PRECISION_WASTE,0.5,True,0.9157509157509156,0.2115384615384615,0.0875912408759124,125,11,12,41
6,5,"['48273', '48276', '48289', '48307', '48304', '48283']",BRANCH_MISPREDICTION,0.275,True,0.9859154929577464,0.0,0.0277777777777777,35,0,1,153
6,5,"['48273', '48276', '48289', '48307', '48304', '48283']",CACHE_PRESSURE,0.4333333333333333,True,0.8641975308641977,0.1779661016949152,0.0140845070422535,70,21,1,97
6,5,"['48273', '48276', '48289', '48307', '48304', '48283']",INTRA_NODE_LOAD_IMBALANCE,0.0833333333333333,True,1.0,0.0,0.0,76,0,0,113
6,6,"['48307', '48295', '48300', '48304', '48305', '48308']",PIPELINE_STALL,0.5,True,0.7681159420289855,0.0,0.3764705882352941,53,0,32,110
6,6,"['48307', '48295', '48300', '48304', '48305', '48308']",COMPUTE_UNDERUTILIZATION,0.5,True,0.7795275590551181,0.5833333333333334,0.0,99,56,0,40
6,6,"['48307', '48295', '48300', '48304', '48305', '48308']",PRECISION_WASTE,0.05,True,0.7850467289719627,1.0,0.0,126,69,0,0
6,6,"['48307', '48295', '48300', '48304', '48305', '48308']",BRANCH_MISPREDICTION,0.05,True,,0.0,1.0,0,0,43,152
6,6,"['48307', '48295', '48300', '48304', '48305', '48308']",CACHE_PRESSURE,0.05,True,0.8320000000000001,0.008130081300813,0.2777777777777778,52,1,20,122
6,6,"['48307', '48295', '48300', '48304', '48305', '48308']",INTRA_NODE_LOAD_IMBALANCE,0.05,True,,0.0,1.0,0,0,110,85
6,7,"['48270', '48291', '48293', '48304', '48283', '48284']",PIPELINE_STALL,0.5,True,0.5934065934065934,0.0,0.578125,27,0,37,127
6,7,"['48270', '48291', '48293', '48304', '48283', '48284']",COMPUTE_UNDERUTILIZATION,0.275,True,0.9699248120300752,0.1290322580645161,0.0,129,8,0,54
6,7,"['48270', '48291', '48293', '48304', '48283', '48284']",PRECISION_WASTE,0.075,True,0.8853754940711462,0.0196078431372549,0.2,112,1,28,50
6,7,"['48270', '48291', '48293', '48304', '48283', '48284']",BRANCH_MISPREDICTION,0.5,True,0.9908256880733944,0.0072992700729927,0.0,54,1,0,136
6,7,"['48270', '48291', '48293', '48304', '48283', '48284']",CACHE_PRESSURE,0.4,True,0.65,0.4028776978417266,0.0,52,56,0,83
6,7,"['48270', '48291', '48293', '48304', '48283', '48284']",INTRA_NODE_LOAD_IMBALANCE,0.05,True,1.0,0.0,0.0,84,0,0,107
6,8,"['48270', '48276', '48289', '48290', '48291', '48295']",PIPELINE_STALL,0.1,True,0.5742574257425743,0.1677852348993288,0.3829787234042553,29,25,18,124
6,8,"['48270', '48276', '48289', '48290', '48291', '48295']",COMPUTE_UNDERUTILIZATION,0.05,True,0.871473354231975,0.7192982456140351,0.0,139,41,0,16
6,8,"['48270', '48276', '48289', '48290', '48291', '48295']",PRECISION_WASTE,0.5,True,0.782608695652174,1.0,0.0,126,70,0,0
6,8,"['48270', '48276', '48289', '48290', '48291', '48295']",BRANCH_MISPREDICTION,0.05,True,0.897196261682243,0.0,0.1864406779661017,48,0,11,137
6,8,"['48270', '48276', '48289', '48290', '48291', '48295']",CACHE_PRESSURE,0.05,True,0.4817518248175182,0.3566433566433566,0.3773584905660377,33,51,20,92
6,8,"['48270', '48276', '48289', '48290', '48291', '48295']",INTRA_NODE_LOAD_IMBALANCE,0.35,True,0.9458128078817734,0.0,0.102803738317757,96,0,11,89
6,9,"['48269', '48273', '48274', '48291', '48308', '48283']",PIPELINE_STALL,0.05,True,0.7961165048543689,0.0958904109589041,0.1458333333333333,41,14,7,132
6,9,"['48269', '48273', '48274', '48291', '48308', '48283']",COMPUTE_UNDERUTILIZATION,0.1,True,0.7741935483870969,0.2179487179487179,0.2758620689655172,84,17,32,61
6,9,"['48269', '48273', '48274', '48291', '48308', '48283']",PRECISION_WASTE,0.1,True,0.9594594594594594,0.2307692307692307,0.0,142,12,0,40
6,9,"['48269', '48273', '48274', '48291', '48308', '48283']",BRANCH_MISPREDICTION,0.5,True,0.2921348314606742,0.1194029850746268,0.7833333333333333,13,16,47,118
6,9,"['48269', '48273', '48274', '48291', '48308', '48283']",CACHE_PRESSURE,0.5,True,0.898876404494382,0.1578947368421052,0.0,80,18,0,96
6,9,"['48269', '48273', '48274', '48291', '48308', '48283']",INTRA_NODE_LOAD_IMBALANCE,0.05,True,1.0,0.0,0.0,100,0,0,94
6,10,"['48267', '48276', '48289', '48293', '48305', '48308']",PIPELINE_STALL,0.5,True,0.0888888888888888,0.0093457943925233,0.9529411764705882,4,1,81,106
6,10,"['48267', '48276', '48289', '48293', '48305', '48308']",COMPUTE_UNDERUTILIZATION,0.275,True,0.8940397350993378,0.5614035087719298,0.0,135,32,0,25
6,10,"['48267', '48276', '48289', '48293', '48305', '48308']",PRECISION_WASTE,0.5,True,0.7326732673267327,1.0,0.0,111,81,0,0
6,10,"['48267', '48276', '48289', '48293', '48305', '48308']",BRANCH_MISPREDICTION,0.5,True,0.992248062015504,0.0,0.0153846153846153,64,0,1,127
6,10,"['48267', '48276', '48289', '48293', '48305', '48308']",CACHE_PRESSURE,0.05,True,0.8412698412698412,0.0916030534351145,0.1311475409836065,53,12,8,119
6,10,"['48267', '48276', '48289', '48293', '48305', '48308']",INTRA_NODE_LOAD_IMBALANCE,0.2,True,0.9285714285714286,0.0,0.1333333333333333,91,0,14,87
6,11,"['48274', '48290', '48293', '48295', '48308', '48283']",PIPELINE_STALL,0.5,True,0.8676470588235294,0.0839694656488549,0.106060606060606,59,11,7,120
6,11,"['48274', '48290', '48293', '48295', '48308', '48283']",COMPUTE_UNDERUTILIZATION,0.05,True,0.74,0.1012658227848101,0.3728813559322034,74,8,44,71
6,11,"['48274', '48290', '48293', '48295', '48308', '48283']",PRECISION_WASTE,0.075,True,0.7478260869565216,0.0,0.4027777777777778,86,0,58,53
6,11,"['48274', '48290', '48293', '48295', '48308', '48283']",CACHE_PRESSURE,0.05,True,0.7666666666666667,0.1214285714285714,0.1929824561403508,46,17,11,123
6,11,"['48274', '48290', '48293', '48295', '48308', '48283']",INTRA_NODE_LOAD_IMBALANCE,0.275,True,1.0,0.0,0.0,99,0,0,98
6,12,"['48274', '48278', '48293', '48295', '48300', '48305']",PIPELINE_STALL,0.275,True,0.840764331210191,0.1065573770491803,0.1538461538461538,66,13,12,109
6,12,"['48274', '48278', '48293', '48295', '48300', '48305']",COMPUTE_UNDERUTILIZATION,0.075,True,0.7577639751552795,1.0,0.0,122,78,0,0
6,12,"['48274', '48278', '48293', '48295', '48300', '48305']",PRECISION_WASTE,0.525,True,0.888888888888889,0.6363636363636364,0.0068965517241379,144,35,1,20
6,12,"['48274', '48278', '48293', '48295', '48300', '48305']",BRANCH_MISPREDICTION,0.5,True,0.7341772151898733,0.2957746478873239,0.0,58,42,0,100
6,12,"['48274', '48278', '48293', '48295', '48300', '48305']",CACHE_PRESSURE,0.275,True,0.8387096774193548,0.0077519379844961,0.2676056338028169,52,1,19,128
6,12,"['48274', '48278', '48293', '48295', '48300', '48305']",INTRA_NODE_LOAD_IMBALANCE,0.05,True,0.9247311827956988,0.0196078431372549,0.1224489795918367,86,2,12,100
6,13,"['48267', '48273', '48276', '48278', '48300', '48303']",PIPELINE_STALL,0.5,True,0.297029702970297,0.1111111111111111,0.7916666666666666,15,14,57,112
6,13,"['48267', '48273', '48276', '48278', '48300', '48303']",COMPUTE_UNDERUTILIZATION,0.05,True,0.693069306930693,1.0,0.0,105,93,0,0
6,13,"['48267', '48273', '48276', '48278', '48300', '48303']",PRECISION_WASTE,0.05,True,0.8975265017667845,0.0232558139534883,0.1806451612903225,127,1,28,42
6,13,"['48267', '48273', '48276', '48278', '48300', '48303']",BRANCH_MISPREDICTION,0.5,True,0.9855072463768116,0.0,0.0285714285714285,34,0,1,163
6,13,"['48267', '48273', '48276', '48278', '48300', '48303']",CACHE_PRESSURE,0.275,True,0.6101694915254238,0.0085470085470085,0.5555555555555556,36,1,45,116
6,13,"['48267', '48273', '48276', '48278', '48300', '48303']",INTRA_NODE_LOAD_IMBALANCE,0.1,True,0.9112426035502956,0.0185185185185185,0.1444444444444444,77,2,13,106
6,14,"['48267', '48270', '48273', '48274', '48289', '48307']",PIPELINE_STALL,0.3166666666666667,True,0.823529411764706,0.0632911392405063,0.125,35,10,5,148
6,14,"['48267', '48270', '48273', '48274', '48289', '48307']",COMPUTE_UNDERUTILIZATION,0.05,True,0.988235294117647,0.0416666666666666,0.0,126,3,0,69
6,14,"['48267', '48270', '48273', '48274', '48289', '48307']",PRECISION_WASTE,0.5,True,0.9558823529411764,0.1764705882352941,0.0,130,12,0,56
6,14,"['48267', '48270', '48273', '48274', '48289', '48307']",BRANCH_MISPREDICTION,0.05,True,0.9873417721518988,0.0062893081761006,0.0,39,1,0,158
6,14,"['48267', '48270', '48273', '48274', '48289', '48307']",CACHE_PRESSURE,0.275,True,0.4285714285714286,0.1818181818181818,0.6493506493506493,27,22,50,99
6,14,"['48267', '48270', '48273', '48274', '48289', '48307']",INTRA_NODE_LOAD_IMBALANCE,0.075,True,0.5840707964601769,0.6752136752136753,0.1851851851851851,66,79,15,38
6,15,"['48267', '48273', '48293', '48305', '48284', '48303']",PIPELINE_STALL,0.5,True,0.7814569536423841,0.128,0.2236842105263158,59,16,17,109
6,15,"['48267', '48273', '48293', '48305', '48284', '48303']",COMPUTE_UNDERUTILIZATION,0.05,True,0.5654450261780105,0.044776119402985,0.5970149253731343,54,3,80,64
6,15,"['48267', '48273', '48293', '48305', '48284', '48303']",PRECISION_WASTE,0.275,True,0.9003436426116839,0.0238095238095238,0.1761006289308176,131,1,28,41
6,15,"['48267', '48273', '48293', '48305', '48284', '48303']",BRANCH_MISPREDICTION,0.5,True,,0.2580645161290322,1.0,0,40,46,115
6,15,"['48267', '48273', '48293', '48305', '48284', '48303']",CACHE_PRESSURE,0.2,True,0.8141592920353982,0.0074074074074074,0.303030303030303,46,1,20,134
6,15,"['48267', '48273', '48293', '48305', '48284', '48303']",INTRA_NODE_LOAD_IMBALANCE,0.075,True,0.989010989010989,0.0,0.0217391304347826,90,0,2,109
6,16,"['48267', '48278', '48290', '48291', '48293', '48283']",PIPELINE_STALL,0.075,True,0.7818181818181817,0.0656934306569343,0.2586206896551724,43,9,15,128
6,16,"['48267', '48278', '48290', '48291', '48293', '48283']",COMPUTE_UNDERUTILIZATION,0.05,True,0.7489361702127659,0.0,0.4013605442176871,88,0,59,48
6,16,"['48267', '48278', '48290', '48291', '48293', '48283']",PRECISION_WASTE,0.075,True,0.888030888030888,0.0192307692307692,0.1958041958041958,115,1,28,51
6,16,"['48267', '48278', '48290', '48291', '48293', '48283']",CACHE_PRESSURE,0.0625,True,0.5263157894736842,0.4645161290322581,0.0,40,72,0,83
6,16,"['48267', '48278', '48290', '48291', '48293', '48283']",INTRA_NODE_LOAD_IMBALANCE,0.5,True,1.0,0.0,0.0,111,0,0,84
6,17,"['48267', '48289', '48307', '48300', '48283', '48303']",PIPELINE_STALL,0.4375,True,0.8344370860927153,0.1587301587301587,0.0735294117647058,63,20,5,106
6,17,"['48267', '48289', '48307', '48300', '48283', '48303']",COMPUTE_UNDERUTILIZATION,0.2833333333333334,True,0.9523809523809524,0.1309523809523809,0.0,110,11,0,73
6,17,"['48267', '48289', '48307', '48300', '48283', '48303']",PRECISION_WASTE,0.1,True,0.888888888888889,0.0,0.2,112,0,28,54
6,17,"['48267', '48289', '48307', '48300', '48283', '48303']",BRANCH_MISPREDICTION,0.5,True,,0.0066225165562913,1.0,0,1,43,150
6,17,"['48267', '48289', '48307', '48300', '48283', '48303']",CACHE_PRESSURE,0.3666666666666667,True,0.8343558282208589,0.2142857142857142,0.0,68,27,0,99
6,17,"['48267', '48289', '48307', '48300', '48283', '48303']",INTRA_NODE_LOAD_IMBALANCE,0.1,True,1.0,0.0,0.0,83,0,0,111
6,18,"['48273', '48274', '48293', '48304', '48283', '48284']",PIPELINE_STALL,0.5,True,0.8062015503875969,0.1,0.1875,52,13,12,117
6,18,"['48273', '48274', '48293', '48304', '48283', '48284']",COMPUTE_UNDERUTILIZATION,0.05,True,0.6936026936026937,1.0,0.0,103,91,0,0
6,18,"['48273', '48274', '48293', '48304', '48283', '48284']",PRECISION_WASTE,0.05,True,0.8150943396226416,0.0,0.3121019108280254,108,0,49,37
6,18,"['48273', '48274', '48293', '48304', '48283', '48284']",BRANCH_MISPREDICTION,0.5,True,0.7796610169491525,0.1756756756756756,0.0,46,26,0,122
6,18,"['48273', '48274', '48293', '48304', '48283', '48284']",CACHE_PRESSURE,0.4666666666666667,True,0.7630057803468209,0.3203125,0.0,66,41,0,87
6,18,"['48273', '48274', '48293', '48304', '48283', '48284']",INTRA_NODE_LOAD_IMBALANCE,0.05,True,0.5358490566037736,1.0,0.0,71,123,0,0
6,19,"['48267', '48270', '48276', '48289', '48307', '48303']",PIPELINE_STALL,0.4000000000000001,True,0.9516129032258064,0.0222222222222222,0.0483870967741935,59,3,3,132
6,19,"['48267', '48270', '48276', '48289', '48307', '48303']",COMPUTE_UNDERUTILIZATION,0.075,True,0.9881422924901184,0.0416666666666666,0.0,125,3,0,69
6,19,"['48267', '48270', '48276', '48289', '48307', '48303']",PRECISION_WASTE,0.5,True,0.9243697478991596,0.028169014084507,0.1269841269841269,110,2,16,69
6,19,"['48267', '48270', '48276', '48289', '48307', '48303']",BRANCH_MISPREDICTION,0.05,True,1.0,0.0,0.0,44,0,0,153
6,19,"['48267', '48270', '48276', '48289', '48307', '48303']",CACHE_PRESSURE,0.275,True,0.5966850828729282,0.4354838709677419,0.2602739726027397,54,54,19,70
6,19,"['48267', '48270', '48276', '48289', '48307', '48303']",INTRA_NODE_LOAD_IMBALANCE,0.0833333333333333,True,0.9382716049382716,0.0,0.1162790697674418,76,0,10,111
6,20,"['48270', '48289', '48307', '48295', '48304', '48303']",PIPELINE_STALL,0.2333333333333333,True,0.5977011494252874,0.437956204379562,0.1612903225806451,52,60,10,77
6,20,"['48270', '48289', '48307', '48295', '48304', '48303']",COMPUTE_UNDERUTILIZATION,0.225,True,0.9870129870129868,0.0352941176470588,0.0,114,3,0,82
6,20,"['48270', '48289', '48307', '48295', '48304', '48303']",PRECISION_WASTE,0.25,True,0.8920863309352518,0.2372881355932203,0.1142857142857142,124,14,16,45
6,20,"['48270', '48289', '48307', '48295', '48304', '48303']",BRANCH_MISPREDICTION,0.5,True,0.9904761904761904,0.0,0.0188679245283018,52,0,1,146
6,20,"['48270', '48289', '48307', '48295', '48304', '48303']",CACHE_PRESSURE,0.05,True,0.5594405594405595,0.3043478260869565,0.3442622950819672,40,42,21,96
6,20,"['48270', '48289', '48307', '48295', '48304', '48303']",INTRA_NODE_LOAD_IMBALANCE,0.05,True,0.9479166666666669,0.0,0.099009900990099,91,0,10,98
6,21,"['48270', '48278', '48293', '48304', '48305', '48284']",PIPELINE_STALL,0.5,True,0.6991869918699186,0.0,0.4625,43,0,37,118
6,21,"['48270', '48278', '48293', '48304', '48305', '48284']",COMPUTE_UNDERUTILIZATION,0.05,True,0.8986486486486486,0.4615384615384615,0.0,133,30,0,35
6,21,"['48270', '48278', '48293', '48304', '48305', '48284']",PRECISION_WASTE,0.075,True,0.888888888888889,0.0185185185185185,0.1944444444444444,116,1,28,53
6,21,"['48270', '48278', '48293', '48304', '48305', '48284']",BRANCH_MISPREDICTION,0.5,True,0.9908256880733944,0.0069444444444444,0.0,54,1,0,143
6,21,"['48270', '48278', '48293', '48304', '48305', '48284']",CACHE_PRESSURE,0.1625,True,0.8305084745762712,0.0076923076923076,0.2794117647058823,49,1,19,129
6,21,"['48270', '48278', '48293', '48304', '48305', '48284']",INTRA_NODE_LOAD_IMBALANCE,0.5,True,0.9846153846153848,0.0,0.0303030303030303,96,0,3,99
6,22,"['48273', '48293', '48300', '48305', '48283', '48284']",PIPELINE_STALL,0.275,True,0.4799999999999999,0.0,0.6842105263157895,24,0,52,117
6,22,"['48273', '48293', '48300', '48305', '48283', '48284']",COMPUTE_UNDERUTILIZATION,0.05,True,0.7100000000000001,0.189873417721519,0.3771929824561403,71,15,43,64
6,22,"['48273', '48293', '48300', '48305', '48283', '48284']",PRECISION_WASTE,0.275,True,0.902097902097902,0.0,0.1783439490445859,129,0,28,36
6,22,"['48273', '48293', '48300', '48305', '48283', '48284']",BRANCH_MISPREDICTION,0.5,True,0.6976744186046512,0.1595092024539877,0.0,30,26,0,137
6,22,"['48273', '48293', '48300', '48305', '48283', '48284']",CACHE_PRESSURE,0.0666666666666666,True,0.8311688311688312,0.1043478260869565,0.1794871794871795,64,12,14,103
6,22,"['48273', '48293', '48300', '48305', '48283', '48284']",INTRA_NODE_LOAD_IMBALANCE,0.05,True,0.5153846153846154,1.0,0.0,67,126,0,0
6,23,"['48276', '48289', '48290', '48293', '48295', '48284']",PIPELINE_STALL,0.5,True,0.5686274509803921,0.0,0.6027397260273972,29,0,44,122
6,23,"['48276', '48289', '48290', '48293', '48295', '48284']",COMPUTE_UNDERUTILIZATION,0.05,True,0.8445945945945946,0.6571428571428571,0.0,125,46,0,24
6,23,"['48276', '48289', '48290', '48293', '48295', '48284']",PRECISION_WASTE,0.125,True,0.8853754940711462,0.0181818181818181,0.2,112,1,28,54
6,23,"['48276', '48289', '48290', '48293', '48295', '48284']",BRANCH_MISPREDICTION,0.5,True,0.99009900990099,0.0,0.0196078431372549,50,0,1,144
6,23,"['48276', '48289', '48290', '48293', '48295', '48284']",CACHE_PRESSURE,0.2,True,0.2,0.0704225352112676,0.8679245283018868,7,10,46,132
6,23,"['48276', '48289', '48290', '48293', '48295', '48284']",INTRA_NODE_LOAD_IMBALANCE,0.2,True,0.9832402234636872,0.0,0.0329670329670329,88,0,3,104
6,24,"['48269', '48274', '48278', '48308', '48284', '48303']",PIPELINE_STALL,0.5,True,0.5050505050505051,0.0,0.6621621621621622,25,0,49,128
6,24,"['48269', '48274', '48278', '48308', '48284', '48303']",COMPUTE_UNDERUTILIZATION,0.05,True,0.7266666666666666,0.8817204301075269,0.0,109,82,0,11
6,24,"['48269', '48274', '48278', '48308', '48284', '48303']",PRECISION_WASTE,0.05,True,0.8089887640449439,0.0227272727272727,0.3164556962025316,108,1,50,43
6,24,"['48269', '48274', '48278', '48308', '48284', '48303']",BRANCH_MISPREDICTION,0.5,True,0.8571428571428571,0.1408450704225352,0.0,60,20,0,122
6,24,"['48269', '48274', '48278', '48308', '48284', '48303']",CACHE_PRESSURE,0.5,True,0.8823529411764706,0.0092592592592592,0.202127659574468,75,1,19,107
6,24,"['48269', '48274', '48278', '48308', '48284', '48303']",INTRA_NODE_LOAD_IMBALANCE,0.5,True,0.8506787330316743,0.1935483870967742,0.1376146788990825,94,18,15,75
6,25,"['48278', '48307', '48290', '48291', '48293', '48308']",PIPELINE_STALL,0.4000000000000001,True,0.6666666666666666,0.0214285714285714,0.4716981132075472,28,3,25,137
6,25,"['48278', '48307', '48290', '48291', '48293', '48308']",COMPUTE_UNDERUTILIZATION,0.5,True,0.6169154228855721,0.1290322580645161,0.5267175572519084,62,8,69,54
6,25,"['48278', '48307', '48290', '48291', '48293', '48308']",PRECISION_WASTE,0.05,True,0.7861635220125786,1.0,0.0,125,68,0,0
6,25,"['48278', '48307', '48290', '48291', '48293', '48308']",BRANCH_MISPREDICTION,0.5,True,0.686046511627907,0.4029850746268656,0.0,59,54,0,80
6,25,"['48278', '48307', '48290', '48291', '48293', '48308']",CACHE_PRESSURE,0.1999999999999999,True,0.7066666666666667,0.2888888888888888,0.0862068965517241,53,39,5,96
6,25,"['48278', '48307', '48290', '48291', '48293', '48308']",INTRA_NODE_LOAD_IMBALANCE,0.05,True,0.9326923076923076,0.0,0.1261261261261261,97,0,14,82
6,26,"['48267', '48269', '48273', '48274', '48293', '48305']",PIPELINE_STALL,0.5,True,0.2018348623853211,0.225563909774436,0.8382352941176471,11,30,57,103
6,26,"['48267', '48269', '48273', '48274', '48293', '48305']",COMPUTE_UNDERUTILIZATION,0.5,True,0.4148936170212766,0.037037037037037,0.7346938775510204,39,2,108,52
6,26,"['48267', '48269', '48273', '48274', '48293', '48305']",PRECISION_WASTE,0.05,True,0.8,1.0,0.0,134,67,0,0
6,26,"['48267', '48269', '48273', '48274', '48293', '48305']",BRANCH_MISPREDICTION,0.5,True,0.2068965517241379,0.3120567375886525,0.8,12,44,48,97
6,26,"['48267', '48269', '48273', '48274', '48293', '48305']",CACHE_PRESSURE,0.275,True,0.7142857142857142,0.015267175572519,0.4285714285714285,40,2,30,129
6,26,"['48267', '48269', '48273', '48274', '48293', '48305']",INTRA_NODE_LOAD_IMBALANCE,0.5,True,0.98989898989899,0.0,0.02,98,0,2,101
6,27,"['48267', '48274', '48276', '48291', '48293', '48305']",PIPELINE_STALL,0.5,True,0.5333333333333333,0.0,0.6363636363636364,24,0,42,130
6,27,"['48267', '48274', '48276', '48291', '48293', '48305']",COMPUTE_UNDERUTILIZATION,0.5,True,0.9477124183006536,0.3137254901960784,0.0,145,16,0,35
6,27,"['48267', '48274', '48276', '48291', '48293', '48305']",PRECISION_WASTE,0.5,True,0.7395498392282959,1.0,0.0,115,81,0,0
6,27,"['48267', '48274', '48276', '48291', '48293', '48305']",BRANCH_MISPREDICTION,0.5,True,0.992248062015504,0.0,0.0153846153846153,64,0,1,131
6,27,"['48267', '48274', '48276', '48291', '48293', '48305']",CACHE_PRESSURE,0.1999999999999999,True,0.8275862068965518,0.0857142857142857,0.1428571428571428,48,12,8,128
6,27,"['48267', '48274', '48276', '48291', '48293', '48305']",INTRA_NODE_LOAD_IMBALANCE,0.05,True,0.989795918367347,0.0,0.0202020202020202,97,0,2,97
6,28,"['48276', '48307', '48293', '48300', '48304', '48305']",PIPELINE_STALL,0.5,True,0.7681159420289855,0.0,0.3764705882352941,53,0,32,106
6,28,"['48276', '48307', '48293', '48300', '48304', '48305']",COMPUTE_UNDERUTILIZATION,0.05,True,0.7350993377483444,1.0,0.0,111,80,0,0
6,28,"['48276', '48307', '48293', '48300', '48304', '48305']",PRECISION_WASTE,0.05,True,0.7350993377483444,1.0,0.0,111,80,0,0
6,28,"['48276', '48307', '48293', '48300', '48304', '48305']",BRANCH_MISPREDICTION,0.05,True,0.9850746268656716,0.0,0.0294117647058823,33,0,1,157
6,28,"['48276', '48307', '48293', '48300', '48304', '48305']",CACHE_PRESSURE,0.2,True,0.6721311475409837,0.0983606557377049,0.4057971014492754,41,12,28,110
6,28,"['48276', '48307', '48293', '48300', '48304', '48305']",INTRA_NODE_LOAD_IMBALANCE,0.075,True,0.980891719745223,0.0,0.0375,77,0,3,111
6,29,"['48269', '48276', '48289', '48307', '48290', '48283']",PIPELINE_STALL,0.2666666666666667,True,0.8823529411764706,0.1203007518796992,0.0,60,16,0,117
6,29,"['48269', '48276', '48289', '48307', '48290', '48283']",COMPUTE_UNDERUTILIZATION,0.075,True,0.5513513513513514,0.1805555555555555,0.5785123966942148,51,13,70,59
6,29,"['48269', '48276', '48289', '48307', '48290', '48283']",PRECISION_WASTE,0.5,True,0.909090909090909,0.1666666666666666,0.0944881889763779,115,11,12,55
6,29,"['48269', '48276', '48289', '48307', '48290', '48283']",BRANCH_MISPREDICTION,0.5,True,0.98989898989899,0.0,0.02,49,0,1,143
6,29,"['48269', '48276', '48289', '48307', '48290', '48283']",CACHE_PRESSURE,0.275,True,0.869047619047619,0.1833333333333333,0.0,73,22,0,98
6,29,"['48269', '48276', '48289', '48307', '48290', '48283']",INTRA_NODE_LOAD_IMBALANCE,0.05,True,1.0,0.0,0.0,90,0,0,103
6,30,"['48270', '48274', '48276', '48291', '48283', '48284']",PIPELINE_STALL,0.3,True,0.4923076923076924,0.6690140845070423,0.0769230769230769,48,95,4,47
6,30,"['48270', '48274', '48276', '48291', '48283', '48284']",COMPUTE_UNDERUTILIZATION,0.05,True,0.8315412186379929,0.6025641025641025,0.0,116,47,0,31
6,30,"['48270', '48274', '48276', '48291', '48283', '48284']",PRECISION_WASTE,0.05,True,0.9659863945578232,0.1923076923076923,0.0,142,10,0,42
6,30,"['48270', '48274', '48276', '48291', '48283', '48284']",BRANCH_MISPREDICTION,0.05,True,1.0,0.0,0.0,45,0,0,149
6,30,"['48270', '48274', '48276', '48291', '48283', '48284']",CACHE_PRESSURE,0.275,True,0.898876404494382,0.1578947368421052,0.0,80,18,0,96
6,30,"['48270', '48274', '48276', '48291', '48283', '48284']",INTRA_NODE_LOAD_IMBALANCE,0.05,True,0.5413533834586466,1.0,0.0,72,122,0,0
6,31,"['48267', '48274', '48276', '48278', '48295', '48300']",PIPELINE_STALL,0.5,True,0.8695652173913043,0.1074380165289256,0.1025641025641025,70,13,8,108
6,31,"['48267', '48274', '48276', '48278', '48295', '48300']",COMPUTE_UNDERUTILIZATION,0.05,True,0.6950819672131148,1.0,0.0,106,93,0,0
6,31,"['48267', '48274', '48276', '48278', '48295', '48300']",PRECISION_WASTE,0.05,True,0.819047619047619,0.7678571428571429,0.0979020979020979,129,43,14,13
6,31,"['48267', '48274', '48276', '48278', '48295', '48300']",BRANCH_MISPREDICTION,0.275,True,0.9896907216494846,0.0,0.0204081632653061,48,0,1,150
6,31,"['48267', '48274', '48276', '48278', '48295', '48300']",CACHE_PRESSURE,0.05,True,0.7513812154696133,0.312,0.081081081081081,68,39,6,86
6,31,"['48267', '48274', '48276', '48278', '48295', '48300']",INTRA_NODE_LOAD_IMBALANCE,0.275,True,0.7354838709677418,0.0,0.4183673469387755,57,0,41,101
6,32,"['48269', '48289', '48291', '48295', '48305', '48283']",PIPELINE_STALL,0.275,True,0.8591549295774646,0.1221374045801526,0.0615384615384615,61,16,4,115
6,32,"['48269', '48289', '48291', '48295', '48305', '48283']",COMPUTE_UNDERUTILIZATION,0.275,True,0.7264573991031391,0.0357142857142857,0.4214285714285714,81,2,59,54
6,32,"['48269', '48289', '48291', '48295', '48305', '48283']",PRECISION_WASTE,0.05,True,0.9594594594594594,0.2222222222222222,0.0,142,12,0,42
6,32,"['48269', '48289', '48291', '48295', '48305', '48283']",CACHE_PRESSURE,0.4599999999999999,True,0.90625,0.0869565217391304,0.0,58,12,0,126
6,32,"['48269', '48289', '48291', '48295', '48305', '48283']",INTRA_NODE_LOAD_IMBALANCE,0.05,True,0.869158878504673,0.0131578947368421,0.225,93,1,27,75
6,33,"['48273', '48276', '48290', '48295', '48304', '48283']",PIPELINE_STALL,0.5,True,0.8032786885245901,0.0681818181818181,0.234375,49,9,15,123
6,33,"['48273', '48276', '48290', '48295', '48304', '48283']",COMPUTE_UNDERUTILIZATION,0.05,True,0.68013468013468,1.0,0.0,101,95,0,0
6,33,"['48273', '48276', '48290', '48295', '48304', '48283']",PRECISION_WASTE,0.5,True,0.9260450160771704,0.275,0.0769230769230769,144,11,12,29
6,33,"['48273', '48276', '48290', '48295', '48304', '48283']",BRANCH_MISPREDICTION,0.275,True,0.99009900990099,0.0,0.0196078431372549,50,0,1,145
6,33,"['48273', '48276', '48290', '48295', '48304', '48283']",CACHE_PRESSURE,0.2166666666666666,True,0.8444444444444443,0.1510791366906475,0.0,57,21,0,118
6,33,"['48273', '48276', '48290', '48295', '48304', '48283']",INTRA_NODE_LOAD_IMBALANCE,0.05,True,1.0,0.0,0.0,97,0,0,99
6,34,"['48267', '48289', '48307', '48290', '48300', '48304']",PIPELINE_STALL,0.275,True,0.9618320610687024,0.0307692307692307,0.015625,63,4,1,126
6,34,"['48267', '48289', '48307', '48290', '48300', '48304']",COMPUTE_UNDERUTILIZATION,0.05,True,0.8832116788321168,0.4383561643835616,0.0,121,32,0,41
6,34,"['48267', '48289', '48307', '48290', '48300', '48304']",PRECISION_WASTE,0.5,True,0.7361563517915309,1.0,0.0,113,81,0,0
6,34,"['48267', '48289', '48307', '48290', '48300', '48304']",BRANCH_MISPREDICTION,0.5,True,,0.0066225165562913,1.0,0,1,43,150
6,34,"['48267', '48289', '48307', '48290', '48300', '48304']",CACHE_PRESSURE,0.05,True,0.448,0.3216783216783216,0.4509803921568627,28,46,23,97
6,34,"['48267', '48289', '48307', '48290', '48300', '48304']",INTRA_NODE_LOAD_IMBALANCE,0.5,True,0.985781990521327,0.0333333333333333,0.0,104,3,0,87
6,35,"['48273', '48289', '48290', '48304', '48308', '48284']",PIPELINE_STALL,0.275,True,0.6271186440677966,0.1629629629629629,0.3728813559322034,37,22,22,113
6,35,"['48273', '48289', '48290', '48304', '48308', '48284']",COMPUTE_UNDERUTILIZATION,0.1,True,0.7854545454545454,0.686046511627907,0.0,108,59,0,27
6,35,"['48273', '48289', '48290', '48304', '48308', '48284']",PRECISION_WASTE,0.5,True,0.9655172413793104,0.1851851851851851,0.0,140,10,0,44
6,35,"['48273', '48289', '48290', '48304', '48308', '48284']",BRANCH_MISPREDICTION,0.5,True,,0.2972972972972973,1.0,0,44,46,104
6,35,"['48273', '48289', '48290', '48304', '48308', '48284']",CACHE_PRESSURE,0.05,True,0.7818181818181819,0.023076923076923,0.328125,43,3,21,127
6,35,"['48273', '48289', '48290', '48304', '48308', '48284']",INTRA_NODE_LOAD_IMBALANCE,0.5,True,0.7560975609756097,0.5287356321839081,0.1308411214953271,93,46,14,41
6,36,"['48267', '48269', '48270', '48274', '48304', '48283']",PIPELINE_STALL,0.275,True,0.8717948717948718,0.1526717557251908,0.0,68,20,0,111
6,36,"['48267', '48269', '48270', '48274', '48304', '48283']",COMPUTE_UNDERUTILIZATION,0.05,True,0.966789667896679,0.1323529411764706,0.0,131,9,0,59
6,36,"['48267', '48269', '48270', '48274', '48304', '48283']",PRECISION_WASTE,0.5,True,0.8750000000000001,0.5757575757575758,0.0,133,38,0,28
6,36,"['48267', '48269', '48270', '48274', '48304', '48283']",BRANCH_MISPREDICTION,0.5,True,0.9577464788732396,0.0458015267175572,0.0,68,6,0,125
6,36,"['48267', '48269', '48270', '48274', '48304', '48283']",CACHE_PRESSURE,0.05,True,0.8271604938271605,0.2121212121212121,0.0,67,28,0,104
6,36,"['48267', '48269', '48270', '48274', '48304', '48283']",INTRA_NODE_LOAD_IMBALANCE,0.05,True,1.0,0.0,0.0,101,0,0,98
6,37,"['48269', '48276', '48278', '48307', '48290', '48295']",PIPELINE_STALL,0.05,True,0.8951048951048951,0.0763358778625954,0.072463768115942,64,10,5,121
6,37,"['48269', '48276', '48278', '48307', '48290', '48295']",COMPUTE_UNDERUTILIZATION,0.075,True,0.8439716312056738,0.5432098765432098,0.0,119,44,0,37
6,37,"['48269', '48276', '48278', '48307', '48290', '48295']",PRECISION_WASTE,0.15,True,0.9290780141843972,0.1403508771929824,0.0839160839160839,131,8,12,49
6,37,"['48269', '48276', '48278', '48307', '48290', '48295']",BRANCH_MISPREDICTION,0.05,True,0.98989898989899,0.0,0.02,49,0,1,150
6,37,"['48269', '48276', '48278', '48307', '48290', '48295']",CACHE_PRESSURE,0.05,True,0.8484848484848485,0.008,0.2533333333333333,56,1,19,124
6,37,"['48269', '48276', '48278', '48307', '48290', '48295']",INTRA_NODE_LOAD_IMBALANCE,0.05,True,0.8844221105527639,0.0,0.2072072072072072,88,0,23,89
6,38,"['48274', '48289', '48291', '48300', '48304', '48303']",PIPELINE_STALL,0.05,True,0.2637362637362637,0.1830985915492957,0.7735849056603774,12,26,41,116
6,38,"['48274', '48289', '48291', '48300', '48304', '48303']",COMPUTE_UNDERUTILIZATION,0.15,True,0.9741379310344828,0.073170731707317,0.0,113,6,0,76
6,38,"['48274', '48289', '48291', '48300', '48304', '48303']",PRECISION_WASTE,0.05,True,0.7812500000000001,1.0,0.0,125,70,0,0
6,38,"['48274', '48289', '48291', '48300', '48304', '48303']",BRANCH_MISPREDICTION,0.5,True,0.4054054054054054,0.0072992700729927,0.7413793103448276,15,1,43,136
6,38,"['48274', '48289', '48291', '48300', '48304', '48303']",CACHE_PRESSURE,0.05,True,0.5314685314685316,0.3430656934306569,0.3448275862068966,38,47,20,90
6,38,"['48274', '48289', '48291', '48300', '48304', '48303']",INTRA_NODE_LOAD_IMBALANCE,0.05,True,0.9853658536585366,0.0319148936170212,0.0,101,3,0,91
6,39,"['48269', '48270', '48273', '48274', '48295', '48308']",PIPELINE_STALL,0.5,True,0.5903614457831325,0.4125874125874126,0.1551724137931034,49,59,9,84
6,39,"['48269', '48270', '48273', '48274', '48295', '48308']",COMPUTE_UNDERUTILIZATION,0.1,True,0.9875518672199172,0.0365853658536585,0.0,119,3,0,79
6,39,"['48269', '48270', '48273', '48274', '48295', '48308']",PRECISION_WASTE,0.5,True,0.9602649006622516,0.2142857142857142,0.0,145,12,0,44
6,39,"['48269', '48270', '48273', '48274', '48295', '48308']",BRANCH_MISPREDICTION,0.05,True,0.475,0.0476190476190476,0.6481481481481481,19,7,35,140
6,39,"['48269', '48270', '48273', '48274', '48295', '48308']",CACHE_PRESSURE,0.5,True,0.0869565217391304,0.0,0.9545454545454546,4,0,84,113
6,39,"['48269', '48270', '48273', '48274', '48295', '48308']",INTRA_NODE_LOAD_IMBALANCE,0.5,True,0.8224299065420562,0.2424242424242424,0.1372549019607843,88,24,14,75
6,40,"['48274', '48307', '48300', '48305', '48283', '48284']",PIPELINE_STALL,0.2,True,0.8617886178861789,0.0078740157480314,0.2318840579710145,53,1,16,126
6,40,"['48274', '48307', '48300', '48305', '48283', '48284']",COMPUTE_UNDERUTILIZATION,0.05,True,0.68013468013468,1.0,0.0,101,95,0,0
6,40,"['48274', '48307', '48300', '48305', '48283', '48284']",PRECISION_WASTE,0.075,True,0.9177215189873416,0.5098039215686274,0.0,145,26,0,25
6,40,"['48274', '48307', '48300', '48305', '48283', '48284']",BRANCH_MISPREDICTION,0.5,True,0.6557377049180328,0.0718562874251497,0.3103448275862069,20,12,9,155
6,40,"['48274', '48307', '48300', '48305', '48283', '48284']",CACHE_PRESSURE,0.275,True,0.5547445255474454,0.0673076923076923,0.5869565217391305,38,7,54,97
6,40,"['48274', '48307', '48300', '48305', '48283', '48284']",INTRA_NODE_LOAD_IMBALANCE,0.05,True,0.5207547169811321,1.0,0.0,69,127,0,0
6,41,"['48267', '48273', '48290', '48293', '48300', '48304']",PIPELINE_STALL,0.5,True,0.8153846153846154,0.0708661417322834,0.2205882352941176,53,9,15,118
6,41,"['48267', '48273', '48290', '48293', '48300', '48304']",COMPUTE_UNDERUTILIZATION,0.5,True,0.8858131487889273,0.4925373134328358,0.0,128,33,0,34
6,41,"['48267', '48273', '48290', '48293', '48300', '48304']",PRECISION_WASTE,0.05,True,0.7962962962962964,1.0,0.0,129,66,0,0
6,41,"['48267', '48273', '48290', '48293', '48300', '48304']",BRANCH_MISPREDICTION,0.5,True,0.4656084656084656,0.6688741721854304,0.0,44,101,0,50
6,41,"['48267', '48273', '48290', '48293', '48300', '48304']",CACHE_PRESSURE,0.275,True,0.2474226804123711,0.261744966442953,0.7391304347826086,12,39,34,110
6,41,"['48267', '48273', '48290', '48293', '48300', '48304']",INTRA_NODE_LOAD_IMBALANCE,0.05,True,0.8947368421052632,0.0909090909090909,0.1145833333333333,85,9,11,90
6,42,"['48269', '48307', '48291', '48295', '48304', '48305']",PIPELINE_STALL,0.5,True,0.6981132075471698,0.0,0.463768115942029,37,0,32,129
6,42,"['48269', '48307', '48291', '48295', '48304', '48305']",COMPUTE_UNDERUTILIZATION,0.5,True,0.9776119402985076,0.0895522388059701,0.0,131,6,0,61
6,42,"['48269', '48307', '48291', '48295', '48304', '48305']",PRECISION_WASTE,0.5,True,0.7906976744186046,0.4,0.203125,102,28,26,42
6,42,"['48269', '48307', '48291', '48295', '48304', '48305']",BRANCH_MISPREDICTION,0.5,True,0.4210526315789473,0.0071942446043165,0.7288135593220338,16,1,43,138
6,42,"['48269', '48307', '48291', '48295', '48304', '48305']",CACHE_PRESSURE,0.0625,True,0.9158878504672896,0.0,0.1551724137931034,49,0,9,140
6,42,"['48269', '48307', '48291', '48295', '48304', '48305']",INTRA_NODE_LOAD_IMBALANCE,0.5,True,0.2377622377622377,0.0,0.8650793650793651,17,0,109,72
6,43,"['48274', '48307', '48300', '48305', '48308', '48303']",PIPELINE_STALL,0.5,True,0.5319148936170213,0.0,0.6376811594202898,25,0,44,130
6,43,"['48274', '48307', '48300', '48305', '48308', '48303']",COMPUTE_UNDERUTILIZATION,0.5,True,0.7862595419847328,0.5833333333333334,0.0,103,56,0,40
6,43,"['48274', '48307', '48300', '48305', '48308', '48303']",PRECISION_WASTE,0.05,True,0.7865853658536586,1.0,0.0,129,70,0,0
6,43,"['48274', '48307', '48300', '48305', '48308', '48303']",BRANCH_MISPREDICTION,0.5,True,,0.0064102564102564,1.0,0,1,43,155
6,43,"['48274', '48307', '48300', '48305', '48308', '48303']",CACHE_PRESSURE,0.5,True,0.8518518518518519,0.0,0.2580645161290322,69,0,24,106
6,43,"['48274', '48307', '48300', '48305', '48308', '48303']",INTRA_NODE_LOAD_IMBALANCE,0.05,True,0.9617486338797816,0.02803738317757,0.0434782608695652,88,3,4,104
6,44,"['48269', '48270', '48278', '48289', '48291', '48284']",PIPELINE_STALL,0.35,True,0.9108910891089108,0.0,0.1636363636363636,46,0,9,141
6,44,"['48269', '48270', '48278', '48289', '48291', '48284']",COMPUTE_UNDERUTILIZATION,0.05,True,0.7377777777777779,0.0,0.4154929577464789,83,0,59,54
6,44,"['48269', '48270', '48278', '48289', '48291', '48284']",PRECISION_WASTE,0.25,True,0.9280575539568344,0.1454545454545454,0.0851063829787234,129,8,12,47
6,44,"['48269', '48270', '48278', '48289', '48291', '48284']",BRANCH_MISPREDICTION,0.5,True,0.9908256880733944,0.0070422535211267,0.0,54,1,0,141
6,44,"['48269', '48270', '48278', '48289', '48291', '48284']",CACHE_PRESSURE,0.1999999999999999,True,0.7704918032786886,0.0,0.3733333333333333,47,0,28,121
6,44,"['48269', '48270', '48278', '48289', '48291', '48284']",INTRA_NODE_LOAD_IMBALANCE,0.05,True,0.916256157635468,0.0227272727272727,0.1388888888888889,93,2,15,86
6,45,"['48270', '48278', '48289', '48291', '48304', '48308']",PIPELINE_STALL,0.35,True,0.819672131147541,0.1240875912408759,0.0909090909090909,50,17,5,120
6,45,"['48270', '48278', '48289', '48291', '48304', '48308']",COMPUTE_UNDERUTILIZATION,0.05,True,0.8833922261484098,0.4925373134328358,0.0,125,33,0,34
6,45,"['48270', '48278', '48289', '48291', '48304', '48308']",PRECISION_WASTE,0.5,True,0.9173553719008264,0.1159420289855072,0.0975609756097561,111,8,12,61
6,45,"['48270', '48278', '48289', '48291', '48304', '48308']",BRANCH_MISPREDICTION,0.5,True,0.8474576271186441,0.0,0.2647058823529412,50,0,18,124
6,45,"['48270', '48278', '48289', '48291', '48304', '48308']",CACHE_PRESSURE,0.4,True,0.9016393442622952,0.0458015267175572,0.0983606557377049,55,6,6,125
6,45,"['48270', '48278', '48289', '48291', '48304', '48308']",INTRA_NODE_LOAD_IMBALANCE,0.275,True,0.9298245614035088,0.0,0.1311475409836065,106,0,16,70
6,46,"['48267', '48289', '48290', '48295', '48308', '48303']",PIPELINE_STALL,0.275,True,,0.0,1.0,0,0,69,132
6,46,"['48267', '48289', '48290', '48295', '48308', '48303']",COMPUTE_UNDERUTILIZATION,0.275,True,0.888888888888889,0.4383561643835616,0.0,128,32,0,41
6,46,"['48267', '48289', '48290', '48295', '48308', '48303']",PRECISION_WASTE,0.15,True,0.8532423208191127,0.4406779661016949,0.1197183098591549,125,26,17,33
6,46,"['48267', '48289', '48290', '48295', '48308', '48303']",CACHE_PRESSURE,0.2,True,0.5205479452054794,0.0264900662251655,0.62,19,4,31,147
6,46,"['48267', '48289', '48290', '48295', '48308', '48303']",INTRA_NODE_LOAD_IMBALANCE,0.05,True,0.8571428571428572,0.3194444444444444,0.1162790697674418,114,23,15,49
6,47,"['48276', '48290', '48291', '48300', '48304', '48303']",PIPELINE_STALL,0.5,True,0.4878048780487805,0.0,0.6774193548387096,20,0,42,133
6,47,"['48276', '48290', '48291', '48300', '48304', '48303']",COMPUTE_UNDERUTILIZATION,0.5,True,0.8999999999999999,0.075,0.1391304347826087,99,6,16,74
6,47,"['48276', '48290', '48291', '48300', '48304', '48303']",PRECISION_WASTE,0.05,True,0.7812500000000001,1.0,0.0,125,70,0,0
6,47,"['48276', '48290', '48291', '48300', '48304', '48303']",BRANCH_MISPREDICTION,0.05,True,0.9896907216494846,0.0,0.0204081632653061,48,0,1,146
6,47,"['48276', '48290', '48291', '48300', '48304', '48303']",CACHE_PRESSURE,0.05,True,0.6545454545454545,0.4,0.0181818181818181,54,56,1,84
6,47,"['48276', '48290', '48291', '48300', '48304', '48303']",INTRA_NODE_LOAD_IMBALANCE,0.05,True,0.970873786407767,0.0219780219780219,0.0384615384615384,100,2,4,89
6,48,"['48276', '48289', '48291', '48293', '48295', '48305']",PIPELINE_STALL,0.5,True,0.2962962962962963,0.0,0.8260869565217391,12,0,57,124
6,48,"['48276', '48289', '48291', '48293', '48295', '48305']",COMPUTE_UNDERUTILIZATION,0.05,True,0.7250996015936256,0.3888888888888889,0.3453237410071942,91,21,48,33
6,48,"['48276', '48289', '48291', '48293', '48295', '48305']",PRECISION_WASTE,0.05,True,0.7823343848580441,1.0,0.0,124,69,0,0
6,48,"['48276', '48289', '48291', '48293', '48295', '48305']",BRANCH_MISPREDICTION,0.5,True,0.992248062015504,0.0,0.0153846153846153,64,0,1,128
6,48,"['48276', '48289', '48291', '48293', '48295', '48305']",CACHE_PRESSURE,0.15,True,0.8,0.0763888888888889,0.1836734693877551,40,11,9,133
6,48,"['48276', '48289', '48291', '48293', '48295', '48305']",INTRA_NODE_LOAD_IMBALANCE,0.2,True,0.9285714285714286,0.0,0.1333333333333333,91,0,14,88
6,49,"['48267', '48269', '48270', '48273', '48278', '48305']",PIPELINE_STALL,0.05,True,0.6105263157894737,0.0,0.5606060606060606,29,0,37,137
6,49,"['48267', '48269', '48270', '48273', '48278', '48305']",COMPUTE_UNDERUTILIZATION,0.05,True,0.751054852320675,0.0,0.3986486486486486,89,0,59,55
6,49,"['48267', '48269', '48270', '48273', '48278', '48305']",PRECISION_WASTE,0.5,True,0.9315068493150684,0.1454545454545454,0.081081081081081,136,8,12,47
6,49,"['48267', '48269', '48270', '48273', '48278', '48305']",BRANCH_MISPREDICTION,0.5,True,0.475,0.046979865771812,0.6481481481481481,19,7,35,142
6,49,"['48267', '48269', '48270', '48273', '48278', '48305']",CACHE_PRESSURE,0.275,True,0.8648648648648649,0.0083333333333333,0.2289156626506024,64,1,19,119
6,49,"['48267', '48269', '48270', '48273', '48278', '48305']",INTRA_NODE_LOAD_IMBALANCE,0.5,True,0.7765957446808511,0.0112359550561797,0.3596491228070175,73,1,41,88
8,0,"['48269', '48276', '48290', '48293', '48304', '48305', '48284', '48303']",PIPELINE_STALL,0.5,True,0.631578947368421,0.0,0.5384615384615384,36,0,42,94
8,0,"['48269', '48276', '48290', '48293', '48304', '48305', '48284', '48303']",COMPUTE_UNDERUTILIZATION,0.05,True,0.8387096774193548,0.8181818181818182,0.0,117,45,0,10
8,0,"['48269', '48276', '48290', '48293', '48304', '48305', '48284', '48303']",PRECISION_WASTE,0.1166666666666666,True,0.8585365853658535,0.0178571428571428,0.2413793103448276,88,1,28,55
8,0,"['48269', '48276', '48290', '48293', '48304', '48305', '48284', '48303']",BRANCH_MISPREDICTION,0.5,True,0.99009900990099,0.0,0.0196078431372549,50,0,1,121
8,0,"['48269', '48276', '48290', '48293', '48304', '48305', '48284', '48303']",CACHE_PRESSURE,0.05,True,0.7586206896551724,0.0084033613445378,0.3773584905660377,33,1,20,118
8,0,"['48269', '48276', '48290', '48293', '48304', '48305', '48284', '48303']",INTRA_NODE_LOAD_IMBALANCE,0.2,True,0.9832402234636872,0.0,0.0329670329670329,88,0,3,81
8,1,"['48267', '48274', '48289', '48307', '48293', '48305', '48308', '48283']",PIPELINE_STALL,0.05,True,0.921875,0.0857142857142857,0.0166666666666666,59,9,1,96
8,1,"['48267', '48274', '48289', '48307', '48293', '48305', '48308', '48283']",COMPUTE_UNDERUTILIZATION,0.05,True,0.6082949308755761,0.75,0.3944954128440367,66,42,43,14
8,1,"['48267', '48274', '48289', '48307', '48293', '48305', '48308', '48283']",PRECISION_WASTE,0.05,True,0.7547169811320755,1.0,0.0,100,65,0,0
8,1,"['48267', '48274', '48289', '48307', '48293', '48305', '48308', '48283']",BRANCH_MISPREDICTION,0.5,True,0.8939393939393939,0.1320754716981132,0.0,59,14,0,92
8,1,"['48267', '48274', '48289', '48307', '48293', '48305', '48308', '48283']",CACHE_PRESSURE,0.3166666666666667,True,0.484375,0.3761467889908257,0.4464285714285714,31,41,25,68
8,1,"['48267', '48274', '48289', '48307', '48293', '48305', '48308', '48283']",INTRA_NODE_LOAD_IMBALANCE,0.05,True,1.0,0.0,0.0,78,0,0,87
8,2,"['48269', '48273', '48274', '48278', '48307', '48291', '48295', '48283']",PIPELINE_STALL,0.05,True,0.7865168539325843,0.1407407407407407,0.0,35,19,0,116
8,2,"['48269', '48273', '48274', '48278', '48307', '48291', '48295', '48283']",COMPUTE_UNDERUTILIZATION,0.05,True,0.8785046728971964,0.3421052631578947,0.0,94,26,0,50
8,2,"['48269', '48273', '48274', '48278', '48307', '48291', '48295', '48283']",PRECISION_WASTE,0.5,True,0.9662162162162162,0.3703703703703703,0.0,143,10,0,17
8,2,"['48269', '48273', '48274', '48278', '48307', '48291', '48295', '48283']",BRANCH_MISPREDICTION,0.5,True,0.7692307692307692,0.024,0.3333333333333333,30,3,15,122
8,2,"['48269', '48273', '48274', '48278', '48307', '48291', '48295', '48283']",CACHE_PRESSURE,0.25,True,0.9189189189189187,0.1176470588235294,0.0,68,12,0,90
8,2,"['48269', '48273', '48274', '48278', '48307', '48291', '48295', '48283']",INTRA_NODE_LOAD_IMBALANCE,0.05,True,1.0,0.0,0.0,85,0,0,85
8,3,"['48267', '48269', '48270', '48274', '48289', '48290', '48300', '48283']",PIPELINE_STALL,0.2,True,0.8623853211009175,0.1219512195121951,0.0,47,15,0,108
8,3,"['48267', '48269', '48270', '48274', '48289', '48290', '48300', '48283']",COMPUTE_UNDERUTILIZATION,0.05,True,0.6276595744680852,0.108695652173913,0.5241935483870968,59,5,65,41
8,3,"['48267', '48269', '48270', '48274', '48289', '48290', '48300', '48283']",PRECISION_WASTE,0.05,True,0.7636363636363637,1.0,0.0,105,65,0,0
8,3,"['48267', '48269', '48270', '48274', '48289', '48290', '48300', '48283']",BRANCH_MISPREDICTION,0.275,True,0.9904761904761904,0.0084745762711864,0.0,52,1,0,117
8,3,"['48267', '48269', '48270', '48274', '48289', '48290', '48300', '48283']",CACHE_PRESSURE,0.05,True,0.8108108108108109,0.2545454545454545,0.0,60,28,0,82
8,3,"['48267', '48269', '48270', '48274', '48289', '48290', '48300', '48283']",INTRA_NODE_LOAD_IMBALANCE,0.05,True,1.0,0.0,0.0,79,0,0,91
8,4,"['48267', '48269', '48276', '48289', '48293', '48295', '48283', '48303']",PIPELINE_STALL,0.2333333333333333,True,0.8148148148148148,0.3846153846153846,0.0,77,35,0,56
8,4,"['48267', '48269', '48276', '48289', '48293', '48295', '48283', '48303']",COMPUTE_UNDERUTILIZATION,0.0666666666666666,True,0.9076305220883534,0.4181818181818181,0.0,113,23,0,32
8,4,"['48267', '48269', '48276', '48289', '48293', '48295', '48283', '48303']",PRECISION_WASTE,0.075,True,0.8711111111111112,0.0238095238095238,0.2222222222222222,98,1,28,41
8,4,"['48267', '48269', '48276', '48289', '48293', '48295', '48283', '48303']",BRANCH_MISPREDICTION,0.5,True,0.992248062015504,0.0,0.0153846153846153,64,0,1,103
8,4,"['48267', '48269', '48276', '48289', '48293', '48295', '48283', '48303']",CACHE_PRESSURE,0.33,True,0.8190476190476191,0.152,0.0,43,19,0,106
8,4,"['48267', '48269', '48276', '48289', '48293', '48295', '48283', '48303']",INTRA_NODE_LOAD_IMBALANCE,0.05,True,1.0,0.0,0.0,84,0,0,84
8,5,"['48276', '48289', '48290', '48291', '48295', '48300', '48308', '48283']",PIPELINE_STALL,0.275,True,0.8305084745762712,0.1481481481481481,0.0754716981132075,49,16,4,92
8,5,"['48276', '48289', '48290', '48291', '48295', '48300', '48308', '48283']",COMPUTE_UNDERUTILIZATION,0.05,True,0.6486486486486486,0.1159420289855072,0.4782608695652174,48,8,44,61
8,5,"['48276', '48289', '48290', '48291', '48295', '48300', '48308', '48283']",PRECISION_WASTE,0.125,True,0.8392156862745099,0.7547169811320755,0.0092592592592592,107,40,1,13
8,5,"['48276', '48289', '48290', '48291', '48295', '48300', '48308', '48283']",BRANCH_MISPREDICTION,0.5,True,0.9896907216494846,0.0,0.0204081632653061,48,0,1,112
8,5,"['48276', '48289', '48290', '48291', '48295', '48300', '48308', '48283']",CACHE_PRESSURE,0.5,True,0.8067226890756303,0.2035398230088495,0.0,48,23,0,90
8,5,"['48276', '48289', '48290', '48291', '48295', '48300', '48308', '48283']",INTRA_NODE_LOAD_IMBALANCE,0.1999999999999999,True,1.0,0.0,0.0,89,0,0,72
8,6,"['48267', '48278', '48289', '48291', '48295', '48304', '48284', '48303']",PIPELINE_STALL,0.5,True,0.5581395348837209,0.009090909090909,0.6065573770491803,24,1,37,109
8,6,"['48267', '48278', '48289', '48291', '48295', '48304', '48284', '48303']",COMPUTE_UNDERUTILIZATION,0.0666666666666666,True,0.912280701754386,0.2985074626865671,0.0,104,20,0,47
8,6,"['48267', '48278', '48289', '48291', '48295', '48304', '48284', '48303']",PRECISION_WASTE,0.05,True,0.931818181818182,0.0625,0.1151079136690647,123,2,16,30
8,6,"['48267', '48278', '48289', '48291', '48295', '48304', '48284', '48303']",BRANCH_MISPREDICTION,0.5,True,0.8955223880597014,0.1261261261261261,0.0,60,14,0,97
8,6,"['48267', '48278', '48289', '48291', '48295', '48304', '48284', '48303']",CACHE_PRESSURE,0.05,True,0.5684210526315789,0.2536231884057971,0.1818181818181818,27,35,6,103
8,6,"['48267', '48278', '48289', '48291', '48295', '48304', '48284', '48303']",INTRA_NODE_LOAD_IMBALANCE,0.275,True,0.9216589861751152,0.0357142857142857,0.1304347826086956,100,2,15,54
8,7,"['48274', '48276', '48289', '48304', '48305', '48308', '48284', '48303']",PIPELINE_STALL,0.275,True,0.4576271186440678,0.22,0.6086956521739131,27,22,42,78
8,7,"['48274', '48276', '48289', '48304', '48305', '48308', '48284', '48303']",COMPUTE_UNDERUTILIZATION,0.15,True,0.6974789915966386,0.8372093023255814,0.0,83,72,0,14
8,7,"['48274', '48276', '48289', '48304', '48305', '48308', '48284', '48303']",PRECISION_WASTE,0.1,True,0.8389513108614232,0.7543859649122807,0.0,112,43,0,14
8,7,"['48274', '48276', '48289', '48304', '48305', '48308', '48284', '48303']",BRANCH_MISPREDICTION,0.5,True,0.99009900990099,0.0,0.0196078431372549,50,0,1,118
8,7,"['48274', '48276', '48289', '48304', '48305', '48308', '48284', '48303']",CACHE_PRESSURE,0.05,True,0.8115942028985507,0.1212121212121212,0.2,56,12,14,87
8,7,"['48274', '48276', '48289', '48304', '48305', '48308', '48284', '48303']",INTRA_NODE_LOAD_IMBALANCE,0.2,True,0.9885057471264368,0.0,0.0227272727272727,86,0,2,81
8,8,"['48273', '48276', '48307', '48291', '48293', '48308', '48284', '48303']",PIPELINE_STALL,0.05,True,0.9622641509433962,0.0357142857142857,0.0,51,4,0,108
8,8,"['48273', '48276', '48307', '48291', '48293', '48308', '48284', '48303']",COMPUTE_UNDERUTILIZATION,0.5,True,0.9157894736842104,0.2105263157894736,0.0,87,16,0,60
8,8,"['48273', '48276', '48307', '48291', '48293', '48308', '48284', '48303']",PRECISION_WASTE,0.3875,True,0.8130081300813008,0.5952380952380952,0.1735537190082644,100,25,21,17
8,8,"['48273', '48276', '48307', '48291', '48293', '48308', '48284', '48303']",BRANCH_MISPREDICTION,0.05,True,0.9767441860465116,0.0,0.0454545454545454,21,0,1,141
8,8,"['48273', '48276', '48307', '48291', '48293', '48308', '48284', '48303']",CACHE_PRESSURE,0.5,True,0.7747747747747746,0.0104166666666666,0.3582089552238806,43,1,24,95
8,8,"['48273', '48276', '48307', '48291', '48293', '48308', '48284', '48303']",INTRA_NODE_LOAD_IMBALANCE,0.05,True,0.975206611570248,0.0,0.0483870967741935,59,0,3,101
8,9,"['48273', '48274', '48307', '48290', '48291', '48293', '48295', '48283']",PIPELINE_STALL,0.05,True,0.72,0.1489361702127659,0.0,27,21,0,120
8,9,"['48273', '48274', '48307', '48290', '48291', '48293', '48295', '48283']",COMPUTE_UNDERUTILIZATION,0.275,True,0.9502262443438914,0.1746031746031746,0.0,105,11,0,52
8,9,"['48273', '48274', '48307', '48290', '48291', '48293', '48295', '48283']",PRECISION_WASTE,0.05,True,0.832579185520362,0.0,0.2868217054263566,92,0,37,39
8,9,"['48273', '48274', '48307', '48290', '48291', '48293', '48295', '48283']",BRANCH_MISPREDICTION,0.275,True,0.7758620689655172,0.2113821138211382,0.0,45,26,0,97
8,9,"['48273', '48274', '48307', '48290', '48291', '48293', '48295', '48283']",CACHE_PRESSURE,0.175,True,0.735042735042735,0.248,0.0,43,31,0,94
8,9,"['48273', '48274', '48307', '48290', '48291', '48293', '48295', '48283']",INTRA_NODE_LOAD_IMBALANCE,0.05,True,1.0,0.0,0.0,70,0,0,98
8,10,"['48267', '48274', '48276', '48307', '48291', '48295', '48300', '48304']",PIPELINE_STALL,0.5,True,0.7679999999999999,0.1834862385321101,0.1578947368421052,48,20,9,89
8,10,"['48267', '48274', '48276', '48307', '48291', '48295', '48300', '48304']",COMPUTE_UNDERUTILIZATION,0.15,True,0.9157894736842104,0.2025316455696202,0.0,87,16,0,63
8,10,"['48267', '48274', '48276', '48307', '48291', '48295', '48300', '48304']",PRECISION_WASTE,0.05,True,0.7376425855513308,1.0,0.0,97,69,0,0
8,10,"['48267', '48274', '48276', '48307', '48291', '48295', '48300', '48304']",BRANCH_MISPREDICTION,0.275,True,0.9850746268656716,0.0,0.0294117647058823,33,0,1,132
8,10,"['48267', '48274', '48276', '48307', '48291', '48295', '48300', '48304']",CACHE_PRESSURE,0.05,True,0.4462809917355371,0.3949579831932773,0.425531914893617,27,47,20,72
8,10,"['48267', '48274', '48276', '48307', '48291', '48295', '48300', '48304']",INTRA_NODE_LOAD_IMBALANCE,0.05,True,0.6719999999999999,0.0,0.4939759036144578,42,0,41,83
8,11,"['48267', '48273', '48274', '48276', '48289', '48293', '48308', '48284']",PIPELINE_STALL,0.6333333333333334,True,0.8943089430894309,0.0857142857142857,0.0677966101694915,55,9,4,96
8,11,"['48267', '48273', '48274', '48276', '48289', '48293', '48308', '48284']",COMPUTE_UNDERUTILIZATION,0.05,True,0.8558558558558559,0.463768115942029,0.0,95,32,0,37
8,11,"['48267', '48273', '48274', '48276', '48289', '48293', '48308', '48284']",PRECISION_WASTE,0.0666666666666666,True,0.726530612244898,0.8490566037735849,0.1981981981981982,89,45,22,8
8,11,"['48267', '48273', '48274', '48276', '48289', '48293', '48308', '48284']",BRANCH_MISPREDICTION,0.1999999999999999,True,0.9863013698630138,0.0,0.027027027027027,36,0,1,127
8,11,"['48267', '48273', '48274', '48276', '48289', '48293', '48308', '48284']",CACHE_PRESSURE,0.05,True,0.2653061224489796,0.2178217821782178,0.7936507936507936,13,22,50,79
8,11,"['48267', '48273', '48274', '48276', '48289', '48293', '48308', '48284']",INTRA_NODE_LOAD_IMBALANCE,0.05,True,0.984375,0.0,0.0307692307692307,63,0,2,99
8,12,"['48267', '48269', '48273', '48276', '48278', '48289', '48295', '48304']",PIPELINE_STALL,0.2,True,0.8378378378378379,0.1862745098039215,0.0746268656716417,62,19,5,83
8,12,"['48267', '48269', '48273', '48276', '48278', '48289', '48295', '48304']",COMPUTE_UNDERUTILIZATION,0.2,True,0.8354430379746834,0.5571428571428572,0.0,99,39,0,31
8,12,"['48267', '48269', '48273', '48276', '48278', '48289', '48295', '48304']",PRECISION_WASTE,0.1,True,0.9193548387096776,0.1860465116279069,0.0952380952380952,114,8,12,35
8,12,"['48267', '48269', '48273', '48276', '48278', '48289', '48295', '48304']",BRANCH_MISPREDICTION,0.275,True,0.99009900990099,0.0,0.0196078431372549,50,0,1,118
8,12,"['48267', '48269', '48273', '48276', '48278', '48289', '48295', '48304']",CACHE_PRESSURE,0.1625,True,0.7441860465116279,0.0254237288135593,0.3725490196078431,32,3,19,115
8,12,"['48267', '48269', '48273', '48276', '48278', '48289', '48295', '48304']",INTRA_NODE_LOAD_IMBALANCE,0.05,True,0.9253731343283582,0.0317460317460317,0.1226415094339622,93,2,13,61
8,13,"['48267', '48273', '48274', '48276', '48307', '48295', '48308', '48284']",PIPELINE_STALL,0.2666666666666666,True,0.6521739130434782,0.0272727272727272,0.4915254237288136,30,3,29,107
8,13,"['48267', '48273', '48274', '48276', '48307', '48295', '48308', '48284']",COMPUTE_UNDERUTILIZATION,0.5,True,0.8,0.3894736842105263,0.0,74,37,0,58
8,13,"['48267', '48273', '48274', '48276', '48307', '48295', '48308', '48284']",PRECISION_WASTE,0.0666666666666666,True,0.9621212121212122,0.238095238095238,0.0,127,10,0,32
8,13,"['48267', '48273', '48274', '48276', '48307', '48295', '48308', '48284']",BRANCH_MISPREDICTION,0.05,True,0.9767441860465116,0.0,0.0454545454545454,21,0,1,147
8,13,"['48267', '48273', '48274', '48276', '48307', '48295', '48308', '48284']",CACHE_PRESSURE,0.5,True,0.6518518518518519,0.1702127659574468,0.4133333333333333,44,16,31,78
8,13,"['48267', '48273', '48274', '48276', '48307', '48295', '48308', '48284']",INTRA_NODE_LOAD_IMBALANCE,0.05,True,0.5940594059405941,0.0,0.5774647887323944,30,0,41,98
8,14,"['48274', '48276', '48289', '48293', '48295', '48305', '48283', '48303']",PIPELINE_STALL,0.2,True,0.7831325301204819,0.3428571428571428,0.0,65,36,0,69
8,14,"['48274', '48276', '48289', '48293', '48295', '48305', '48283', '48303']",COMPUTE_UNDERUTILIZATION,0.4333333333333334,True,0.7453874538745386,1.0,0.0,101,69,0,0
8,14,"['48274', '48276', '48289', '48293', '48295', '48305', '48283', '48303']",PRECISION_WASTE,0.3,True,0.9045936395759718,0.6428571428571429,0.0,128,27,0,15
8,14,"['48274', '48276', '48289', '48293', '48295', '48305', '48283', '48303']",BRANCH_MISPREDICTION,0.5,True,0.992248062015504,0.0,0.0153846153846153,64,0,1,105
8,14,"['48274', '48276', '48289', '48293', '48295', '48305', '48283', '48303']",CACHE_PRESSURE,0.52,True,0.7692307692307692,0.0862068965517241,0.2592592592592592,40,10,14,106
8,14,"['48274', '48276', '48289', '48293', '48295', '48305', '48283', '48303']",INTRA_NODE_LOAD_IMBALANCE,0.05,True,1.0,0.0,0.0,72,0,0,98
8,15,"['48269', '48274', '48289', '48307', '48300', '48304', '48283', '48303']",PIPELINE_STALL,0.05,True,0.6666666666666666,0.5045045045045045,0.0,56,56,0,55
8,15,"['48269', '48274', '48289', '48307', '48300', '48304', '48283', '48303']",COMPUTE_UNDERUTILIZATION,0.3,True,0.7685185185185186,0.5952380952380952,0.0,83,50,0,34
8,15,"['48269', '48274', '48289', '48307', '48300', '48304', '48283', '48303']",PRECISION_WASTE,0.3833333333333333,True,0.9194312796208532,0.0185185185185185,0.1415929203539823,97,1,16,53
8,15,"['48269', '48274', '48289', '48307', '48300', '48304', '48283', '48303']",BRANCH_MISPREDICTION,0.5,True,,0.0080645161290322,1.0,0,1,43,123
8,15,"['48269', '48274', '48289', '48307', '48300', '48304', '48283', '48303']",CACHE_PRESSURE,0.6833333333333335,True,0.8320000000000001,0.06,0.2238805970149253,52,6,15,94
8,15,"['48269', '48274', '48289', '48307', '48300', '48304', '48283', '48303']",INTRA_NODE_LOAD_IMBALANCE,0.05,True,1.0,0.0,0.0,71,0,0,96
8,16,"['48278', '48307', '48290', '48295', '48305', '48308', '48283', '48303']",PIPELINE_STALL,0.05,True,0.6799999999999999,0.336283185840708,0.1639344262295081,51,38,10,75
8,16,"['48278', '48307', '48290', '48295', '48305', '48308', '48283', '48303']",COMPUTE_UNDERUTILIZATION,0.2833333333333334,True,0.8122270742358079,0.5308641975308642,0.0,93,43,0,38
8,16,"['48278', '48307', '48290', '48295', '48305', '48308', '48283', '48303']",PRECISION_WASTE,0.35,True,0.8433734939759037,0.0,0.2708333333333333,105,0,39,30
8,16,"['48278', '48307', '48290', '48295', '48305', '48308', '48283', '48303']",BRANCH_MISPREDICTION,0.5,True,0.4266666666666667,0.0,0.7288135593220338,16,0,43,115
8,16,"['48278', '48307', '48290', '48295', '48305', '48308', '48283', '48303']",CACHE_PRESSURE,0.16,True,0.8695652173913042,0.009090909090909,0.21875,50,1,14,109
8,16,"['48278', '48307', '48290', '48295', '48305', '48308', '48283', '48303']",INTRA_NODE_LOAD_IMBALANCE,0.05,True,1.0,0.0,0.0,105,0,0,69
8,17,"['48267', '48269', '48273', '48291', '48293', '48295', '48283', '48284']",PIPELINE_STALL,0.275,True,0.2352941176470588,0.0,0.8666666666666667,8,0,52,107
8,17,"['48267', '48269', '48273', '48291', '48293', '48295', '48283', '48284']",COMPUTE_UNDERUTILIZATION,0.05,True,0.659217877094972,0.0408163265306122,0.5,59,2,59,47
8,17,"['48267', '48269', '48273', '48291', '48293', '48295', '48283', '48284']",PRECISION_WASTE,0.05,True,0.8871595330739299,0.04,0.1971830985915492,114,1,28,24
8,17,"['48267', '48269', '48273', '48291', '48293', '48295', '48283', '48284']",BRANCH_MISPREDICTION,0.5,True,,0.140495867768595,1.0,0,17,46,104
8,17,"['48267', '48269', '48273', '48291', '48293', '48295', '48283', '48284']",CACHE_PRESSURE,0.225,True,0.7850467289719627,0.184,0.0,42,23,0,102
8,17,"['48267', '48269', '48273', '48291', '48293', '48295', '48283', '48284']",INTRA_NODE_LOAD_IMBALANCE,0.275,True,1.0,0.0,0.0,83,0,0,84
8,18,"['48267', '48269', '48274', '48276', '48307', '48283', '48284', '48303']",PIPELINE_STALL,0.2166666666666666,True,0.7850467289719627,0.0,0.3538461538461538,42,0,23,106
8,18,"['48267', '48269', '48274', '48276', '48307', '48283', '48284', '48303']",COMPUTE_UNDERUTILIZATION,0.25,True,0.8294930875576036,0.4567901234567901,0.0,90,37,0,44
8,18,"['48267', '48269', '48274', '48276', '48307', '48283', '48284', '48303']",PRECISION_WASTE,0.0666666666666666,True,0.9268292682926828,0.048780487804878,0.123076923076923,114,2,16,39
8,18,"['48267', '48269', '48274', '48276', '48307', '48283', '48284', '48303']",BRANCH_MISPREDICTION,0.275,True,0.9859154929577464,0.0,0.0277777777777777,35,0,1,135
8,18,"['48267', '48269', '48274', '48276', '48307', '48283', '48284', '48303']",CACHE_PRESSURE,0.275,True,0.8025477707006369,0.1808510638297872,0.1818181818181818,63,17,14,77
8,18,"['48267', '48269', '48274', '48276', '48307', '48283', '48284', '48303']",INTRA_NODE_LOAD_IMBALANCE,0.075,True,1.0,0.0,0.0,64,0,0,107
8,19,"['48270', '48276', '48278', '48307', '48293', '48295', '48304', '48283']",PIPELINE_STALL,0.05,True,0.6862745098039216,0.0,0.4776119402985074,35,0,32,98
8,19,"['48270', '48276', '48278', '48307', '48293', '48295', '48304', '48283']",COMPUTE_UNDERUTILIZATION,0.05,True,0.7946428571428571,0.6052631578947368,0.0,89,46,0,30
8,19,"['48270', '48276', '48278', '48307', '48293', '48295', '48304', '48283']",PRECISION_WASTE,0.075,True,0.8699551569506727,0.025,0.224,97,1,28,39
8,19,"['48270', '48276', '48278', '48307', '48293', '48295', '48304', '48283']",BRANCH_MISPREDICTION,0.05,True,1.0,0.0,0.0,44,0,0,121
8,19,"['48270', '48276', '48278', '48307', '48293', '48295', '48304', '48283']",CACHE_PRESSURE,0.3,True,0.6967741935483871,0.4234234234234234,0.0,54,47,0,64
8,19,"['48270', '48276', '48278', '48307', '48293', '48295', '48304', '48283']",INTRA_NODE_LOAD_IMBALANCE,0.05,True,1.0,0.0,0.0,68,0,0,97
8,20,"['48269', '48273', '48274', '48276', '48295', '48300', '48304', '48303']",PIPELINE_STALL,0.275,True,0.7359999999999999,0.1388888888888889,0.28125,46,15,18,93
8,20,"['48269', '48273', '48274', '48276', '48295', '48300', '48304', '48303']",COMPUTE_UNDERUTILIZATION,0.5,True,0.7298578199052133,0.6,0.0,77,57,0,38
8,20,"['48269', '48273', '48274', '48276', '48295', '48300', '48304', '48303']",PRECISION_WASTE,0.2,True,0.9294605809128632,0.0227272727272727,0.125,112,1,16,43
8,20,"['48269', '48273', '48274', '48276', '48295', '48300', '48304', '48303']",BRANCH_MISPREDICTION,0.1999999999999999,True,0.9855072463768116,0.0,0.0285714285714285,34,0,1,137
8,20,"['48269', '48273', '48274', '48276', '48295', '48300', '48304', '48303']",CACHE_PRESSURE,0.2,True,0.7142857142857142,0.0196078431372549,0.4285714285714285,40,2,30,100
8,20,"['48269', '48273', '48274', '48276', '48295', '48300', '48304', '48303']",INTRA_NODE_LOAD_IMBALANCE,0.1625,True,0.9610389610389612,0.0212765957446808,0.0512820512820512,74,2,4,92
8,21,"['48273', '48276', '48278', '48289', '48291', '48293', '48300', '48304']",PIPELINE_STALL,0.1999999999999999,True,0.831858407079646,0.1388888888888889,0.0784313725490196,47,15,4,93
8,21,"['48273', '48276', '48278', '48289', '48291', '48293', '48300', '48304']",COMPUTE_UNDERUTILIZATION,0.1333333333333333,True,0.8482142857142857,0.53125,0.0,95,34,0,30
8,21,"['48273', '48276', '48278', '48289', '48291', '48293', '48300', '48304']",PRECISION_WASTE,0.15,True,0.8432432432432432,0.0188679245283018,0.2641509433962264,78,1,28,52
8,21,"['48273', '48276', '48278', '48289', '48291', '48293', '48300', '48304']",BRANCH_MISPREDICTION,0.275,True,0.9855072463768116,0.0,0.0285714285714285,34,0,1,124
8,21,"['48273', '48276', '48278', '48289', '48291', '48293', '48300', '48304']",CACHE_PRESSURE,0.1625,True,0.6666666666666667,0.3125,0.1276595744680851,41,35,6,77
8,21,"['48273', '48276', '48278', '48289', '48291', '48293', '48300', '48304']",INTRA_NODE_LOAD_IMBALANCE,0.05,True,0.8920863309352518,0.0238095238095238,0.1733333333333333,62,2,13,82
8,22,"['48267', '48269', '48273', '48278', '48291', '48293', '48300', '48303']",PIPELINE_STALL,0.275,True,0.8173913043478261,0.1061946902654867,0.1607142857142857,47,12,9,101
8,22,"['48267', '48269', '48273', '48278', '48291', '48293', '48300', '48303']",COMPUTE_UNDERUTILIZATION,0.05,True,0.6775956284153004,0.0,0.4876033057851239,62,0,59,48
8,22,"['48267', '48269', '48273', '48278', '48291', '48293', '48300', '48303']",PRECISION_WASTE,0.05,True,0.8761061946902654,0.0,0.2204724409448819,99,0,28,42
8,22,"['48267', '48269', '48273', '48278', '48291', '48293', '48300', '48303']",BRANCH_MISPREDICTION,0.05,True,0.8148148148148148,0.16,0.0,44,20,0,105
8,22,"['48267', '48269', '48273', '48278', '48291', '48293', '48300', '48303']",CACHE_PRESSURE,0.4375,True,0.903846153846154,0.0344827586206896,0.1132075471698113,47,4,6,112
8,22,"['48267', '48269', '48273', '48278', '48291', '48293', '48300', '48303']",INTRA_NODE_LOAD_IMBALANCE,0.05,True,0.9112426035502956,0.0253164556962025,0.1444444444444444,77,2,13,77
8,23,"['48270', '48278', '48290', '48295', '48300', '48305', '48284', '48303']",PIPELINE_STALL,0.0666666666666666,True,0.8648648648648648,0.175438596491228,0.0,64,20,0,94
8,23,"['48270', '48278', '48290', '48295', '48300', '48305', '48284', '48303']",COMPUTE_UNDERUTILIZATION,0.075,True,0.628930817610063,0.0,0.5412844036697247,50,0,59,69
8,23,"['48270', '48278', '48290', '48295', '48300', '48305', '48284', '48303']",PRECISION_WASTE,0.275,True,0.8913857677902622,0.032258064516129,0.1904761904761904,119,1,28,30
8,23,"['48270', '48278', '48290', '48295', '48300', '48305', '48284', '48303']",BRANCH_MISPREDICTION,0.05,True,0.9870129870129868,0.0071428571428571,0.0,38,1,0,139
8,23,"['48270', '48278', '48290', '48295', '48300', '48305', '48284', '48303']",CACHE_PRESSURE,0.1625,True,0.8333333333333334,0.0091743119266055,0.2753623188405797,50,1,19,108
8,23,"['48270', '48278', '48290', '48295', '48300', '48305', '48284', '48303']",INTRA_NODE_LOAD_IMBALANCE,0.2,True,0.9617486338797816,0.0348837209302325,0.0434782608695652,88,3,4,83
8,24,"['48269', '48273', '48289', '48295', '48305', '48308', '48283', '48284']",PIPELINE_STALL,0.5,True,0.9,0.099009900990099,0.0597014925373134,63,10,4,91
8,24,"['48269', '48273', '48289', '48295', '48305', '48308', '48283', '48284']",COMPUTE_UNDERUTILIZATION,0.3166666666666666,True,0.9186602870813396,0.2361111111111111,0.0,96,17,0,55
8,24,"['48269', '48273', '48289', '48295', '48305', '48308', '48283', '48284']",PRECISION_WASTE,0.05,True,0.9187279151943464,0.4230769230769231,0.0845070422535211,130,11,12,15
8,24,"['48269', '48273', '48289', '48295', '48305', '48308', '48283', '48284']",BRANCH_MISPREDICTION,0.05,True,,0.1393442622950819,1.0,0,17,46,105
8,24,"['48269', '48273', '48289', '48295', '48305', '48308', '48283', '48284']",CACHE_PRESSURE,0.4375,True,0.8285714285714286,0.1041666666666666,0.1944444444444444,58,10,14,86
8,24,"['48269', '48273', '48289', '48295', '48305', '48308', '48283', '48284']",INTRA_NODE_LOAD_IMBALANCE,0.05,True,0.8227848101265823,0.0131578947368421,0.2934782608695652,65,1,27,75
8,25,"['48270', '48289', '48307', '48295', '48304', '48283', '48284', '48303']",PIPELINE_STALL,0.5833333333333334,True,0.9734513274336284,0.0,0.0517241379310344,55,0,3,111
8,25,"['48270', '48289', '48307', '48295', '48304', '48283', '48284', '48303']",COMPUTE_UNDERUTILIZATION,0.175,True,0.9550561797752808,0.0952380952380952,0.0,85,8,0,76
8,25,"['48270', '48289', '48307', '48295', '48304', '48283', '48284', '48303']",PRECISION_WASTE,0.05,True,0.9323308270676692,0.0689655172413793,0.1142857142857142,124,2,16,27
8,25,"['48270', '48289', '48307', '48295', '48304', '48283', '48284', '48303']",BRANCH_MISPREDICTION,0.05,True,0.9873417721518988,0.0076923076923076,0.0,39,1,0,129
8,25,"['48270', '48289', '48307', '48295', '48304', '48283', '48284', '48303']",CACHE_PRESSURE,0.4,True,0.7746478873239436,0.2743362831858407,0.0178571428571428,55,31,1,82
8,25,"['48270', '48289', '48307', '48295', '48304', '48283', '48284', '48303']",INTRA_NODE_LOAD_IMBALANCE,0.05,True,1.0,0.0,0.0,72,0,0,97
8,26,"['48267', '48269', '48278', '48290', '48293', '48295', '48305', '48284']",PIPELINE_STALL,0.5,True,0.8400000000000001,0.0918367346938775,0.1923076923076923,63,9,15,89
8,26,"['48267', '48269', '48278', '48290', '48293', '48295', '48305', '48284']",COMPUTE_UNDERUTILIZATION,0.275,True,0.719626168224299,0.025,0.4338235294117647,77,1,59,39
8,26,"['48267', '48269', '48278', '48290', '48293', '48295', '48305', '48284']",PRECISION_WASTE,0.05,True,0.8796680497925311,0.0238095238095238,0.208955223880597,106,1,28,41
8,26,"['48267', '48269', '48278', '48290', '48293', '48295', '48305', '48284']",BRANCH_MISPREDICTION,0.5,True,0.2888888888888889,0.146551724137931,0.7833333333333333,13,17,47,99
8,26,"['48267', '48269', '48278', '48290', '48293', '48295', '48305', '48284']",CACHE_PRESSURE,0.1625,True,0.7297297297297297,0.0076923076923076,0.4130434782608695,27,1,19,129
8,26,"['48267', '48269', '48278', '48290', '48293', '48295', '48305', '48284']",INTRA_NODE_LOAD_IMBALANCE,0.5,True,0.986425339366516,0.0,0.0267857142857142,109,0,3,64
8,27,"['48267', '48269', '48278', '48300', '48304', '48305', '48308', '48284']",PIPELINE_STALL,0.5,True,0.0851063829787234,0.0,0.9555555555555556,4,0,86,79
8,27,"['48267', '48269', '48278', '48300', '48304', '48305', '48308', '48284']",COMPUTE_UNDERUTILIZATION,0.05,True,0.8487394957983194,0.5294117647058824,0.0,101,36,0,32
8,27,"['48267', '48269', '48278', '48300', '48304', '48305', '48308', '48284']",PRECISION_WASTE,0.05,True,0.8984375,0.4814814814814814,0.0,115,26,0,28
8,27,"['48267', '48269', '48278', '48300', '48304', '48305', '48308', '48284']",BRANCH_MISPREDICTION,0.05,True,0.7764705882352942,0.064,0.25,33,8,11,117
8,27,"['48267', '48269', '48278', '48300', '48304', '48305', '48308', '48284']",CACHE_PRESSURE,0.05,True,0.8333333333333334,0.01,0.2753623188405797,50,1,19,99
8,27,"['48267', '48269', '48278', '48300', '48304', '48305', '48308', '48284']",INTRA_NODE_LOAD_IMBALANCE,0.05,True,0.5394736842105263,0.0,0.6306306306306306,41,0,70,58
8,28,"['48270', '48273', '48276', '48307', '48290', '48293', '48304', '48305']",PIPELINE_STALL,0.3333333333333333,True,0.8333333333333333,0.0,0.2857142857142857,35,0,14,119
8,28,"['48270', '48273', '48276', '48307', '48290', '48293', '48304', '48305']",COMPUTE_UNDERUTILIZATION,0.05,True,0.9868995633187774,0.0545454545454545,0.0,113,3,0,52
8,28,"['48270', '48273', '48276', '48307', '48290', '48293', '48304', '48305']",PRECISION_WASTE,0.05,True,0.7509293680297398,1.0,0.0,101,67,0,0
8,28,"['48270', '48273', '48276', '48307', '48290', '48293', '48304', '48305']",BRANCH_MISPREDICTION,0.05,True,1.0,0.0,0.0,30,0,0,138
8,28,"['48270', '48273', '48276', '48307', '48290', '48293', '48304', '48305']",CACHE_PRESSURE,0.05,True,0.6136363636363635,0.036036036036036,0.5263157894736842,27,4,30,107
8,28,"['48270', '48273', '48276', '48307', '48290', '48293', '48304', '48305']",INTRA_NODE_LOAD_IMBALANCE,0.05,True,0.9777777777777776,0.0,0.0434782608695652,66,0,3,99
8,29,"['48269', '48270', '48307', '48304', '48305', '48308', '48283', '48284']",PIPELINE_STALL,0.05,True,0.7090909090909091,0.0,0.4507042253521127,39,0,32,96
8,29,"['48269', '48270', '48307', '48304', '48305', '48308', '48283', '48284']",COMPUTE_UNDERUTILIZATION,0.075,True,0.9849246231155778,0.0434782608695652,0.0,98,3,0,66
8,29,"['48269', '48270', '48307', '48304', '48305', '48308', '48283', '48284']",PRECISION_WASTE,0.15,True,0.8995633187772927,0.2115384615384615,0.1043478260869565,103,11,12,41
8,29,"['48269', '48270', '48307', '48304', '48305', '48308', '48283', '48284']",BRANCH_MISPREDICTION,0.05,True,0.9873417721518988,0.0078125,0.0,39,1,0,127
8,29,"['48269', '48270', '48307', '48304', '48305', '48308', '48283', '48284']",CACHE_PRESSURE,0.4333333333333333,True,0.8205128205128205,0.1573033707865168,0.1794871794871795,64,14,14,75
8,29,"['48269', '48270', '48307', '48304', '48305', '48308', '48283', '48284']",INTRA_NODE_LOAD_IMBALANCE,0.05,True,1.0,0.0,0.0,84,0,0,83
8,30,"['48278', '48307', '48290', '48295', '48300', '48308', '48284', '48303']",PIPELINE_STALL,0.2,True,0.6612903225806452,0.1682242990654205,0.3692307692307692,41,18,24,89
8,30,"['48278', '48307', '48290', '48295', '48300', '48308', '48284', '48303']",COMPUTE_UNDERUTILIZATION,0.05,True,0.624,1.0,0.0,78,94,0,0
8,30,"['48278', '48307', '48290', '48295', '48300', '48308', '48284', '48303']",PRECISION_WASTE,0.3625,True,0.9745454545454546,0.0,0.0496453900709219,134,0,7,31
8,30,"['48278', '48307', '48290', '48295', '48300', '48308', '48284', '48303']",BRANCH_MISPREDICTION,0.5,True,0.6545454545454545,0.0559440559440559,0.3793103448275862,18,8,11,135
8,30,"['48278', '48307', '48290', '48295', '48300', '48308', '48284', '48303']",CACHE_PRESSURE,0.05,True,0.8387096774193548,0.0099009900990099,0.2676056338028169,52,1,19,100
8,30,"['48278', '48307', '48290', '48295', '48300', '48308', '48284', '48303']",INTRA_NODE_LOAD_IMBALANCE,0.5,True,0.9608938547486034,0.0365853658536585,0.0444444444444444,86,3,4,79
8,31,"['48269', '48274', '48276', '48307', '48290', '48295', '48308', '48303']",PIPELINE_STALL,0.1999999999999999,True,0.8260869565217391,0.2051282051282051,0.0,57,24,0,93
8,31,"['48269', '48274', '48276', '48307', '48290', '48295', '48308', '48303']",COMPUTE_UNDERUTILIZATION,0.2,True,0.801762114537445,0.5421686746987951,0.0,91,45,0,38
8,31,"['48269', '48274', '48276', '48307', '48290', '48295', '48308', '48303']",PRECISION_WASTE,0.15,True,0.7932489451476794,0.4745762711864407,0.1826086956521739,94,28,21,31
8,31,"['48269', '48274', '48276', '48307', '48290', '48295', '48308', '48303']",BRANCH_MISPREDICTION,0.5,True,0.98989898989899,0.0,0.02,49,0,1,124
8,31,"['48269', '48274', '48276', '48307', '48290', '48295', '48308', '48303']",CACHE_PRESSURE,0.275,True,0.7605633802816902,0.1568627450980392,0.25,54,16,18,86
8,31,"['48269', '48274', '48276', '48307', '48290', '48295', '48308', '48303']",INTRA_NODE_LOAD_IMBALANCE,0.05,True,0.9891304347826088,0.0,0.021505376344086,91,0,2,81
8,32,"['48267', '48270', '48273', '48278', '48305', '48283', '48284', '48303']",PIPELINE_STALL,0.05,True,0.9217391304347824,0.0341880341880341,0.0862068965517241,53,4,5,113
8,32,"['48267', '48270', '48273', '48278', '48305', '48283', '48284', '48303']",COMPUTE_UNDERUTILIZATION,0.05,True,0.6329113924050632,0.0,0.5370370370370371,50,0,58,67
8,32,"['48267', '48270', '48273', '48278', '48305', '48283', '48284', '48303']",PRECISION_WASTE,0.5,True,0.5789473684210527,0.0714285714285714,0.5900621118012422,66,1,95,13
8,32,"['48267', '48270', '48273', '48278', '48305', '48283', '48284', '48303']",BRANCH_MISPREDICTION,0.05,True,0.9876543209876544,0.0074074074074074,0.0,40,1,0,134
8,32,"['48267', '48270', '48273', '48278', '48305', '48283', '48284', '48303']",CACHE_PRESSURE,0.2375,True,0.8695652173913043,0.0396039603960396,0.1891891891891892,60,4,14,97
8,32,"['48267', '48270', '48273', '48278', '48305', '48283', '48284', '48303']",INTRA_NODE_LOAD_IMBALANCE,0.05,True,0.6772486772486772,0.4791666666666667,0.189873417721519,64,46,15,50
8,33,"['48267', '48273', '48276', '48289', '48307', '48293', '48295', '48305']",PIPELINE_STALL,0.2333333333333333,True,0.90625,0.0761904761904762,0.064516129032258,58,8,4,97
8,33,"['48267', '48273', '48276', '48289', '48307', '48293', '48295', '48305']",COMPUTE_UNDERUTILIZATION,0.05,True,0.873015873015873,0.5614035087719298,0.0,110,32,0,25
8,33,"['48267', '48273', '48276', '48289', '48307', '48293', '48295', '48305']",PRECISION_WASTE,0.05,True,0.7777777777777779,0.3636363636363636,0.25,84,20,28,35
8,33,"['48267', '48273', '48276', '48289', '48307', '48293', '48295', '48305']",BRANCH_MISPREDICTION,0.05,True,0.9859154929577464,0.0,0.0277777777777777,35,0,1,131
8,33,"['48267', '48273', '48276', '48289', '48307', '48293', '48295', '48305']",CACHE_PRESSURE,0.05,True,0.819047619047619,0.1025641025641025,0.14,43,12,7,105
8,33,"['48267', '48273', '48276', '48289', '48307', '48293', '48295', '48305']",INTRA_NODE_LOAD_IMBALANCE,0.05,True,0.9798657718120806,0.0,0.0394736842105263,73,0,3,91
8,34,"['48269', '48273', '48289', '48307', '48290', '48304', '48283', '48284']",PIPELINE_STALL,0.05,True,0.8095238095238095,0.0333333333333333,0.2608695652173913,34,4,12,116
8,34,"['48269', '48273', '48289', '48307', '48290', '48304', '48283', '48284']",COMPUTE_UNDERUTILIZATION,0.1999999999999999,True,0.5303867403314917,0.5416666666666666,0.4893617021276595,48,39,46,33
8,34,"['48269', '48273', '48289', '48307', '48290', '48304', '48283', '48284']",PRECISION_WASTE,0.05,True,0.9098039215686274,0.2894736842105263,0.09375,116,11,12,27
8,34,"['48269', '48273', '48289', '48307', '48290', '48304', '48283', '48284']",BRANCH_MISPREDICTION,0.05,True,0.6923076923076923,0.0222222222222222,0.4193548387096774,18,3,13,132
8,34,"['48269', '48273', '48289', '48307', '48290', '48304', '48283', '48284']",CACHE_PRESSURE,0.3333333333333334,True,0.8854961832061069,0.1308411214953271,0.0169491525423728,58,14,1,93
8,34,"['48269', '48273', '48289', '48307', '48290', '48304', '48283', '48284']",INTRA_NODE_LOAD_IMBALANCE,0.05,True,1.0,0.0,0.0,77,0,0,89
8,35,"['48274', '48276', '48278', '48295', '48304', '48305', '48308', '48283']",PIPELINE_STALL,0.5,True,0.864516129032258,0.1473684210526315,0.0945945945945946,67,14,7,81
8,35,"['48274', '48276', '48278', '48295', '48304', '48305', '48308', '48283']",COMPUTE_UNDERUTILIZATION,0.05,True,0.658008658008658,0.8494623655913979,0.0,76,79,0,14
8,35,"['48274', '48276', '48278', '48295', '48304', '48305', '48308', '48283']",PRECISION_WASTE,0.5,True,0.8767123287671234,0.8780487804878049,0.0,128,36,0,5
8,35,"['48274', '48276', '48278', '48295', '48304', '48305', '48308', '48283']",BRANCH_MISPREDICTION,0.5,True,0.992248062015504,0.0,0.0153846153846153,64,0,1,104
8,35,"['48274', '48276', '48278', '48295', '48304', '48305', '48308', '48283']",CACHE_PRESSURE,0.4,True,0.8666666666666665,0.0194174757281553,0.2121212121212121,52,2,14,101
8,35,"['48274', '48276', '48278', '48295', '48304', '48305', '48308', '48283']",INTRA_NODE_LOAD_IMBALANCE,0.2,True,1.0,0.0,0.0,99,0,0,70
8,36,"['48269', '48278', '48289', '48293', '48304', '48308', '48283', '48284']",PIPELINE_STALL,0.5,True,0.8137931034482758,0.1058823529411764,0.2337662337662337,59,9,18,76
8,36,"['48269', '48278', '48289', '48293', '48304', '48308', '48283', '48284']",COMPUTE_UNDERUTILIZATION,0.3166666666666667,True,0.8930232558139535,0.3484848484848485,0.0,96,23,0,43
8,36,"['48269', '48278', '48289', '48293', '48304', '48308', '48283', '48284']",PRECISION_WASTE,0.05,True,0.9051094890510948,0.6842105263157895,0.0,124,26,0,12
8,36,"['48269', '48278', '48289', '48293', '48304', '48308', '48283', '48284']",BRANCH_MISPREDICTION,0.5,True,0.2549019607843137,0.284313725490196,0.7833333333333333,13,29,47,73
8,36,"['48269', '48278', '48289', '48293', '48304', '48308', '48283', '48284']",CACHE_PRESSURE,0.7500000000000001,True,0.9243697478991596,0.0754716981132075,0.0178571428571428,55,8,1,98
8,36,"['48269', '48278', '48289', '48293', '48304', '48308', '48283', '48284']",INTRA_NODE_LOAD_IMBALANCE,0.2,True,1.0,0.0,0.0,91,0,0,71
8,37,"['48269', '48270', '48274', '48276', '48290', '48291', '48283', '48303']",PIPELINE_STALL,0.2166666666666666,True,0.8275862068965517,0.1102941176470588,0.0,36,15,0,121
8,37,"['48269', '48270', '48274', '48276', '48290', '48291', '48283', '48303']",COMPUTE_UNDERUTILIZATION,0.05,True,0.9224806201550388,0.3773584905660377,0.0,119,20,0,33
8,37,"['48269', '48270', '48274', '48276', '48290', '48291', '48283', '48303']",PRECISION_WASTE,0.15,True,0.9181818181818182,0.0363636363636363,0.1367521367521367,101,2,16,53
8,37,"['48269', '48270', '48274', '48276', '48290', '48291', '48283', '48303']",BRANCH_MISPREDICTION,0.05,True,1.0,0.0,0.0,59,0,0,113
8,37,"['48269', '48270', '48274', '48276', '48290', '48291', '48283', '48303']",CACHE_PRESSURE,0.2833333333333334,True,0.847682119205298,0.2129629629629629,0.0,64,23,0,85
8,37,"['48269', '48270', '48274', '48276', '48290', '48291', '48283', '48303']",INTRA_NODE_LOAD_IMBALANCE,0.05,True,1.0,0.0,0.0,80,0,0,92
8,38,"['48267', '48270', '48276', '48291', '48295', '48304', '48308', '48283']",PIPELINE_STALL,0.275,True,0.5934065934065934,0.0,0.578125,27,0,37,100
8,38,"['48267', '48270', '48276', '48291', '48295', '48304', '48308', '48283']",COMPUTE_UNDERUTILIZATION,0.1166666666666666,True,0.9565217391304348,0.1384615384615384,0.0,99,9,0,56
8,38,"['48267', '48270', '48276', '48291', '48295', '48304', '48308', '48283']",PRECISION_WASTE,0.05,True,0.8527131782945736,0.7037037037037037,0.0,110,38,0,16
8,38,"['48267', '48270', '48276', '48291', '48295', '48304', '48308', '48283']",BRANCH_MISPREDICTION,0.05,True,1.0,0.0,0.0,59,0,0,105
8,38,"['48267', '48270', '48276', '48291', '48295', '48304', '48308', '48283']",CACHE_PRESSURE,0.3125,True,0.8155339805825244,0.1557377049180328,0.0,42,19,0,103
8,38,"['48267', '48270', '48276', '48291', '48295', '48304', '48308', '48283']",INTRA_NODE_LOAD_IMBALANCE,0.05,True,1.0,0.0,0.0,98,0,0,66
8,39,"['48276', '48289', '48290', '48291', '48293', '48304', '48308', '48284']",PIPELINE_STALL,0.05,True,0.3943661971830986,0.0,0.7543859649122807,14,0,43,103
8,39,"['48276', '48289', '48290', '48291', '48293', '48304', '48308', '48284']",COMPUTE_UNDERUTILIZATION,0.05,True,0.9298245614035088,0.2962962962962963,0.0,106,16,0,38
8,39,"['48276', '48289', '48290', '48291', '48293', '48304', '48308', '48284']",PRECISION_WASTE,0.05,True,0.7351778656126483,1.0,0.0,93,67,0,0
8,39,"['48276', '48289', '48290', '48291', '48293', '48304', '48308', '48284']",BRANCH_MISPREDICTION,0.275,True,0.99009900990099,0.0,0.0196078431372549,50,0,1,109
8,39,"['48276', '48289', '48290', '48291', '48293', '48304', '48308', '48284']",CACHE_PRESSURE,0.1399999999999999,True,0.6666666666666667,0.1935483870967742,0.1666666666666666,30,24,6,100
8,39,"['48276', '48289', '48290', '48291', '48293', '48304', '48308', '48284']",INTRA_NODE_LOAD_IMBALANCE,0.05,True,0.9832402234636872,0.0,0.0329670329670329,88,0,3,69
8,40,"['48269', '48273', '48291', '48304', '48308', '48283', '48284', '48303']",PIPELINE_STALL,0.05,True,0.6627218934911243,0.5181818181818182,0.0,56,57,0,53
8,40,"['48269', '48273', '48291', '48304', '48308', '48283', '48284', '48303']",COMPUTE_UNDERUTILIZATION,0.175,True,0.9411764705882352,0.141025641025641,0.0,88,11,0,67
8,40,"['48269', '48273', '48291', '48304', '48308', '48283', '48284', '48303']",PRECISION_WASTE,0.275,True,0.7387387387387386,0.037037037037037,0.4100719424460431,82,1,57,26
8,40,"['48269', '48273', '48291', '48304', '48308', '48283', '48284', '48303']",BRANCH_MISPREDICTION,0.5,True,0.8214285714285715,0.1666666666666666,0.0,46,20,0,100
8,40,"['48269', '48273', '48291', '48304', '48308', '48283', '48284', '48303']",CACHE_PRESSURE,0.2166666666666666,True,0.8732394366197184,0.173076923076923,0.0,62,18,0,86
8,40,"['48269', '48273', '48291', '48304', '48308', '48283', '48284', '48303']",INTRA_NODE_LOAD_IMBALANCE,0.05,True,0.8227848101265823,0.0135135135135135,0.2934782608695652,65,1,27,73
8,41,"['48270', '48278', '48289', '48295', '48305', '48308', '48283', '48284']",PIPELINE_STALL,0.35,True,0.8245614035087719,0.0,0.2985074626865671,47,0,20,102
8,41,"['48270', '48278', '48289', '48295', '48305', '48308', '48283', '48284']",COMPUTE_UNDERUTILIZATION,0.05,True,0.9850746268656716,0.0428571428571428,0.0,99,3,0,67
8,41,"['48270', '48278', '48289', '48295', '48305', '48308', '48283', '48284']",PRECISION_WASTE,0.05,True,0.9285714285714286,0.2962962962962963,0.0845070422535211,130,8,12,19
8,41,"['48270', '48278', '48289', '48295', '48305', '48308', '48283', '48284']",BRANCH_MISPREDICTION,0.275,True,0.9908256880733944,0.008695652173913,0.0,54,1,0,114
8,41,"['48270', '48278', '48289', '48295', '48305', '48308', '48283', '48284']",CACHE_PRESSURE,0.3125,True,0.8837209302325583,0.010204081632653,0.1971830985915492,57,1,14,97
8,41,"['48270', '48278', '48289', '48295', '48305', '48308', '48283', '48284']",INTRA_NODE_LOAD_IMBALANCE,0.05,True,0.8250000000000001,0.0131578947368421,0.2903225806451613,66,1,27,75
8,42,"['48270', '48276', '48278', '48289', '48295', '48304', '48283', '48303']",PIPELINE_STALL,0.2125,True,0.7875000000000001,0.320754716981132,0.0,63,34,0,72
8,42,"['48270', '48276', '48278', '48289', '48295', '48304', '48283', '48303']",COMPUTE_UNDERUTILIZATION,0.3875,True,0.9508196721311476,0.1097560975609756,0.0,87,9,0,73
8,42,"['48270', '48276', '48278', '48289', '48295', '48304', '48283', '48303']",PRECISION_WASTE,0.05,True,0.931818181818182,0.0666666666666666,0.1151079136690647,123,2,16,28
8,42,"['48270', '48276', '48278', '48289', '48295', '48304', '48283', '48303']",BRANCH_MISPREDICTION,0.05,True,1.0,0.0,0.0,59,0,0,110
8,42,"['48270', '48276', '48278', '48289', '48295', '48304', '48283', '48303']",CACHE_PRESSURE,0.4000000000000001,True,0.8270676691729323,0.2017543859649122,0.0,55,23,0,91
8,42,"['48270', '48276', '48278', '48289', '48295', '48304', '48283', '48303']",INTRA_NODE_LOAD_IMBALANCE,0.05,True,1.0,0.0,0.0,86,0,0,83
8,43,"['48270', '48274', '48276', '48278', '48289', '48304', '48305', '48284']",PIPELINE_STALL,0.2625,True,0.857142857142857,0.009009009009009,0.2372881355932203,45,1,14,110
8,43,"['48270', '48274', '48276', '48278', '48289', '48304', '48305', '48284']",COMPUTE_UNDERUTILIZATION,0.3,True,0.9949748743718592,0.0140845070422535,0.0,99,1,0,70
8,43,"['48270', '48274', '48276', '48278', '48289', '48304', '48305', '48284']",PRECISION_WASTE,0.05,True,0.8984375,0.4727272727272727,0.0,115,26,0,29
8,43,"['48270', '48274', '48276', '48278', '48289', '48304', '48305', '48284']",BRANCH_MISPREDICTION,0.05,True,1.0,0.0,0.0,45,0,0,125
8,43,"['48270', '48274', '48276', '48278', '48289', '48304', '48305', '48284']",CACHE_PRESSURE,0.475,True,0.8503937007874016,0.0,0.2602739726027397,54,0,19,97
8,43,"['48270', '48274', '48276', '48278', '48289', '48304', '48305', '48284']",INTRA_NODE_LOAD_IMBALANCE,0.05,True,0.9875,0.0,0.0246913580246913,79,0,2,89
8,44,"['48267', '48270', '48276', '48278', '48290', '48293', '48300', '48308']",PIPELINE_STALL,0.275,True,0.864,0.0306122448979591,0.2058823529411764,54,3,14,95
8,44,"['48267', '48270', '48276', '48278', '48290', '48293', '48300', '48308']",COMPUTE_UNDERUTILIZATION,0.05,True,0.9785407725321889,0.0961538461538461,0.0,114,5,0,47
8,44,"['48267', '48270', '48276', '48278', '48290', '48293', '48300', '48308']",PRECISION_WASTE,0.05,True,0.7586206896551725,0.9402985074626866,0.0,99,63,0,4
8,44,"['48267', '48270', '48276', '48278', '48290', '48293', '48300', '48308']",BRANCH_MISPREDICTION,0.05,True,0.8533333333333333,0.0,0.2558139534883721,32,0,11,123
8,44,"['48267', '48270', '48276', '48278', '48290', '48293', '48300', '48308']",CACHE_PRESSURE,0.275,True,0.7999999999999999,0.0093457943925233,0.3220338983050847,40,1,19,106
8,44,"['48267', '48270', '48276', '48278', '48290', '48293', '48300', '48308']",INTRA_NODE_LOAD_IMBALANCE,0.05,True,0.9066666666666668,0.0,0.1707317073170731,68,0,14,84
8,45,"['48270', '48274', '48278', '48293', '48304', '48283', '48284', '48303']",PIPELINE_STALL,0.15,True,0.8571428571428571,0.1801801801801801,0.0,60,20,0,91
8,45,"['48270', '48274', '48278', '48293', '48304', '48283', '48284', '48303']",COMPUTE_UNDERUTILIZATION,0.05,True,0.7169811320754718,0.986842105263158,0.0,95,75,0,1
8,45,"['48270', '48274', '48278', '48293', '48304', '48283', '48284', '48303']",PRECISION_WASTE,0.2,True,0.7949790794979079,0.0,0.3402777777777778,95,0,49,27
8,45,"['48270', '48274', '48278', '48293', '48304', '48283', '48284', '48303']",BRANCH_MISPREDICTION,0.05,True,0.9908256880733944,0.0085470085470085,0.0,54,1,0,116
8,45,"['48270', '48274', '48278', '48293', '48304', '48283', '48284', '48303']",CACHE_PRESSURE,0.45,True,0.8531468531468531,0.1909090909090909,0.0,61,21,0,89
8,45,"['48270', '48274', '48278', '48293', '48304', '48283', '48284', '48303']",INTRA_NODE_LOAD_IMBALANCE,0.2333333333333333,True,1.0,0.0,0.0,66,0,0,105
8,46,"['48267', '48274', '48276', '48293', '48295', '48308', '48284', '48303']",PIPELINE_STALL,0.275,True,,0.0,1.0,0,0,78,93
8,46,"['48267', '48274', '48276', '48293', '48295', '48308', '48284', '48303']",COMPUTE_UNDERUTILIZATION,0.05,True,0.8070175438596492,0.5569620253164557,0.0,92,44,0,35
8,46,"['48267', '48274', '48276', '48293', '48295', '48308', '48284', '48303']",PRECISION_WASTE,0.2833333333333334,True,0.996078431372549,0.0227272727272727,0.0,127,1,0,43
8,46,"['48267', '48274', '48276', '48293', '48295', '48308', '48284', '48303']",BRANCH_MISPREDICTION,0.05,True,0.99009900990099,0.0,0.0196078431372549,50,0,1,120
8,46,"['48267', '48274', '48276', '48293', '48295', '48308', '48284', '48303']",CACHE_PRESSURE,0.05,True,0.7777777777777778,0.175438596491228,0.1403508771929824,49,20,8,94
8,46,"['48267', '48274', '48276', '48293', '48295', '48308', '48284', '48303']",INTRA_NODE_LOAD_IMBALANCE,0.05,True,0.9871794871794872,0.0,0.0253164556962025,77,0,2,92
8,47,"['48269', '48270', '48273', '48276', '48307', '48290', '48305', '48284']",PIPELINE_STALL,0.375,True,0.7272727272727273,0.0,0.4285714285714285,28,0,21,123
8,47,"['48269', '48270', '48273', '48276', '48307', '48290', '48305', '48284']",COMPUTE_UNDERUTILIZATION,0.5,True,0.9870129870129868,0.0517241379310344,0.0,114,3,0,55
8,47,"['48269', '48270', '48273', '48276', '48307', '48290', '48305', '48284']",PRECISION_WASTE,0.5,True,0.944,0.2592592592592592,0.0,118,14,0,40
8,47,"['48269', '48270', '48273', '48276', '48307', '48290', '48305', '48284']",BRANCH_MISPREDICTION,0.05,True,1.0,0.0,0.0,16,0,0,156
8,47,"['48269', '48270', '48273', '48276', '48307', '48290', '48305', '48284']",CACHE_PRESSURE,0.275,True,0.7323943661971831,0.057471264367816,0.388235294117647,52,5,33,82
8,47,"['48269', '48270', '48273', '48276', '48307', '48290', '48305', '48284']",INTRA_NODE_LOAD_IMBALANCE,0.05,True,0.3720930232558139,0.0,0.7714285714285715,16,0,54,102
8,48,"['48270', '48273', '48278', '48307', '48305', '48308', '48284', '48303']",PIPELINE_STALL,0.2625,True,0.9904761904761904,0.0,0.0188679245283018,52,0,1,120
8,48,"['48270', '48273', '48278', '48307', '48305', '48308', '48284', '48303']",COMPUTE_UNDERUTILIZATION,0.05,True,0.8177777777777777,0.5061728395061729,0.0,92,41,0,40
8,48,"['48270', '48273', '48278', '48307', '48305', '48308', '48284', '48303']",PRECISION_WASTE,0.5,True,0.8099173553719009,0.0333333333333333,0.3146853146853147,98,1,45,29
8,48,"['48270', '48273', '48278', '48307', '48305', '48308', '48284', '48303']",BRANCH_MISPREDICTION,0.05,True,0.9803921568627452,0.0067567567567567,0.0,25,1,0,147
8,48,"['48270', '48273', '48278', '48307', '48305', '48308', '48284', '48303']",CACHE_PRESSURE,0.275,True,0.8795180722891566,0.0123456790123456,0.2065217391304347,73,1,19,80
8,48,"['48270', '48273', '48278', '48307', '48305', '48308', '48284', '48303']",INTRA_NODE_LOAD_IMBALANCE,0.075,True,0.9324324324324323,0.0,0.1265822784810126,69,0,10,94
8,49,"['48270', '48273', '48274', '48295', '48304', '48305', '48308', '48284']",PIPELINE_STALL,0.2,True,0.7346938775510204,0.0347826086956521,0.3793103448275862,36,4,22,111
8,49,"['48270', '48273', '48274', '48295', '48304', '48305', '48308', '48284']",COMPUTE_UNDERUTILIZATION,0.5,True,0.9836065573770492,0.036144578313253,0.0,90,3,0,80
8,49,"['48270', '48273', '48274', '48295', '48304', '48305', '48308', '48284']",PRECISION_WASTE,0.05,True,0.963235294117647,0.238095238095238,0.0,131,10,0,32
8,49,"['48270', '48273', '48274', '48295', '48304', '48305', '48308', '48284']",BRANCH_MISPREDICTION,0.05,True,0.9876543209876544,0.0075187969924812,0.0,40,1,0,132
8,49,"['48270', '48273', '48274', '48295', '48304', '48305', '48308', '48284']",CACHE_PRESSURE,0.05,True,0.863013698630137,0.1089108910891089,0.125,63,11,9,90
8,49,"['48270', '48273', '48274', '48295', '48304', '48305', '48308', '48284']",INTRA_NODE_LOAD_IMBALANCE,0.275,True,0.74,0.4470588235294118,0.1590909090909091,74,38,14,47
10,0,"['48269', '48270', '48273', '48276', '48278', '48307', '48290', '48291', '48295', '48308']",PIPELINE_STALL,0.3166666666666667,True,0.1875,0.0,0.896551724137931,3,0,26,112
10,0,"['48269', '48270', '48273', '48276', '48278', '48307', '48290', '48291', '48295', '48308']",COMPUTE_UNDERUTILIZATION,0.3166666666666667,True,0.9518716577540108,0.173076923076923,0.0,89,9,0,43
10,0,"['48269', '48270', '48273', '48276', '48278', '48307', '48290', '48291', '48295', '48308']",PRECISION_WASTE,0.0666666666666666,True,0.8958333333333333,0.1860465116279069,0.1224489795918367,86,8,12,35
10,0,"['48269', '48270', '48273', '48276', '48278', '48307', '48290', '48291', '48295', '48308']",BRANCH_MISPREDICTION,0.05,True,1.0,0.0,0.0,30,0,0,111
10,0,"['48269', '48270', '48273', '48276', '48278', '48307', '48290', '48291', '48295', '48308']",CACHE_PRESSURE,0.1625,True,0.8615384615384616,0.1625,0.081967213114754,56,13,5,67
10,0,"['48269', '48270', '48273', '48276', '48278', '48307', '48290', '48291', '48295', '48308']",INTRA_NODE_LOAD_IMBALANCE,0.05,True,0.9044585987261148,0.0350877192982456,0.1547619047619047,71,2,13,55
10,1,"['48269', '48270', '48278', '48307', '48290', '48300', '48304', '48305', '48284', '48303']",PIPELINE_STALL,0.325,True,0.625,0.0,0.5454545454545454,25,0,30,92
10,1,"['48269', '48270', '48278', '48307', '48290', '48300', '48304', '48305', '48284', '48303']",COMPUTE_UNDERUTILIZATION,0.1125,True,0.994535519125683,0.0178571428571428,0.0,91,1,0,55
10,1,"['48269', '48270', '48278', '48307', '48290', '48300', '48304', '48305', '48284', '48303']",PRECISION_WASTE,0.0625,True,0.839779005524862,0.0232558139534883,0.2692307692307692,76,1,28,42
10,1,"['48269', '48270', '48278', '48307', '48290', '48300', '48304', '48305', '48284', '48303']",BRANCH_MISPREDICTION,0.05,True,0.9787234042553192,0.0080645161290322,0.0,23,1,0,123
10,1,"['48269', '48270', '48278', '48307', '48290', '48300', '48304', '48305', '48284', '48303']",CACHE_PRESSURE,0.05,True,0.8245614035087719,0.0123456790123456,0.2878787878787879,47,1,19,80
10,1,"['48269', '48270', '48278', '48307', '48290', '48300', '48304', '48305', '48284', '48303']",INTRA_NODE_LOAD_IMBALANCE,0.2,True,0.9542483660130718,0.0428571428571428,0.0519480519480519,73,3,4,67
10,2,"['48269', '48274', '48307', '48290', '48293', '48305', '48308', '48283', '48284', '48303']",PIPELINE_STALL,0.2625,True,0.9380530973451328,0.0769230769230769,0.0,53,7,0,84
10,2,"['48269', '48274', '48307', '48290', '48293', '48305', '48308', '48283', '48284', '48303']",COMPUTE_UNDERUTILIZATION,0.05,True,0.878048780487805,0.4629629629629629,0.0,90,25,0,29
10,2,"['48269', '48274', '48307', '48290', '48293', '48305', '48308', '48283', '48284', '48303']",PRECISION_WASTE,0.05,True,0.7836257309941521,0.0,0.3557692307692308,67,0,37,40
10,2,"['48269', '48274', '48307', '48290', '48293', '48305', '48308', '48283', '48284', '48303']",BRANCH_MISPREDICTION,0.275,True,0.8181818181818181,0.202020202020202,0.0,45,20,0,79
10,2,"['48269', '48274', '48307', '48290', '48293', '48305', '48308', '48283', '48284', '48303']",CACHE_PRESSURE,0.3875,True,0.7933884297520662,0.1341463414634146,0.2258064516129032,48,11,14,71
10,2,"['48269', '48274', '48307', '48290', '48293', '48305', '48308', '48283', '48284', '48303']",INTRA_NODE_LOAD_IMBALANCE,0.05,True,1.0,0.0,0.0,64,0,0,80
10,3,"['48269', '48273', '48274', '48276', '48289', '48290', '48291', '48300', '48304', '48305']",PIPELINE_STALL,0.05,True,0.7297297297297297,0.1481481481481481,0.1290322580645161,27,16,4,92
10,3,"['48269', '48273', '48274', '48276', '48289', '48290', '48291', '48300', '48304', '48305']",COMPUTE_UNDERUTILIZATION,0.05,True,0.9215686274509804,0.3555555555555555,0.0,94,16,0,29
10,3,"['48269', '48273', '48274', '48276', '48289', '48290', '48291', '48300', '48304', '48305']",PRECISION_WASTE,0.05,True,0.6824644549763034,1.0,0.0,72,67,0,0
10,3,"['48269', '48273', '48274', '48276', '48289', '48290', '48291', '48300', '48304', '48305']",BRANCH_MISPREDICTION,0.2,True,0.9855072463768116,0.0,0.0285714285714285,34,0,1,104
10,3,"['48269', '48273', '48274', '48276', '48289', '48290', '48291', '48300', '48304', '48305']",CACHE_PRESSURE,0.275,True,0.9333333333333332,0.0,0.125,42,0,6,91
10,3,"['48269', '48273', '48274', '48276', '48289', '48290', '48291', '48300', '48304', '48305']",INTRA_NODE_LOAD_IMBALANCE,0.2,True,0.9873417721518988,0.0327868852459016,0.0,78,2,0,59
10,4,"['48267', '48269', '48274', '48276', '48278', '48290', '48291', '48293', '48300', '48304']",PIPELINE_STALL,0.1625,True,0.8113207547169812,0.146067415730337,0.14,43,13,7,76
10,4,"['48267', '48269', '48274', '48276', '48278', '48290', '48291', '48293', '48300', '48304']",COMPUTE_UNDERUTILIZATION,0.225,True,0.8995633187772926,0.6388888888888888,0.0,103,23,0,13
10,4,"['48267', '48269', '48274', '48276', '48278', '48290', '48291', '48293', '48300', '48304']",PRECISION_WASTE,0.05,True,0.6824644549763034,1.0,0.0,72,67,0,0
10,4,"['48267', '48269', '48274', '48276', '48278', '48290', '48291', '48293', '48300', '48304']",BRANCH_MISPREDICTION,0.5,True,0.9896907216494846,0.0,0.0204081632653061,48,0,1,90
10,4,"['48267', '48269', '48274', '48276', '48278', '48290', '48291', '48293', '48300', '48304']",CACHE_PRESSURE,0.4833333333333334,True,0.787878787878788,0.0833333333333333,0.1612903225806451,26,9,5,99
10,4,"['48267', '48269', '48274', '48276', '48278', '48290', '48291', '48293', '48300', '48304']",INTRA_NODE_LOAD_IMBALANCE,0.05,True,0.9878048780487804,0.0,0.0240963855421686,81,0,2,56
10,5,"['48267', '48270', '48276', '48291', '48293', '48300', '48304', '48308', '48283', '48284']",PIPELINE_STALL,0.275,True,0.5934065934065934,0.0,0.578125,27,0,37,66
10,5,"['48267', '48270', '48276', '48291', '48293', '48300', '48304', '48308', '48283', '48284']",COMPUTE_UNDERUTILIZATION,0.175,True,0.9529411764705884,0.1632653061224489,0.0,81,8,0,41
10,5,"['48267', '48270', '48276', '48291', '48293', '48300', '48304', '48308', '48283', '48284']",PRECISION_WASTE,0.5166666666666667,True,0.8729281767955802,0.44,0.0125,79,22,1,28
10,5,"['48267', '48270', '48276', '48291', '48293', '48300', '48304', '48308', '48283', '48284']",BRANCH_MISPREDICTION,0.05,True,1.0,0.0,0.0,29,0,0,101
10,5,"['48267', '48270', '48276', '48291', '48293', '48300', '48304', '48308', '48283', '48284']",CACHE_PRESSURE,0.1375,True,0.7647058823529412,0.2637362637362637,0.0,39,24,0,67
10,5,"['48267', '48270', '48276', '48291', '48293', '48300', '48304', '48308', '48283', '48284']",INTRA_NODE_LOAD_IMBALANCE,0.05,True,1.0,0.0,0.0,53,0,0,77
10,6,"['48267', '48270', '48274', '48278', '48289', '48293', '48300', '48304', '48305', '48283']",PIPELINE_STALL,0.075,True,0.88,0.1785714285714285,0.0,55,15,0,69
10,6,"['48267', '48270', '48274', '48278', '48289', '48293', '48300', '48304', '48305', '48283']",COMPUTE_UNDERUTILIZATION,0.05,True,1.0,0.0,0.0,98,0,0,41
10,6,"['48267', '48270', '48274', '48278', '48289', '48293', '48300', '48304', '48305', '48283']",PRECISION_WASTE,0.3750000000000001,True,0.8380952380952381,0.6666666666666666,0.0,88,34,0,17
10,6,"['48267', '48270', '48274', '48278', '48289', '48293', '48300', '48304', '48305', '48283']",BRANCH_MISPREDICTION,0.5,True,0.9904761904761904,0.0114942528735632,0.0,52,1,0,86
10,6,"['48267', '48270', '48274', '48278', '48289', '48293', '48300', '48304', '48305', '48283']",CACHE_PRESSURE,0.4625,True,0.7941176470588235,0.0,0.3414634146341463,27,0,14,98
10,6,"['48267', '48270', '48274', '48278', '48289', '48293', '48300', '48304', '48305', '48283']",INTRA_NODE_LOAD_IMBALANCE,0.05,True,1.0,0.0,0.0,64,0,0,75
10,7,"['48267', '48269', '48270', '48278', '48289', '48295', '48305', '48308', '48284', '48303']",PIPELINE_STALL,0.35,True,0.8347826086956522,0.0,0.2835820895522388,48,0,19,81
10,7,"['48267', '48269', '48270', '48278', '48289', '48295', '48305', '48308', '48284', '48303']",COMPUTE_UNDERUTILIZATION,0.1625,True,0.9951690821256038,0.0222222222222222,0.0,103,1,0,44
10,7,"['48267', '48269', '48270', '48278', '48289', '48295', '48305', '48308', '48284', '48303']",PRECISION_WASTE,0.05,True,0.9914529914529916,0.0625,0.0,116,2,0,30
10,7,"['48267', '48269', '48270', '48278', '48289', '48295', '48305', '48308', '48284', '48303']",BRANCH_MISPREDICTION,0.05,True,0.9908256880733944,0.0106382978723404,0.0,54,1,0,93
10,7,"['48267', '48269', '48270', '48278', '48289', '48295', '48305', '48308', '48284', '48303']",CACHE_PRESSURE,0.2375,True,0.8080808080808081,0.0,0.3220338983050847,40,0,19,89
10,7,"['48267', '48269', '48270', '48278', '48289', '48295', '48305', '48308', '48284', '48303']",INTRA_NODE_LOAD_IMBALANCE,0.05,True,0.8405797101449276,0.391304347826087,0.1470588235294117,87,18,15,28
10,8,"['48267', '48276', '48278', '48307', '48291', '48295', '48300', '48304', '48283', '48303']",PIPELINE_STALL,0.05,True,0.7899159663865545,0.1851851851851851,0.175438596491228,47,15,10,66
10,8,"['48267', '48276', '48278', '48307', '48291', '48295', '48300', '48304', '48283', '48303']",COMPUTE_UNDERUTILIZATION,0.05,True,0.7209302325581396,0.631578947368421,0.0,62,48,0,28
10,8,"['48267', '48276', '48278', '48307', '48291', '48295', '48300', '48304', '48283', '48303']",PRECISION_WASTE,0.05,True,0.8526315789473684,0.0,0.2568807339449541,81,0,28,29
10,8,"['48267', '48276', '48278', '48307', '48291', '48295', '48300', '48304', '48283', '48303']",BRANCH_MISPREDICTION,0.05,True,0.9850746268656716,0.0,0.0294117647058823,33,0,1,104
10,8,"['48267', '48276', '48278', '48307', '48291', '48295', '48300', '48304', '48283', '48303']",CACHE_PRESSURE,0.475,True,0.6666666666666666,0.3465346534653465,0.027027027027027,36,35,1,66
10,8,"['48267', '48276', '48278', '48307', '48291', '48295', '48300', '48304', '48283', '48303']",INTRA_NODE_LOAD_IMBALANCE,0.05,True,1.0,0.0,0.0,74,0,0,64
10,9,"['48267', '48269', '48270', '48273', '48278', '48307', '48290', '48291', '48295', '48303']",PIPELINE_STALL,0.09,True,0.5925925925925924,0.2580645161290322,0.04,24,32,1,92
10,9,"['48267', '48269', '48270', '48273', '48278', '48307', '48290', '48291', '48295', '48303']",COMPUTE_UNDERUTILIZATION,0.275,True,0.960698689956332,0.2307692307692307,0.0,110,9,0,30
10,9,"['48267', '48269', '48270', '48273', '48278', '48307', '48290', '48291', '48295', '48303']",PRECISION_WASTE,0.5,True,0.9181818181818182,0.0625,0.1367521367521367,101,2,16,30
10,9,"['48267', '48269', '48270', '48273', '48278', '48307', '48290', '48291', '48295', '48303']",BRANCH_MISPREDICTION,0.05,True,0.9873417721518988,0.009090909090909,0.0,39,1,0,109
10,9,"['48267', '48269', '48270', '48273', '48278', '48307', '48290', '48291', '48295', '48303']",CACHE_PRESSURE,0.16,True,0.8571428571428571,0.0761904761904762,0.1136363636363636,39,8,5,97
10,9,"['48267', '48269', '48270', '48273', '48278', '48307', '48290', '48291', '48295', '48303']",INTRA_NODE_LOAD_IMBALANCE,0.1625,True,0.9142857142857144,0.0357142857142857,0.1397849462365591,80,2,13,54
10,10,"['48270', '48274', '48276', '48278', '48289', '48290', '48291', '48293', '48308', '48284']",PIPELINE_STALL,0.3666666666666667,True,0.4102564102564102,0.0,0.7419354838709677,8,0,23,106
10,10,"['48270', '48274', '48276', '48278', '48289', '48290', '48291', '48293', '48308', '48284']",COMPUTE_UNDERUTILIZATION,0.05,True,0.98989898989899,0.0512820512820512,0.0,98,2,0,37
10,10,"['48270', '48274', '48276', '48278', '48289', '48290', '48291', '48293', '48308', '48284']",PRECISION_WASTE,0.0666666666666666,True,0.869109947643979,0.4629629629629629,0.0,83,25,0,29
10,10,"['48270', '48274', '48276', '48278', '48289', '48290', '48291', '48293', '48308', '48284']",BRANCH_MISPREDICTION,0.05,True,1.0,0.0,0.0,45,0,0,92
10,10,"['48270', '48274', '48276', '48278', '48289', '48290', '48291', '48293', '48308', '48284']",CACHE_PRESSURE,0.33,True,0.7073170731707316,0.0454545454545454,0.4081632653061224,29,4,20,84
10,10,"['48270', '48274', '48276', '48278', '48289', '48290', '48291', '48293', '48308', '48284']",INTRA_NODE_LOAD_IMBALANCE,0.05,True,0.9846153846153848,0.0,0.0303030303030303,64,0,2,71
10,11,"['48270', '48273', '48274', '48278', '48307', '48295', '48300', '48304', '48283', '48303']",PIPELINE_STALL,0.12,True,0.8505747126436781,0.1214953271028037,0.0,37,13,0,94
10,11,"['48270', '48273', '48274', '48278', '48307', '48295', '48300', '48304', '48283', '48303']",COMPUTE_UNDERUTILIZATION,0.05,True,0.8125000000000001,0.2608695652173913,0.0,52,24,0,68
10,11,"['48270', '48273', '48274', '48278', '48307', '48295', '48300', '48304', '48283', '48303']",PRECISION_WASTE,0.4166666666666667,True,0.9300411522633744,0.0666666666666666,0.1240310077519379,113,1,16,14
10,11,"['48270', '48273', '48274', '48278', '48307', '48295', '48300', '48304', '48283', '48303']",BRANCH_MISPREDICTION,0.05,True,0.9787234042553192,0.0082644628099173,0.0,23,1,0,120
10,11,"['48270', '48273', '48274', '48278', '48307', '48295', '48300', '48304', '48283', '48303']",CACHE_PRESSURE,0.35,True,0.847682119205298,0.2875,0.0,64,23,0,57
10,11,"['48270', '48273', '48274', '48278', '48307', '48295', '48300', '48304', '48283', '48303']",INTRA_NODE_LOAD_IMBALANCE,0.05,True,1.0,0.0,0.0,50,0,0,94
10,12,"['48267', '48270', '48274', '48289', '48307', '48295', '48300', '48304', '48305', '48308']",PIPELINE_STALL,0.35,True,0.9090909090909092,0.0689655172413793,0.074074074074074,50,6,4,81
10,12,"['48267', '48270', '48274', '48289', '48307', '48295', '48300', '48304', '48305', '48308']",COMPUTE_UNDERUTILIZATION,0.0666666666666666,True,0.9818181818181818,0.05,0.0,81,3,0,57
10,12,"['48267', '48270', '48274', '48289', '48307', '48295', '48300', '48304', '48305', '48308']",PRECISION_WASTE,0.05,True,0.676056338028169,1.0,0.0,72,69,0,0
10,12,"['48267', '48270', '48274', '48289', '48307', '48295', '48300', '48304', '48305', '48308']",BRANCH_MISPREDICTION,0.05,True,0.6785714285714285,0.0,0.4864864864864865,19,0,18,104
10,12,"['48267', '48270', '48274', '48289', '48307', '48295', '48300', '48304', '48305', '48308']",CACHE_PRESSURE,0.05,True,0.6292134831460674,0.1208791208791208,0.44,28,11,22,80
10,12,"['48267', '48270', '48274', '48289', '48307', '48295', '48300', '48304', '48305', '48308']",INTRA_NODE_LOAD_IMBALANCE,0.2,True,0.9813664596273292,0.0483870967741935,0.0,79,3,0,59
10,13,"['48270', '48274', '48276', '48278', '48289', '48290', '48291', '48300', '48308', '48283']",PIPELINE_STALL,0.0999999999999999,True,0.7714285714285715,0.1481481481481481,0.0,27,16,0,92
10,13,"['48270', '48274', '48276', '48278', '48289', '48290', '48291', '48300', '48308', '48283']",COMPUTE_UNDERUTILIZATION,0.2333333333333333,True,0.8933333333333333,0.037037037037037,0.1728395061728395,67,2,14,52
10,13,"['48270', '48274', '48276', '48278', '48289', '48290', '48291', '48300', '48308', '48283']",PRECISION_WASTE,0.3333333333333334,True,0.8097560975609756,0.75,0.0,83,39,0,13
10,13,"['48270', '48274', '48276', '48278', '48289', '48290', '48291', '48300', '48308', '48283']",BRANCH_MISPREDICTION,0.05,True,1.0,0.0,0.0,43,0,0,92
10,13,"['48270', '48274', '48276', '48278', '48289', '48290', '48291', '48300', '48308', '48283']",CACHE_PRESSURE,0.3375,True,0.8656716417910448,0.2337662337662337,0.0,58,18,0,59
10,13,"['48270', '48274', '48276', '48278', '48289', '48290', '48291', '48300', '48308', '48283']",INTRA_NODE_LOAD_IMBALANCE,0.1625,True,1.0,0.0,0.0,64,0,0,71
10,14,"['48267', '48270', '48274', '48276', '48307', '48300', '48305', '48308', '48283', '48284']",PIPELINE_STALL,0.4125,True,0.888888888888889,0.0126582278481012,0.1864406779661017,48,1,11,78
10,14,"['48267', '48270', '48274', '48276', '48307', '48300', '48305', '48308', '48283', '48284']",COMPUTE_UNDERUTILIZATION,0.05,True,0.9583333333333334,0.0869565217391304,0.0,69,6,0,63
10,14,"['48267', '48270', '48274', '48276', '48307', '48300', '48305', '48308', '48283', '48284']",PRECISION_WASTE,0.2833333333333334,True,0.8699999999999999,0.5098039215686274,0.0,87,26,0,25
10,14,"['48267', '48270', '48274', '48276', '48307', '48300', '48305', '48308', '48283', '48284']",BRANCH_MISPREDICTION,0.05,True,1.0,0.0,0.0,14,0,0,124
10,14,"['48267', '48270', '48274', '48276', '48307', '48300', '48305', '48308', '48283', '48284']",CACHE_PRESSURE,0.2,True,0.8227848101265823,0.2372881355932203,0.1772151898734177,65,14,14,45
10,14,"['48267', '48270', '48274', '48276', '48307', '48300', '48305', '48308', '48283', '48284']",INTRA_NODE_LOAD_IMBALANCE,0.0625,True,1.0,0.0,0.0,41,0,0,97
10,15,"['48267', '48269', '48270', '48273', '48274', '48289', '48290', '48291', '48293', '48308']",PIPELINE_STALL,0.1299999999999999,True,0.5,0.3025210084033613,0.0952380952380952,19,36,2,83
10,15,"['48267', '48269', '48270', '48273', '48274', '48289', '48290', '48291', '48293', '48308']",COMPUTE_UNDERUTILIZATION,0.275,True,0.9881422924901184,0.2,0.0,125,3,0,12
10,15,"['48267', '48269', '48270', '48273', '48274', '48289', '48290', '48291', '48293', '48308']",PRECISION_WASTE,0.5,True,0.5121951219512195,0.7313432835820896,0.4246575342465753,42,49,31,18
10,15,"['48267', '48269', '48270', '48273', '48274', '48289', '48290', '48291', '48293', '48308']",BRANCH_MISPREDICTION,0.275,True,0.475,0.0813953488372093,0.6481481481481481,19,7,35,79
10,15,"['48267', '48269', '48270', '48273', '48274', '48289', '48290', '48291', '48293', '48308']",CACHE_PRESSURE,0.1625,True,0.7654320987654323,0.1262135922330097,0.1621621621621621,31,13,6,90
10,15,"['48267', '48269', '48270', '48273', '48274', '48289', '48290', '48291', '48293', '48308']",INTRA_NODE_LOAD_IMBALANCE,0.05,True,0.9875,0.0,0.0246913580246913,79,0,2,59
10,16,"['48267', '48269', '48270', '48289', '48293', '48300', '48304', '48305', '48283', '48284']",PIPELINE_STALL,0.275,True,0.9197080291970804,0.0454545454545454,0.1126760563380281,63,3,8,63
10,16,"['48267', '48269', '48270', '48289', '48293', '48300', '48304', '48305', '48283', '48284']",COMPUTE_UNDERUTILIZATION,0.1625,True,0.9907407407407408,0.0666666666666666,0.0,107,2,0,28
10,16,"['48267', '48269', '48270', '48289', '48293', '48300', '48304', '48305', '48283', '48284']",PRECISION_WASTE,0.15,True,0.8082191780821918,0.0,0.3218390804597701,59,0,28,50
10,16,"['48267', '48269', '48270', '48289', '48293', '48300', '48304', '48305', '48283', '48284']",BRANCH_MISPREDICTION,0.05,True,0.9870129870129868,0.0101010101010101,0.0,38,1,0,98
10,16,"['48267', '48269', '48270', '48289', '48293', '48300', '48304', '48305', '48283', '48284']",CACHE_PRESSURE,0.32,True,0.7,0.1052631578947368,0.3333333333333333,28,10,14,85
10,16,"['48267', '48269', '48270', '48289', '48293', '48300', '48304', '48305', '48283', '48284']",INTRA_NODE_LOAD_IMBALANCE,0.05,True,1.0,0.0,0.0,62,0,0,75
10,17,"['48273', '48274', '48276', '48278', '48289', '48307', '48291', '48293', '48300', '48284']",PIPELINE_STALL,0.05,True,0.8813559322033899,0.029126213592233,0.1333333333333333,26,3,4,100
10,17,"['48273', '48274', '48276', '48278', '48289', '48307', '48291', '48293', '48300', '48284']",COMPUTE_UNDERUTILIZATION,0.2,True,0.556390977443609,0.421875,0.463768115942029,37,27,32,37
10,17,"['48273', '48274', '48276', '48278', '48289', '48307', '48291', '48293', '48300', '48284']",PRECISION_WASTE,0.3,True,0.9641025641025642,0.1794871794871795,0.0,94,7,0,32
10,17,"['48273', '48274', '48276', '48278', '48289', '48307', '48291', '48293', '48300', '48284']",BRANCH_MISPREDICTION,0.1999999999999999,True,0.9090909090909092,0.0,0.1666666666666666,5,0,1,127
10,17,"['48273', '48274', '48276', '48278', '48289', '48307', '48291', '48293', '48300', '48284']",CACHE_PRESSURE,0.1625,True,0.726027397260274,0.4444444444444444,0.1311475409836065,53,32,8,40
10,17,"['48273', '48274', '48276', '48278', '48289', '48307', '48291', '48293', '48300', '48284']",INTRA_NODE_LOAD_IMBALANCE,0.0625,True,0.9696969696969696,0.0,0.0588235294117647,32,0,2,99
10,18,"['48267', '48269', '48270', '48276', '48307', '48293', '48295', '48300', '48305', '48308']",PIPELINE_STALL,0.275,True,0.728813559322034,0.0,0.4266666666666667,43,0,32,64
10,18,"['48267', '48269', '48270', '48276', '48307', '48293', '48295', '48300', '48305', '48308']",COMPUTE_UNDERUTILIZATION,0.05,True,0.9849246231155778,0.073170731707317,0.0,98,3,0,38
10,18,"['48267', '48269', '48270', '48276', '48307', '48293', '48295', '48300', '48305', '48308']",PRECISION_WASTE,0.0999999999999999,True,0.6826923076923078,0.9705882352941176,0.0,71,66,0,2
10,18,"['48267', '48269', '48270', '48276', '48307', '48293', '48295', '48300', '48305', '48308']",BRANCH_MISPREDICTION,0.05,True,0.7555555555555554,0.0,0.3928571428571428,17,0,11,111
10,18,"['48267', '48269', '48270', '48276', '48307', '48293', '48295', '48300', '48305', '48308']",CACHE_PRESSURE,0.05,True,0.936936936936937,0.0,0.1186440677966101,52,0,7,80
10,18,"['48267', '48269', '48270', '48276', '48307', '48293', '48295', '48300', '48305', '48308']",INTRA_NODE_LOAD_IMBALANCE,0.05,True,0.9770992366412212,0.0,0.044776119402985,64,0,3,72
10,19,"['48267', '48270', '48274', '48289', '48307', '48290', '48293', '48295', '48305', '48303']",PIPELINE_STALL,0.17,True,0.7291666666666666,0.2072072072072072,0.0789473684210526,35,23,3,88
10,19,"['48267', '48270', '48274', '48289', '48307', '48290', '48293', '48295', '48305', '48303']",COMPUTE_UNDERUTILIZATION,0.05,True,0.9873417721518988,0.09375,0.0,117,3,0,29
10,19,"['48267', '48270', '48274', '48289', '48307', '48290', '48293', '48295', '48305', '48303']",PRECISION_WASTE,0.1333333333333333,True,0.7169811320754716,0.7758620689655172,0.1648351648351648,76,45,15,13
10,19,"['48267', '48270', '48274', '48289', '48307', '48290', '48293', '48295', '48305', '48303']",BRANCH_MISPREDICTION,0.275,True,0.7954545454545454,0.0,0.3396226415094339,35,0,18,96
10,19,"['48267', '48270', '48274', '48289', '48307', '48290', '48293', '48295', '48305', '48303']",CACHE_PRESSURE,0.05,True,0.4545454545454545,0.0,0.7058823529411765,10,0,24,115
10,19,"['48267', '48270', '48274', '48289', '48307', '48290', '48293', '48295', '48305', '48303']",INTRA_NODE_LOAD_IMBALANCE,0.05,True,0.9863013698630138,0.0,0.027027027027027,72,0,2,75
10,20,"['48267', '48269', '48270', '48278', '48293', '48295', '48304', '48305', '48308', '48283']",PIPELINE_STALL,0.1999999999999999,True,0.6782608695652175,0.0,0.4868421052631579,39,0,37,66
10,20,"['48267', '48269', '48270', '48278', '48293', '48295', '48304', '48305', '48308', '48283']",COMPUTE_UNDERUTILIZATION,0.3125,True,1.0,0.0,0.0,104,0,0,38
10,20,"['48267', '48269', '48270', '48278', '48293', '48295', '48304', '48305', '48308', '48283']",PRECISION_WASTE,0.0666666666666666,True,0.778443113772455,0.0,0.3627450980392157,65,0,37,40
10,20,"['48267', '48269', '48270', '48278', '48293', '48295', '48304', '48305', '48308', '48283']",BRANCH_MISPREDICTION,0.5,True,0.5981308411214953,0.0945945945945946,0.5294117647058824,32,7,36,67
10,20,"['48267', '48269', '48270', '48278', '48293', '48295', '48304', '48305', '48308', '48283']",CACHE_PRESSURE,0.39,True,0.7575757575757577,0.0194174757281553,0.358974358974359,25,2,14,101
10,20,"['48267', '48269', '48270', '48278', '48293', '48295', '48304', '48305', '48308', '48283']",INTRA_NODE_LOAD_IMBALANCE,0.05,True,1.0,0.0,0.0,98,0,0,44
10,21,"['48267', '48269', '48270', '48274', '48276', '48278', '48307', '48290', '48291', '48283']",PIPELINE_STALL,0.375,True,0.7692307692307692,0.0434782608695652,0.2592592592592592,20,5,7,110
10,21,"['48267', '48269', '48270', '48274', '48276', '48278', '48307', '48290', '48291', '48283']",COMPUTE_UNDERUTILIZATION,0.075,True,0.9904761904761904,0.0526315789473684,0.0,104,2,0,36
10,21,"['48267', '48269', '48270', '48274', '48276', '48278', '48307', '48290', '48291', '48283']",PRECISION_WASTE,0.15,True,0.8018018018018018,0.8301886792452831,0.0,89,44,0,9
10,21,"['48267', '48269', '48270', '48274', '48276', '48278', '48307', '48290', '48291', '48283']",BRANCH_MISPREDICTION,0.05,True,0.8571428571428571,0.0,0.25,33,0,11,98
10,21,"['48267', '48269', '48270', '48274', '48276', '48278', '48307', '48290', '48291', '48283']",CACHE_PRESSURE,0.3125,True,0.8925619834710743,0.1477272727272727,0.0,54,13,0,75
10,21,"['48267', '48269', '48270', '48274', '48276', '48278', '48307', '48290', '48291', '48283']",INTRA_NODE_LOAD_IMBALANCE,0.05,True,1.0,0.0,0.0,71,0,0,71
10,22,"['48267', '48274', '48289', '48290', '48291', '48295', '48300', '48304', '48305', '48283']",PIPELINE_STALL,0.05,True,0.7872340425531914,0.16,0.0975609756097561,37,16,4,84
10,22,"['48267', '48274', '48289', '48290', '48291', '48295', '48300', '48304', '48305', '48283']",COMPUTE_UNDERUTILIZATION,0.15,True,0.9748743718592964,0.1136363636363636,0.0,97,5,0,39
10,22,"['48267', '48274', '48289', '48290', '48291', '48295', '48300', '48304', '48305', '48283']",PRECISION_WASTE,0.2666666666666666,True,0.8110599078341014,0.7735849056603774,0.0,88,41,0,12
10,22,"['48267', '48274', '48289', '48290', '48291', '48295', '48300', '48304', '48305', '48283']",BRANCH_MISPREDICTION,0.5,True,0.4054054054054054,0.0120481927710843,0.7413793103448276,15,1,43,82
10,22,"['48267', '48274', '48289', '48290', '48291', '48295', '48300', '48304', '48305', '48283']",CACHE_PRESSURE,0.4,True,0.7916666666666666,0.081967213114754,0.0,19,10,0,112
10,22,"['48267', '48274', '48289', '48290', '48291', '48295', '48300', '48304', '48305', '48283']",INTRA_NODE_LOAD_IMBALANCE,0.05,True,1.0,0.0,0.0,92,0,0,49
10,23,"['48267', '48269', '48270', '48289', '48293', '48295', '48300', '48304', '48305', '48284']",PIPELINE_STALL,0.275,True,0.6238532110091742,0.0,0.5466666666666666,34,0,41,66
10,23,"['48267', '48269', '48270', '48289', '48293', '48295', '48300', '48304', '48305', '48284']",COMPUTE_UNDERUTILIZATION,0.14,True,0.9865470852017936,0.0967741935483871,0.0,110,3,0,28
10,23,"['48267', '48269', '48270', '48289', '48293', '48295', '48300', '48304', '48305', '48284']",PRECISION_WASTE,0.1833333333333333,True,0.802721088435374,0.0185185185185185,0.3218390804597701,59,1,28,53
10,23,"['48267', '48269', '48270', '48289', '48293', '48295', '48300', '48304', '48305', '48284']",BRANCH_MISPREDICTION,0.05,True,0.9870129870129868,0.0097087378640776,0.0,38,1,0,102
10,23,"['48267', '48269', '48270', '48289', '48293', '48295', '48300', '48304', '48305', '48284']",CACHE_PRESSURE,0.05,True,0.8923076923076924,0.0,0.1944444444444444,29,0,7,105
10,23,"['48267', '48269', '48270', '48289', '48293', '48295', '48300', '48304', '48305', '48284']",INTRA_NODE_LOAD_IMBALANCE,0.1625,True,0.9801324503311256,0.0,0.0389610389610389,74,0,3,64
10,24,"['48269', '48274', '48289', '48307', '48290', '48291', '48295', '48304', '48308', '48284']",PIPELINE_STALL,0.26,True,0.7912087912087912,0.1826923076923076,0.0,36,19,0,85
10,24,"['48269', '48274', '48289', '48307', '48290', '48291', '48295', '48304', '48308', '48284']",COMPUTE_UNDERUTILIZATION,0.05,True,0.912087912087912,0.2807017543859649,0.0,83,16,0,41
10,24,"['48269', '48274', '48289', '48307', '48290', '48291', '48295', '48304', '48308', '48284']",PRECISION_WASTE,0.15,True,0.9438202247191012,0.1785714285714285,0.0,84,10,0,46
10,24,"['48269', '48274', '48289', '48307', '48290', '48291', '48295', '48304', '48308', '48284']",BRANCH_MISPREDICTION,0.275,True,0.7816091954022989,0.0842105263157894,0.2444444444444444,34,8,11,87
10,24,"['48269', '48274', '48289', '48307', '48290', '48291', '48295', '48304', '48308', '48284']",CACHE_PRESSURE,0.1625,True,0.7789473684210526,0.1881188118811881,0.0512820512820512,37,19,2,82
10,24,"['48269', '48274', '48289', '48307', '48290', '48291', '48295', '48304', '48308', '48284']",INTRA_NODE_LOAD_IMBALANCE,0.05,True,0.989247311827957,0.0,0.0212765957446808,92,0,2,46
10,25,"['48267', '48270', '48276', '48278', '48289', '48295', '48304', '48305', '48308', '48303']",PIPELINE_STALL,0.35,True,0.8985507246376812,0.1168831168831168,0.0746268656716417,62,9,5,68
10,25,"['48267', '48270', '48276', '48278', '48289', '48295', '48304', '48305', '48308', '48303']",COMPUTE_UNDERUTILIZATION,0.0699999999999999,True,0.9717514124293786,0.0862068965517241,0.0,86,5,0,53
10,25,"['48267', '48270', '48276', '48278', '48289', '48295', '48304', '48305', '48308', '48303']",PRECISION_WASTE,0.0666666666666666,True,0.7902439024390243,0.5652173913043478,0.173469387755102,81,26,17,20
10,25,"['48267', '48270', '48276', '48278', '48289', '48295', '48304', '48305', '48308', '48303']",BRANCH_MISPREDICTION,0.05,True,0.897196261682243,0.0,0.1864406779661017,48,0,11,85
10,25,"['48267', '48270', '48276', '48278', '48289', '48295', '48304', '48305', '48308', '48303']",CACHE_PRESSURE,0.19,True,0.732394366197183,0.0,0.4222222222222222,26,0,19,99
10,25,"['48267', '48270', '48276', '48278', '48289', '48295', '48304', '48305', '48308', '48303']",INTRA_NODE_LOAD_IMBALANCE,0.05,True,0.9197860962566844,0.0,0.1485148514851485,86,0,15,43
10,26,"['48267', '48273', '48274', '48289', '48307', '48291', '48293', '48295', '48300', '48284']",PIPELINE_STALL,0.17,True,0.8955223880597014,0.029126213592233,0.1176470588235294,30,3,4,100
10,26,"['48267', '48273', '48274', '48289', '48307', '48291', '48293', '48295', '48300', '48284']",COMPUTE_UNDERUTILIZATION,0.05,True,0.9655172413793104,0.1132075471698113,0.0,84,6,0,47
10,26,"['48267', '48273', '48274', '48289', '48307', '48291', '48293', '48295', '48300', '48284']",PRECISION_WASTE,0.1999999999999999,True,0.955665024630542,0.225,0.0,97,9,0,31
10,26,"['48267', '48273', '48274', '48289', '48307', '48291', '48293', '48295', '48300', '48284']",BRANCH_MISPREDICTION,0.05,True,0.2,0.0245901639344262,0.8666666666666667,2,3,13,119
10,26,"['48267', '48273', '48274', '48289', '48307', '48291', '48293', '48295', '48300', '48284']",CACHE_PRESSURE,0.275,True,0.6818181818181819,0.202020202020202,0.2105263157894736,30,20,8,79
10,26,"['48267', '48273', '48274', '48289', '48307', '48291', '48293', '48295', '48300', '48284']",INTRA_NODE_LOAD_IMBALANCE,0.05,True,0.9791666666666666,0.0,0.0408163265306122,47,0,2,88
10,27,"['48273', '48278', '48289', '48290', '48293', '48295', '48308', '48283', '48284', '48303']",PIPELINE_STALL,0.14,True,0.6861313868613139,0.4574468085106383,0.0,47,43,0,51
10,27,"['48273', '48278', '48289', '48290', '48293', '48295', '48308', '48283', '48284', '48303']",COMPUTE_UNDERUTILIZATION,0.25,True,0.8457142857142858,0.4029850746268656,0.0,74,27,0,40
10,27,"['48273', '48278', '48289', '48290', '48293', '48295', '48308', '48283', '48284', '48303']",PRECISION_WASTE,0.1625,True,0.99644128113879,1.0,0.0,140,1,0,0
10,27,"['48273', '48278', '48289', '48290', '48293', '48295', '48308', '48283', '48284', '48303']",BRANCH_MISPREDICTION,0.05,True,0.8679245283018869,0.1473684210526315,0.0,46,14,0,81
10,27,"['48273', '48278', '48289', '48290', '48293', '48295', '48308', '48283', '48284', '48303']",CACHE_PRESSURE,0.2,True,0.6991869918699186,0.3775510204081632,0.0,43,37,0,61
10,27,"['48273', '48278', '48289', '48290', '48293', '48295', '48308', '48283', '48284', '48303']",INTRA_NODE_LOAD_IMBALANCE,0.05,True,1.0,0.0,0.0,71,0,0,70
10,28,"['48269', '48273', '48278', '48289', '48290', '48300', '48304', '48305', '48308', '48283']",PIPELINE_STALL,0.1625,True,0.8245614035087719,0.1839080459770115,0.0784313725490196,47,16,4,71
10,28,"['48269', '48273', '48278', '48289', '48290', '48300', '48304', '48305', '48308', '48283']",COMPUTE_UNDERUTILIZATION,0.1,True,0.9142857142857144,0.2586206896551724,0.0,80,15,0,43
10,28,"['48269', '48273', '48278', '48289', '48290', '48300', '48304', '48305', '48308', '48283']",PRECISION_WASTE,0.2875,True,0.9025641025641024,0.1842105263157894,0.12,88,7,12,31
10,28,"['48269', '48273', '48278', '48289', '48290', '48300', '48304', '48305', '48308', '48283']",BRANCH_MISPREDICTION,0.5,True,0.7906976744186046,0.0851063829787234,0.2272727272727272,34,8,10,86
10,28,"['48269', '48273', '48278', '48289', '48290', '48300', '48304', '48305', '48308', '48283']",CACHE_PRESSURE,0.2625,True,0.8484848484848485,0.0121951219512195,0.25,42,1,14,81
10,28,"['48269', '48273', '48278', '48289', '48290', '48300', '48304', '48305', '48308', '48283']",INTRA_NODE_LOAD_IMBALANCE,0.05,True,1.0,0.0,0.0,90,0,0,48
10,29,"['48267', '48270', '48274', '48276', '48278', '48290', '48293', '48308', '48283', '48303']",PIPELINE_STALL,0.05,True,0.7441860465116279,0.3473684210526316,0.0,48,33,0,62
10,29,"['48267', '48270', '48274', '48276', '48278', '48290', '48293', '48308', '48283', '48303']",COMPUTE_UNDERUTILIZATION,0.05,True,0.9533678756476685,0.1764705882352941,0.0,92,9,0,42
10,29,"['48267', '48270', '48274', '48276', '48278', '48290', '48293', '48308', '48283', '48303']",PRECISION_WASTE,0.275,True,0.8495575221238938,0.6829268292682927,0.0588235294117647,96,28,6,13
10,29,"['48267', '48270', '48274', '48276', '48278', '48290', '48293', '48308', '48283', '48303']",BRANCH_MISPREDICTION,0.05,True,1.0,0.0,0.0,59,0,0,84
10,29,"['48267', '48270', '48274', '48276', '48278', '48290', '48293', '48308', '48283', '48303']",CACHE_PRESSURE,0.2166666666666666,True,0.8403361344537814,0.2043010752688172,0.0,50,19,0,74
10,29,"['48267', '48270', '48274', '48276', '48278', '48290', '48293', '48308', '48283', '48303']",INTRA_NODE_LOAD_IMBALANCE,0.05,True,1.0,0.0,0.0,65,0,0,78
10,30,"['48270', '48273', '48274', '48276', '48278', '48289', '48291', '48304', '48284', '48303']",PIPELINE_STALL,0.25,True,0.8620689655172413,0.0689655172413793,0.0,25,8,0,108
10,30,"['48270', '48273', '48274', '48276', '48278', '48289', '48291', '48304', '48284', '48303']",COMPUTE_UNDERUTILIZATION,0.0999999999999999,True,0.9192546583850932,0.1940298507462686,0.0,74,13,0,54
10,30,"['48270', '48273', '48274', '48276', '48278', '48289', '48291', '48304', '48284', '48303']",PRECISION_WASTE,0.05,True,0.9134615384615384,0.0666666666666666,0.1441441441441441,95,2,16,28
10,30,"['48270', '48273', '48274', '48276', '48278', '48289', '48291', '48304', '48284', '48303']",BRANCH_MISPREDICTION,0.05,True,1.0,0.0,0.0,31,0,0,110
10,30,"['48270', '48273', '48274', '48276', '48278', '48289', '48291', '48304', '48284', '48303']",CACHE_PRESSURE,0.0625,True,0.7123287671232877,0.4404761904761904,0.087719298245614,52,37,5,47
10,30,"['48270', '48273', '48274', '48276', '48278', '48289', '48291', '48304', '48284', '48303']",INTRA_NODE_LOAD_IMBALANCE,0.05,True,0.9833333333333332,0.0,0.0327868852459016,59,0,2,80
10,31,"['48267', '48269', '48274', '48278', '48307', '48290', '48291', '48293', '48295', '48304']",PIPELINE_STALL,0.06,True,0.931818181818182,0.058252427184466,0.0,41,6,0,97
10,31,"['48267', '48269', '48274', '48278', '48307', '48290', '48291', '48293', '48295', '48304']",COMPUTE_UNDERUTILIZATION,0.125,True,0.8841201716738197,0.6111111111111112,0.0462962962962962,103,22,5,14
10,31,"['48267', '48269', '48274', '48278', '48307', '48290', '48291', '48293', '48295', '48304']",PRECISION_WASTE,0.05,True,0.7764705882352942,0.2857142857142857,0.25,66,16,22,40
10,31,"['48267', '48269', '48274', '48278', '48307', '48290', '48291', '48293', '48295', '48304']",BRANCH_MISPREDICTION,0.5,True,0.7374999999999999,0.4941176470588235,0.0,59,42,0,43
10,31,"['48267', '48269', '48274', '48278', '48307', '48290', '48291', '48293', '48295', '48304']",CACHE_PRESSURE,0.5375000000000001,True,0.7317073170731706,0.0483870967741935,0.25,15,6,5,118
10,31,"['48267', '48269', '48274', '48278', '48307', '48290', '48291', '48293', '48295', '48304']",INTRA_NODE_LOAD_IMBALANCE,0.05,True,0.989795918367347,0.0,0.0202020202020202,97,0,2,45
10,32,"['48270', '48273', '48276', '48289', '48290', '48291', '48295', '48305', '48283', '48284']",PIPELINE_STALL,0.2375,True,0.9333333333333332,0.027027027027027,0.0344827586206896,28,3,1,108
10,32,"['48270', '48273', '48276', '48289', '48290', '48291', '48295', '48305', '48283', '48284']",COMPUTE_UNDERUTILIZATION,0.05,True,0.8393782383419689,0.3636363636363636,0.15625,81,16,15,28
10,32,"['48270', '48273', '48276', '48289', '48290', '48291', '48295', '48305', '48283', '48284']",PRECISION_WASTE,0.05,True,0.8986784140969163,0.4230769230769231,0.1052631578947368,102,11,12,15
10,32,"['48270', '48273', '48276', '48289', '48290', '48291', '48295', '48305', '48283', '48284']",BRANCH_MISPREDICTION,0.05,True,1.0,0.0,0.0,31,0,0,109
10,32,"['48270', '48273', '48276', '48289', '48290', '48291', '48295', '48305', '48283', '48284']",CACHE_PRESSURE,0.3400000000000001,True,0.8761904761904762,0.1382978723404255,0.0,46,13,0,81
10,32,"['48270', '48273', '48276', '48289', '48290', '48291', '48295', '48305', '48283', '48284']",INTRA_NODE_LOAD_IMBALANCE,0.14,True,1.0,0.0,0.0,64,0,0,76
10,33,"['48270', '48273', '48278', '48289', '48307', '48290', '48300', '48305', '48308', '48283']",PIPELINE_STALL,0.18,True,0.8857142857142857,0.0660377358490566,0.03125,31,7,1,99
10,33,"['48270', '48273', '48278', '48289', '48307', '48290', '48300', '48305', '48308', '48283']",COMPUTE_UNDERUTILIZATION,0.25,True,0.8918918918918919,0.0344827586206896,0.175,66,2,14,56
10,33,"['48270', '48273', '48278', '48289', '48307', '48290', '48300', '48305', '48308', '48283']",PRECISION_WASTE,0.1166666666666666,True,0.8959276018099549,0.5789473684210527,0.01,99,22,1,16
10,33,"['48270', '48273', '48278', '48289', '48307', '48290', '48300', '48305', '48308', '48283']",BRANCH_MISPREDICTION,0.05,True,0.9787234042553192,0.008695652173913,0.0,23,1,0,114
10,33,"['48270', '48273', '48278', '48289', '48307', '48290', '48300', '48305', '48308', '48283']",CACHE_PRESSURE,0.375,True,0.8682170542635659,0.0441176470588235,0.2,56,3,14,65
10,33,"['48270', '48273', '48278', '48289', '48307', '48290', '48300', '48305', '48308', '48283']",INTRA_NODE_LOAD_IMBALANCE,0.05,True,1.0,0.0,0.0,62,0,0,76
10,34,"['48269', '48273', '48276', '48278', '48289', '48300', '48305', '48283', '48284', '48303']",PIPELINE_STALL,0.35,True,0.921875,0.1234567901234567,0.0,59,10,0,71
10,34,"['48269', '48273', '48276', '48278', '48289', '48300', '48305', '48283', '48284', '48303']",COMPUTE_UNDERUTILIZATION,0.21,True,0.609375,0.2714285714285714,0.4428571428571428,39,19,31,51
10,34,"['48269', '48273', '48276', '48278', '48289', '48300', '48305', '48283', '48284', '48303']",PRECISION_WASTE,0.05,True,0.8761061946902654,0.0,0.2204724409448819,99,0,28,13
10,34,"['48269', '48273', '48276', '48278', '48289', '48300', '48305', '48283', '48284', '48303']",BRANCH_MISPREDICTION,0.1625,True,0.975609756097561,0.0,0.0476190476190476,20,0,1,119
10,34,"['48269', '48273', '48276', '48278', '48289', '48300', '48305', '48283', '48284', '48303']",CACHE_PRESSURE,0.45,True,0.8951048951048951,0.0161290322580645,0.1794871794871795,64,1,14,61
10,34,"['48269', '48273', '48276', '48278', '48289', '48300', '48305', '48283', '48284', '48303']",INTRA_NODE_LOAD_IMBALANCE,0.05,True,1.0,0.0,0.0,55,0,0,85
10,35,"['48267', '48270', '48276', '48289', '48307', '48293', '48295', '48304', '48305', '48308']",PIPELINE_STALL,0.4166666666666667,True,0.944,0.0,0.106060606060606,59,0,7,71
10,35,"['48267', '48270', '48276', '48289', '48307', '48293', '48295', '48304', '48305', '48308']",COMPUTE_UNDERUTILIZATION,0.05,True,0.984126984126984,0.0681818181818181,0.0,93,3,0,41
10,35,"['48267', '48270', '48276', '48289', '48307', '48293', '48295', '48304', '48305', '48308']",PRECISION_WASTE,0.05,True,0.6634146341463415,1.0,0.0,68,69,0,0
10,35,"['48267', '48270', '48276', '48289', '48307', '48293', '48295', '48304', '48305', '48308']",BRANCH_MISPREDICTION,0.05,True,1.0,0.0,0.0,44,0,0,93
10,35,"['48267', '48270', '48276', '48289', '48307', '48293', '48295', '48304', '48305', '48308']",CACHE_PRESSURE,0.05,True,0.4590163934426229,0.1089108910891089,0.6111111111111112,14,11,22,90
10,35,"['48267', '48270', '48276', '48289', '48307', '48293', '48295', '48304', '48305', '48308']",INTRA_NODE_LOAD_IMBALANCE,0.05,True,0.9801324503311256,0.0,0.0389610389610389,74,0,3,60
10,36,"['48269', '48273', '48276', '48278', '48307', '48290', '48291', '48304', '48283', '48303']",PIPELINE_STALL,0.05,True,0.62,0.3486238532110092,0.0,31,38,0,71
10,36,"['48269', '48273', '48276', '48278', '48307', '48290', '48291', '48304', '48283', '48303']",COMPUTE_UNDERUTILIZATION,0.4750000000000001,True,0.9101796407185628,0.234375,0.0,76,15,0,49
10,36,"['48269', '48273', '48276', '48278', '48307', '48290', '48291', '48304', '48283', '48303']",PRECISION_WASTE,0.05,True,0.9142857142857144,0.0714285714285714,0.1428571428571428,96,2,16,26
10,36,"['48269', '48273', '48276', '48278', '48307', '48290', '48291', '48304', '48283', '48303']",BRANCH_MISPREDICTION,0.2,True,0.9859154929577464,0.0,0.0277777777777777,35,0,1,104
10,36,"['48269', '48273', '48276', '48278', '48307', '48290', '48291', '48304', '48283', '48303']",CACHE_PRESSURE,0.35,True,0.9074074074074074,0.1098901098901098,0.0,49,10,0,81
10,36,"['48269', '48273', '48276', '48278', '48307', '48290', '48291', '48304', '48283', '48303']",INTRA_NODE_LOAD_IMBALANCE,0.05,True,1.0,0.0,0.0,76,0,0,64
10,37,"['48269', '48270', '48274', '48276', '48291', '48295', '48304', '48308', '48283', '48303']",PIPELINE_STALL,0.1625,True,0.6956521739130436,0.4516129032258064,0.0,48,42,0,51
10,37,"['48269', '48270', '48274', '48276', '48291', '48295', '48304', '48308', '48283', '48303']",COMPUTE_UNDERUTILIZATION,0.25,True,0.95,0.123076923076923,0.0,76,8,0,57
10,37,"['48269', '48270', '48274', '48276', '48291', '48295', '48304', '48308', '48283', '48303']",PRECISION_WASTE,0.2166666666666666,True,0.7586206896551724,0.6511627906976745,0.2142857142857142,77,28,21,15
10,37,"['48269', '48270', '48274', '48276', '48291', '48295', '48304', '48308', '48283', '48303']",BRANCH_MISPREDICTION,0.05,True,1.0,0.0,0.0,59,0,0,82
10,37,"['48269', '48270', '48274', '48276', '48291', '48295', '48304', '48308', '48283', '48303']",CACHE_PRESSURE,0.1875,True,0.8360655737704918,0.2222222222222222,0.0,51,20,0,70
10,37,"['48269', '48270', '48274', '48276', '48291', '48295', '48304', '48308', '48283', '48303']",INTRA_NODE_LOAD_IMBALANCE,0.05,True,1.0,0.0,0.0,80,0,0,61
10,38,"['48267', '48270', '48273', '48276', '48278', '48291', '48304', '48305', '48284', '48303']",PIPELINE_STALL,0.175,True,0.942528735632184,0.0,0.108695652173913,41,0,5,98
10,38,"['48267', '48270', '48273', '48276', '48278', '48291', '48304', '48305', '48284', '48303']",COMPUTE_UNDERUTILIZATION,0.4333333333333334,True,0.8837209302325583,0.0769230769230769,0.1739130434782608,76,4,16,48
10,38,"['48267', '48270', '48273', '48276', '48278', '48291', '48304', '48305', '48284', '48303']",PRECISION_WASTE,0.05,True,0.9158878504672898,0.0666666666666666,0.1403508771929824,98,2,16,28
10,38,"['48267', '48270', '48273', '48276', '48278', '48291', '48304', '48305', '48284', '48303']",BRANCH_MISPREDICTION,0.05,True,1.0,0.0,0.0,31,0,0,113
10,38,"['48267', '48270', '48273', '48276', '48278', '48291', '48304', '48305', '48284', '48303']",CACHE_PRESSURE,0.1125,True,0.8363636363636364,0.1397849462365591,0.0980392156862745,46,13,5,80
10,38,"['48267', '48270', '48273', '48276', '48278', '48291', '48304', '48305', '48284', '48303']",INTRA_NODE_LOAD_IMBALANCE,0.1625,True,0.9324324324324323,0.0,0.1265822784810126,69,0,10,65
10,39,"['48267', '48269', '48273', '48276', '48278', '48289', '48290', '48304', '48283', '48303']",PIPELINE_STALL,0.06,True,0.6861313868613139,0.4526315789473684,0.0,47,43,0,52
10,39,"['48267', '48269', '48273', '48276', '48278', '48289', '48290', '48304', '48283', '48303']",COMPUTE_UNDERUTILIZATION,0.3166666666666667,True,0.8457711442786069,0.543859649122807,0.0,85,31,0,26
10,39,"['48267', '48269', '48273', '48276', '48278', '48289', '48290', '48304', '48283', '48303']",PRECISION_WASTE,0.05,True,0.9158878504672898,0.0714285714285714,0.1403508771929824,98,2,16,26
10,39,"['48267', '48269', '48273', '48276', '48278', '48289', '48290', '48304', '48283', '48303']",BRANCH_MISPREDICTION,0.05,True,0.99009900990099,0.0,0.0196078431372549,50,0,1,91
10,39,"['48267', '48269', '48273', '48276', '48278', '48289', '48290', '48304', '48283', '48303']",CACHE_PRESSURE,0.22,True,0.8723404255319149,0.1188118811881188,0.0,41,12,0,89
10,39,"['48267', '48269', '48273', '48276', '48278', '48289', '48290', '48304', '48283', '48303']",INTRA_NODE_LOAD_IMBALANCE,0.05,True,1.0,0.0,0.0,85,0,0,57
10,40,"['48267', '48269', '48273', '48276', '48278', '48290', '48293', '48305', '48308', '48284']",PIPELINE_STALL,0.35,True,0.8032786885245901,0.1153846153846153,0.234375,49,9,15,69
10,40,"['48267', '48269', '48273', '48276', '48278', '48290', '48293', '48305', '48308', '48284']",COMPUTE_UNDERUTILIZATION,0.075,True,0.8224299065420562,0.6,0.1372549019607843,88,24,14,16
10,40,"['48267', '48269', '48273', '48276', '48278', '48290', '48293', '48305', '48308', '48284']",PRECISION_WASTE,0.05,True,0.8831168831168831,0.675,0.0,102,27,0,13
10,40,"['48267', '48269', '48273', '48276', '48278', '48290', '48293', '48305', '48308', '48284']",BRANCH_MISPREDICTION,0.2,True,0.9863013698630138,0.0,0.027027027027027,36,0,1,105
10,40,"['48267', '48269', '48273', '48276', '48278', '48290', '48293', '48305', '48308', '48284']",CACHE_PRESSURE,0.05,True,0.7916666666666666,0.0117647058823529,0.3333333333333333,38,1,19,84
10,40,"['48267', '48269', '48273', '48276', '48278', '48290', '48293', '48305', '48308', '48284']",INTRA_NODE_LOAD_IMBALANCE,0.1625,True,0.98159509202454,0.0,0.036144578313253,80,0,3,59
10,41,"['48273', '48276', '48278', '48307', '48290', '48291', '48295', '48305', '48308', '48283']",PIPELINE_STALL,0.05,True,0.7692307692307693,0.2019230769230769,0.0,35,21,0,83
10,41,"['48273', '48276', '48278', '48307', '48290', '48291', '48295', '48305', '48308', '48283']",COMPUTE_UNDERUTILIZATION,0.35,True,0.9135802469135804,0.2153846153846154,0.0,74,14,0,51
10,41,"['48273', '48276', '48278', '48307', '48290', '48291', '48295', '48305', '48308', '48283']",PRECISION_WASTE,0.05,True,0.9090909090909092,0.2962962962962963,0.1071428571428571,100,8,12,19
10,41,"['48273', '48276', '48278', '48307', '48290', '48291', '48295', '48305', '48308', '48283']",BRANCH_MISPREDICTION,0.2,True,0.9859154929577464,0.0,0.0277777777777777,35,0,1,103
10,41,"['48273', '48276', '48278', '48307', '48290', '48291', '48295', '48305', '48308', '48283']",CACHE_PRESSURE,0.425,True,0.972972972972973,0.0352941176470588,0.0,54,3,0,82
10,41,"['48273', '48276', '48278', '48307', '48290', '48291', '48295', '48305', '48308', '48283']",INTRA_NODE_LOAD_IMBALANCE,0.1625,True,1.0,0.0,0.0,82,0,0,57
10,42,"['48269', '48270', '48276', '48307', '48290', '48291', '48300', '48305', '48283', '48284']",PIPELINE_STALL,0.25,True,0.7887323943661972,0.0,0.3488372093023256,28,0,15,95
10,42,"['48269', '48270', '48276', '48307', '48290', '48291', '48300', '48305', '48283', '48284']",COMPUTE_UNDERUTILIZATION,0.0875,True,0.9797979797979798,0.0975609756097561,0.0,97,4,0,37
10,42,"['48269', '48270', '48276', '48307', '48290', '48291', '48300', '48305', '48283', '48284']",PRECISION_WASTE,0.1333333333333333,True,0.8082191780821918,0.0,0.3218390804597701,59,0,28,51
10,42,"['48269', '48270', '48276', '48307', '48290', '48291', '48300', '48305', '48283', '48284']",BRANCH_MISPREDICTION,0.05,True,1.0,0.0,0.0,14,0,0,124
10,42,"['48269', '48270', '48276', '48307', '48290', '48291', '48300', '48305', '48283', '48284']",CACHE_PRESSURE,0.275,True,0.8918918918918919,0.2222222222222222,0.0,66,16,0,56
10,42,"['48269', '48270', '48276', '48307', '48290', '48291', '48300', '48305', '48283', '48284']",INTRA_NODE_LOAD_IMBALANCE,0.05,True,1.0,0.0,0.0,53,0,0,85
10,43,"['48269', '48270', '48273', '48274', '48276', '48278', '48290', '48305', '48283', '48284']",PIPELINE_STALL,0.0625,True,0.8941176470588235,0.0833333333333333,0.0,38,9,0,99
10,43,"['48269', '48270', '48273', '48274', '48276', '48278', '48290', '48305', '48283', '48284']",COMPUTE_UNDERUTILIZATION,0.1166666666666666,True,0.9058823529411764,0.0363636363636363,0.1538461538461538,77,2,14,53
10,43,"['48269', '48270', '48273', '48274', '48276', '48278', '48290', '48305', '48283', '48284']",PRECISION_WASTE,0.1625,True,0.968,0.32,0.0,121,8,0,17
10,43,"['48269', '48270', '48273', '48274', '48276', '48278', '48290', '48305', '48283', '48284']",BRANCH_MISPREDICTION,0.05,True,1.0,0.0,0.0,31,0,0,115
10,43,"['48269', '48270', '48273', '48274', '48276', '48278', '48290', '48305', '48283', '48284']",CACHE_PRESSURE,0.4000000000000001,True,0.8666666666666667,0.0895522388059701,0.1772151898734177,65,6,14,61
10,43,"['48269', '48270', '48273', '48274', '48276', '48278', '48290', '48305', '48283', '48284']",INTRA_NODE_LOAD_IMBALANCE,0.1625,True,1.0,0.0,0.0,58,0,0,88
10,44,"['48269', '48270', '48276', '48278', '48289', '48300', '48308', '48283', '48284', '48303']",PIPELINE_STALL,0.1625,True,0.9354838709677418,0.0405405405405405,0.0793650793650793,58,3,5,71
10,44,"['48269', '48270', '48276', '48278', '48289', '48300', '48308', '48283', '48284', '48303']",COMPUTE_UNDERUTILIZATION,0.47,True,1.0,0.0,0.0,68,0,0,69
10,44,"['48269', '48270', '48276', '48278', '48289', '48300', '48308', '48283', '48284', '48303']",PRECISION_WASTE,0.3333333333333334,True,0.947867298578199,0.037037037037037,0.0909090909090909,100,1,10,26
10,44,"['48269', '48270', '48276', '48278', '48289', '48300', '48308', '48283', '48284', '48303']",BRANCH_MISPREDICTION,0.05,True,1.0,0.0,0.0,29,0,0,108
10,44,"['48269', '48270', '48276', '48278', '48289', '48300', '48308', '48283', '48284', '48303']",CACHE_PRESSURE,0.4666666666666666,True,0.8461538461538461,0.175438596491228,0.175,66,10,14,47
10,44,"['48269', '48270', '48276', '48278', '48289', '48300', '48308', '48283', '48284', '48303']",INTRA_NODE_LOAD_IMBALANCE,0.05,True,1.0,0.0,0.0,56,0,0,81
10,45,"['48269', '48270', '48274', '48278', '48307', '48290', '48295', '48300', '48284', '48303']",PIPELINE_STALL,0.25,True,0.9885057471264368,0.0093457943925233,0.0,43,1,0,106
10,45,"['48269', '48270', '48274', '48278', '48307', '48290', '48295', '48300', '48284', '48303']",COMPUTE_UNDERUTILIZATION,0.05,True,0.8541666666666666,0.4117647058823529,0.0,82,28,0,40
10,45,"['48269', '48270', '48274', '48278', '48307', '48290', '48295', '48300', '48284', '48303']",PRECISION_WASTE,0.3333333333333334,True,0.9237668161434978,0.032258064516129,0.134453781512605,103,1,16,30
10,45,"['48269', '48270', '48274', '48278', '48307', '48290', '48295', '48300', '48284', '48303']",BRANCH_MISPREDICTION,0.05,True,0.9787234042553192,0.0078740157480314,0.0,23,1,0,126
10,45,"['48269', '48270', '48274', '48278', '48307', '48290', '48295', '48300', '48284', '48303']",CACHE_PRESSURE,0.275,True,0.832,0.0253164556962025,0.2676056338028169,52,2,19,77
10,45,"['48269', '48270', '48274', '48278', '48307', '48290', '48295', '48300', '48284', '48303']",INTRA_NODE_LOAD_IMBALANCE,0.05,True,0.9457364341085271,0.0352941176470588,0.0615384615384615,61,3,4,82
10,46,"['48269', '48273', '48274', '48307', '48290', '48291', '48300', '48304', '48308', '48284']",PIPELINE_STALL,0.22,True,0.4545454545454545,0.02803738317757,0.6774193548387096,10,3,21,104
10,46,"['48269', '48273', '48274', '48307', '48290', '48291', '48300', '48304', '48308', '48284']",COMPUTE_UNDERUTILIZATION,0.05,True,0.8987341772151899,0.2388059701492537,0.0,71,16,0,51
10,46,"['48269', '48273', '48274', '48307', '48290', '48291', '48300', '48304', '48308', '48284']",PRECISION_WASTE,0.5000000000000001,True,0.7623318385650223,1.0,0.0,85,53,0,0
10,46,"['48269', '48273', '48274', '48307', '48290', '48291', '48300', '48304', '48308', '48284']",BRANCH_MISPREDICTION,0.05,True,0.2022471910112359,0.5284552845528455,0.4,9,65,6,58
10,46,"['48269', '48273', '48274', '48307', '48290', '48291', '48300', '48304', '48308', '48284']",CACHE_PRESSURE,0.1999999999999999,True,0.8507462686567164,0.2278481012658227,0.0338983050847457,57,18,2,61
10,46,"['48269', '48273', '48274', '48307', '48290', '48291', '48300', '48304', '48308', '48284']",INTRA_NODE_LOAD_IMBALANCE,0.05,True,0.7006369426751593,0.4705882352941176,0.2142857142857142,55,32,15,36
10,47,"['48267', '48269', '48270', '48276', '48278', '48293', '48295', '48305', '48308', '48284']",PIPELINE_STALL,0.5,True,0.6991869918699186,0.0,0.4625,43,0,37,63
10,47,"['48267', '48269', '48270', '48276', '48278', '48293', '48295', '48305', '48308', '48284']",COMPUTE_UNDERUTILIZATION,0.125,True,0.9952153110047848,0.0256410256410256,0.0,104,1,0,38
10,47,"['48267', '48269', '48270', '48276', '48278', '48293', '48295', '48305', '48308', '48284']",PRECISION_WASTE,0.425,True,0.9035532994923858,0.1666666666666666,0.1188118811881188,89,7,12,35
10,47,"['48267', '48269', '48270', '48276', '48278', '48293', '48295', '48305', '48308', '48284']",BRANCH_MISPREDICTION,0.05,True,1.0,0.0,0.0,45,0,0,98
10,47,"['48267', '48269', '48270', '48276', '48278', '48293', '48295', '48305', '48308', '48284']",CACHE_PRESSURE,0.05,True,0.7959183673469388,0.0117647058823529,0.3275862068965517,39,1,19,84
10,47,"['48267', '48269', '48270', '48276', '48278', '48293', '48295', '48305', '48308', '48284']",INTRA_NODE_LOAD_IMBALANCE,0.1625,True,0.9818181818181818,0.0,0.0357142857142857,81,0,3,59
10,48,"['48273', '48289', '48291', '48300', '48304', '48305', '48308', '48283', '48284', '48303']",PIPELINE_STALL,0.175,True,0.8932038834951456,0.1136363636363636,0.0212765957446808,46,10,1,78
10,48,"['48273', '48289', '48291', '48300', '48304', '48305', '48308', '48283', '48284', '48303']",COMPUTE_UNDERUTILIZATION,0.4833333333333334,True,0.9635036496350364,0.072463768115942,0.0,66,5,0,64
10,48,"['48273', '48289', '48291', '48300', '48304', '48305', '48308', '48283', '48284', '48303']",PRECISION_WASTE,0.275,True,0.9383886255924172,0.1153846153846153,0.091743119266055,99,3,10,23
10,48,"['48273', '48289', '48291', '48300', '48304', '48305', '48308', '48283', '48284', '48303']",BRANCH_MISPREDICTION,0.05,True,0.6666666666666666,0.1142857142857142,0.3,21,12,9,93
10,48,"['48273', '48289', '48291', '48300', '48304', '48305', '48308', '48283', '48284', '48303']",CACHE_PRESSURE,0.6000000000000001,True,0.9357798165137614,0.0833333333333333,0.0,51,7,0,77
10,48,"['48273', '48289', '48291', '48300', '48304', '48305', '48308', '48283', '48284', '48303']",INTRA_NODE_LOAD_IMBALANCE,0.05,True,1.0,0.0,0.0,70,0,0,65
10,49,"['48273', '48274', '48307', '48290', '48291', '48293', '48300', '48308', '48283', '48284']",PIPELINE_STALL,0.38,True,0.6666666666666667,0.02803738317757,0.4444444444444444,15,3,12,104
10,49,"['48273', '48274', '48307', '48290', '48291', '48293', '48300', '48308', '48283', '48284']",COMPUTE_UNDERUTILIZATION,0.05,True,0.5190839694656487,0.4126984126984127,0.5211267605633803,34,26,37,37
10,49,"['48273', '48274', '48307', '48290', '48291', '48293', '48300', '48308', '48283', '48284']",PRECISION_WASTE,0.45,True,0.911627906976744,0.5277777777777778,0.0,98,19,0,17
10,49,"['48273', '48274', '48307', '48290', '48291', '48293', '48300', '48308', '48283', '48284']",BRANCH_MISPREDICTION,0.05,True,0.2,0.0252100840336134,0.8666666666666667,2,3,13,116
10,49,"['48273', '48274', '48307', '48290', '48291', '48293', '48300', '48308', '48283', '48284']",CACHE_PRESSURE,0.2,True,0.8571428571428571,0.225,0.0,54,18,0,62
10,49,"['48273', '48274', '48307', '48290', '48291', '48293', '48300', '48308', '48283', '48284']",INTRA_NODE_LOAD_IMBALANCE,0.0625,True,1.0,0.0,0.0,40,0,0,94
12,0,"['48269', '48270', '48273', '48276', '48307', '48290', '48293', '48300', '48305', '48308', '48283', '48284']",PIPELINE_STALL,0.375,True,0.8,0.0,0.3333333333333333,30,0,15,63
12,0,"['48269', '48270', '48273', '48276', '48307', '48290', '48293', '48300', '48305', '48308', '48283', '48284']",COMPUTE_UNDERUTILIZATION,0.1333333333333333,True,0.9852941176470588,0.048780487804878,0.0,67,2,0,39
12,0,"['48269', '48270', '48273', '48276', '48307', '48290', '48293', '48300', '48305', '48308', '48283', '48284']",PRECISION_WASTE,0.3166666666666667,True,0.8502994011976047,0.6666666666666666,0.0138888888888888,71,24,1,12
12,0,"['48269', '48270', '48273', '48276', '48307', '48290', '48293', '48300', '48305', '48308', '48283', '48284']",BRANCH_MISPREDICTION,0.05,True,,0.0,,0,0,0,108
12,0,"['48269', '48270', '48273', '48276', '48307', '48290', '48293', '48300', '48305', '48308', '48283', '48284']",CACHE_PRESSURE,0.05,True,0.8,0.2857142857142857,0.2121212121212121,52,12,14,30
12,0,"['48269', '48270', '48273', '48276', '48307', '48290', '48293', '48300', '48305', '48308', '48283', '48284']",INTRA_NODE_LOAD_IMBALANCE,0.05,True,1.0,0.0,0.0,24,0,0,84
12,1,"['48267', '48269', '48270', '48274', '48276', '48278', '48289', '48307', '48290', '48291', '48305', '48303']",PIPELINE_STALL,0.2625,True,0.6545454545454547,0.1881188118811881,0.0,18,19,0,82
12,1,"['48267', '48269', '48270', '48274', '48276', '48278', '48289', '48307', '48290', '48291', '48305', '48303']",COMPUTE_UNDERUTILIZATION,0.22,True,0.9902912621359222,0.1176470588235294,0.0,102,2,0,15
12,1,"['48267', '48269', '48270', '48274', '48276', '48278', '48289', '48307', '48290', '48291', '48305', '48303']",PRECISION_WASTE,0.2,True,0.8333333333333334,0.0344827586206896,0.2622950819672131,45,2,16,56
12,1,"['48267', '48269', '48270', '48274', '48276', '48278', '48289', '48307', '48290', '48291', '48305', '48303']",BRANCH_MISPREDICTION,0.05,True,1.0,0.0,0.0,44,0,0,75
12,1,"['48267', '48269', '48270', '48274', '48276', '48278', '48289', '48307', '48290', '48291', '48305', '48303']",CACHE_PRESSURE,0.1875,True,0.9397590361445785,0.0,0.1136363636363636,39,0,5,75
12,1,"['48267', '48269', '48270', '48274', '48276', '48278', '48289', '48307', '48290', '48291', '48305', '48303']",INTRA_NODE_LOAD_IMBALANCE,0.05,True,0.9863013698630138,0.0,0.027027027027027,72,0,2,45
12,2,"['48267', '48269', '48270', '48273', '48276', '48278', '48291', '48293', '48295', '48300', '48304', '48284']",PIPELINE_STALL,0.05,True,0.4126984126984127,0.0,0.74,13,0,37,60
12,2,"['48267', '48269', '48270', '48273', '48276', '48278', '48291', '48293', '48295', '48300', '48304', '48284']",COMPUTE_UNDERUTILIZATION,0.325,True,0.9493670886075948,0.2285714285714285,0.0,75,8,0,27
12,2,"['48267', '48269', '48270', '48273', '48276', '48278', '48291', '48293', '48295', '48300', '48304', '48284']",PRECISION_WASTE,0.05,True,0.7913669064748201,0.037037037037037,0.3373493975903614,55,1,28,26
12,2,"['48267', '48269', '48270', '48273', '48276', '48278', '48291', '48293', '48295', '48300', '48304', '48284']",BRANCH_MISPREDICTION,0.05,True,1.0,0.0,0.0,15,0,0,95
12,2,"['48267', '48269', '48270', '48273', '48276', '48278', '48291', '48293', '48295', '48300', '48304', '48284']",CACHE_PRESSURE,0.3375,True,0.8181818181818182,0.0897435897435897,0.15625,27,7,5,71
12,2,"['48267', '48269', '48270', '48273', '48276', '48278', '48291', '48293', '48295', '48300', '48304', '48284']",INTRA_NODE_LOAD_IMBALANCE,0.05,True,0.9714285714285714,0.0,0.0555555555555555,51,0,3,56
12,3,"['48267', '48270', '48273', '48276', '48307', '48290', '48291', '48295', '48300', '48304', '48305', '48283']",PIPELINE_STALL,0.0999999999999999,True,0.8846153846153846,0.0,0.2068965517241379,23,0,6,82
12,3,"['48267', '48270', '48273', '48276', '48307', '48290', '48291', '48295', '48300', '48304', '48305', '48283']",COMPUTE_UNDERUTILIZATION,0.05,True,0.9790209790209792,0.073170731707317,0.0,70,3,0,38
12,3,"['48267', '48270', '48273', '48276', '48307', '48290', '48291', '48295', '48300', '48304', '48305', '48283']",PRECISION_WASTE,0.05,True,0.7586206896551725,0.0,0.3888888888888889,44,0,28,39
12,3,"['48267', '48270', '48273', '48276', '48307', '48290', '48291', '48295', '48300', '48304', '48305', '48283']",BRANCH_MISPREDICTION,0.05,True,1.0,0.0,0.0,14,0,0,97
12,3,"['48267', '48270', '48273', '48276', '48307', '48290', '48291', '48295', '48300', '48304', '48305', '48283']",CACHE_PRESSURE,0.3875,True,0.8115942028985507,0.1566265060240964,0.0,28,13,0,70
12,3,"['48267', '48270', '48273', '48276', '48307', '48290', '48291', '48295', '48300', '48304', '48305', '48283']",INTRA_NODE_LOAD_IMBALANCE,0.05,True,1.0,0.0,0.0,53,0,0,58
12,4,"['48269', '48273', '48274', '48276', '48278', '48289', '48307', '48295', '48300', '48305', '48308', '48303']",PIPELINE_STALL,0.05,True,0.8,0.2876712328767123,0.0,42,21,0,52
12,4,"['48269', '48273', '48274', '48276', '48278', '48289', '48307', '48295', '48300', '48305', '48308', '48303']",COMPUTE_UNDERUTILIZATION,0.075,True,0.6153846153846153,0.7746478873239436,0.0,44,55,0,16
12,4,"['48269', '48273', '48274', '48276', '48278', '48289', '48307', '48295', '48300', '48305', '48308', '48303']",PRECISION_WASTE,0.2375,True,0.988235294117647,0.064516129032258,0.0,84,2,0,29
12,4,"['48269', '48273', '48274', '48276', '48278', '48289', '48307', '48295', '48300', '48305', '48308', '48303']",BRANCH_MISPREDICTION,0.05,True,0.9743589743589745,0.0,0.05,19,0,1,95
12,4,"['48269', '48273', '48274', '48276', '48278', '48289', '48307', '48295', '48300', '48305', '48308', '48303']",CACHE_PRESSURE,0.1625,True,0.8480000000000001,0.0,0.2638888888888889,53,0,19,43
12,4,"['48269', '48273', '48274', '48276', '48278', '48289', '48307', '48295', '48300', '48305', '48308', '48303']",INTRA_NODE_LOAD_IMBALANCE,0.05,True,0.9821428571428572,0.0,0.0350877192982456,55,0,2,58
12,5,"['48267', '48270', '48273', '48274', '48276', '48278', '48289', '48293', '48300', '48305', '48283', '48303']",PIPELINE_STALL,0.175,True,0.8314606741573033,0.1973684210526315,0.0,37,15,0,61
12,5,"['48267', '48270', '48273', '48274', '48276', '48278', '48289', '48293', '48300', '48305', '48283', '48303']",COMPUTE_UNDERUTILIZATION,0.4125,True,1.0,0.0,0.0,72,0,0,41
12,5,"['48267', '48270', '48273', '48274', '48276', '48278', '48289', '48293', '48300', '48305', '48283', '48303']",PRECISION_WASTE,0.325,True,0.8987341772151899,0.0,0.1839080459770115,71,0,16,26
12,5,"['48267', '48270', '48273', '48274', '48276', '48278', '48289', '48293', '48300', '48305', '48283', '48303']",BRANCH_MISPREDICTION,0.05,True,1.0,0.0,0.0,29,0,0,84
12,5,"['48267', '48270', '48273', '48274', '48276', '48278', '48289', '48293', '48300', '48305', '48283', '48303']",CACHE_PRESSURE,0.1,True,0.8314606741573034,0.0161290322580645,0.2745098039215686,37,1,14,61
12,5,"['48267', '48270', '48273', '48274', '48276', '48278', '48289', '48293', '48300', '48305', '48283', '48303']",INTRA_NODE_LOAD_IMBALANCE,0.05,True,1.0,0.0,0.0,29,0,0,84
12,6,"['48269', '48274', '48276', '48307', '48290', '48295', '48300', '48304', '48305', '48283', '48284', '48303']",PIPELINE_STALL,0.05,True,0.8412698412698413,0.3125,0.0,53,20,0,44
12,6,"['48269', '48274', '48276', '48307', '48290', '48295', '48300', '48304', '48305', '48283', '48284', '48303']",COMPUTE_UNDERUTILIZATION,0.6000000000000001,True,0.6811594202898552,0.6285714285714286,0.0,47,44,0,26
12,6,"['48269', '48274', '48276', '48307', '48290', '48295', '48300', '48304', '48305', '48283', '48284', '48303']",PRECISION_WASTE,0.1333333333333333,True,0.8957055214723927,0.0357142857142857,0.1797752808988764,73,1,16,27
12,6,"['48269', '48274', '48276', '48307', '48290', '48295', '48300', '48304', '48305', '48283', '48284', '48303']",BRANCH_MISPREDICTION,0.1625,True,0.9743589743589745,0.0,0.05,19,0,1,97
12,6,"['48269', '48274', '48276', '48307', '48290', '48295', '48300', '48304', '48305', '48283', '48284', '48303']",CACHE_PRESSURE,0.2799999999999999,True,0.7326732673267328,0.1969696969696969,0.2745098039215686,37,13,14,53
12,6,"['48269', '48274', '48276', '48307', '48290', '48295', '48300', '48304', '48305', '48283', '48284', '48303']",INTRA_NODE_LOAD_IMBALANCE,0.05,True,1.0,0.0,0.0,48,0,0,69
12,7,"['48270', '48273', '48276', '48278', '48289', '48290', '48291', '48293', '48305', '48283', '48284', '48303']",PIPELINE_STALL,0.3625,True,0.909090909090909,0.0329670329670329,0.0476190476190476,20,3,1,88
12,7,"['48270', '48273', '48276', '48278', '48289', '48290', '48291', '48293', '48305', '48283', '48284', '48303']",COMPUTE_UNDERUTILIZATION,0.25,True,0.8378378378378378,0.0,0.2790697674418604,62,0,24,26
12,7,"['48270', '48273', '48276', '48278', '48289', '48290', '48291', '48293', '48305', '48283', '48284', '48303']",PRECISION_WASTE,0.05,True,0.8304093567251463,0.0769230769230769,0.2828282828282828,71,1,28,12
12,7,"['48270', '48273', '48276', '48278', '48289', '48290', '48291', '48293', '48305', '48283', '48284', '48303']",BRANCH_MISPREDICTION,0.05,True,1.0,0.0,0.0,31,0,0,81
12,7,"['48270', '48273', '48276', '48278', '48289', '48290', '48291', '48293', '48305', '48283', '48284', '48303']",CACHE_PRESSURE,0.28,True,0.9870129870129868,0.0135135135135135,0.0,38,1,0,73
12,7,"['48270', '48273', '48276', '48278', '48289', '48290', '48291', '48293', '48305', '48283', '48284', '48303']",INTRA_NODE_LOAD_IMBALANCE,0.05,True,1.0,0.0,0.0,43,0,0,69
12,8,"['48267', '48269', '48270', '48274', '48276', '48278', '48290', '48295', '48300', '48304', '48305', '48284']",PIPELINE_STALL,0.2875,True,0.854368932038835,0.046875,0.2142857142857142,44,3,12,61
12,8,"['48267', '48269', '48270', '48274', '48276', '48278', '48290', '48295', '48300', '48304', '48305', '48284']",COMPUTE_UNDERUTILIZATION,0.0833333333333333,True,0.9871794871794872,0.0465116279069767,0.0,77,2,0,41
12,8,"['48267', '48269', '48270', '48274', '48276', '48278', '48290', '48295', '48300', '48304', '48305', '48284']",PRECISION_WASTE,0.4125,True,0.951219512195122,0.1904761904761904,0.0,78,8,0,34
12,8,"['48267', '48269', '48270', '48274', '48276', '48278', '48290', '48295', '48300', '48304', '48305', '48284']",BRANCH_MISPREDICTION,0.05,True,1.0,0.0,0.0,29,0,0,91
12,8,"['48267', '48269', '48270', '48274', '48276', '48278', '48290', '48295', '48300', '48304', '48305', '48284']",CACHE_PRESSURE,0.05,True,0.7297297297297297,0.0135135135135135,0.4130434782608695,27,1,19,73
12,8,"['48267', '48269', '48270', '48274', '48276', '48278', '48290', '48295', '48300', '48304', '48305', '48284']",INTRA_NODE_LOAD_IMBALANCE,0.05,True,0.5940594059405941,0.0,0.5774647887323944,30,0,41,49
12,9,"['48267', '48269', '48273', '48276', '48289', '48307', '48290', '48293', '48295', '48300', '48304', '48303']",PIPELINE_STALL,0.45,True,0.8679245283018869,0.2121212121212121,0.0,46,14,0,52
12,9,"['48267', '48269', '48273', '48276', '48289', '48307', '48290', '48293', '48295', '48300', '48304', '48303']",COMPUTE_UNDERUTILIZATION,0.0625,True,0.8095238095238095,0.7272727272727273,0.0,68,32,0,12
12,9,"['48267', '48269', '48273', '48276', '48289', '48307', '48290', '48293', '48295', '48300', '48304', '48303']",PRECISION_WASTE,0.0875,True,0.7454545454545455,0.0,0.4057971014492754,41,0,28,43
12,9,"['48267', '48269', '48273', '48276', '48289', '48307', '48290', '48293', '48295', '48300', '48304', '48303']",BRANCH_MISPREDICTION,0.1625,True,0.9743589743589745,0.0,0.05,19,0,1,92
12,9,"['48267', '48269', '48273', '48276', '48289', '48307', '48290', '48293', '48295', '48300', '48304', '48303']",CACHE_PRESSURE,0.14,True,0.6666666666666667,0.1111111111111111,0.2727272727272727,16,10,6,80
12,9,"['48267', '48269', '48273', '48276', '48289', '48307', '48290', '48293', '48295', '48300', '48304', '48303']",INTRA_NODE_LOAD_IMBALANCE,0.05,True,0.9714285714285714,0.0,0.0555555555555555,51,0,3,58
12,10,"['48267', '48269', '48273', '48274', '48276', '48278', '48307', '48290', '48291', '48293', '48300', '48283']",PIPELINE_STALL,0.075,True,0.6956521739130435,0.0813953488372093,0.3043478260869565,16,7,7,79
12,10,"['48267', '48269', '48273', '48274', '48276', '48278', '48307', '48290', '48291', '48293', '48300', '48283']",COMPUTE_UNDERUTILIZATION,0.41,True,0.6511627906976745,0.3714285714285714,0.4324324324324324,42,13,32,22
12,10,"['48267', '48269', '48273', '48274', '48276', '48278', '48307', '48290', '48291', '48293', '48300', '48283']",PRECISION_WASTE,0.35,True,0.979591836734694,0.081081081081081,0.0,72,3,0,34
12,10,"['48267', '48269', '48273', '48274', '48276', '48278', '48307', '48290', '48291', '48293', '48300', '48283']",BRANCH_MISPREDICTION,0.1625,True,0.9743589743589745,0.0,0.05,19,0,1,89
12,10,"['48267', '48269', '48273', '48274', '48276', '48278', '48307', '48290', '48291', '48293', '48300', '48283']",CACHE_PRESSURE,0.2700000000000001,True,0.9302325581395348,0.0869565217391304,0.0,40,6,0,63
12,10,"['48267', '48269', '48273', '48274', '48276', '48278', '48307', '48290', '48291', '48293', '48300', '48283']",INTRA_NODE_LOAD_IMBALANCE,0.05,True,1.0,0.0,0.0,39,0,0,70
12,11,"['48267', '48269', '48273', '48274', '48276', '48278', '48289', '48291', '48295', '48305', '48308', '48283']",PIPELINE_STALL,0.05,True,0.7560975609756098,0.2077922077922078,0.1142857142857142,31,16,4,61
12,11,"['48267', '48269', '48273', '48274', '48276', '48278', '48289', '48291', '48295', '48305', '48308', '48283']",COMPUTE_UNDERUTILIZATION,0.6625000000000001,True,0.9161290322580644,0.3170731707317073,0.0,71,13,0,28
12,11,"['48267', '48269', '48273', '48274', '48276', '48278', '48289', '48291', '48295', '48305', '48308', '48283']",PRECISION_WASTE,0.1625,True,0.9497206703910616,0.3333333333333333,0.0,85,9,0,18
12,11,"['48267', '48269', '48273', '48274', '48276', '48278', '48289', '48291', '48295', '48305', '48308', '48283']",BRANCH_MISPREDICTION,0.05,True,0.99009900990099,0.0,0.0196078431372549,50,0,1,61
12,11,"['48267', '48269', '48273', '48274', '48276', '48278', '48289', '48291', '48295', '48305', '48308', '48283']",CACHE_PRESSURE,0.6000000000000001,True,0.9885057471264368,0.0,0.0227272727272727,43,0,1,68
12,11,"['48267', '48269', '48273', '48274', '48276', '48278', '48289', '48291', '48295', '48305', '48308', '48283']",INTRA_NODE_LOAD_IMBALANCE,0.05,True,1.0,0.0,0.0,79,0,0,33
12,12,"['48267', '48273', '48278', '48289', '48307', '48290', '48291', '48295', '48300', '48304', '48284', '48303']",PIPELINE_STALL,0.32,True,0.925925925925926,0.034090909090909,0.0384615384615384,25,3,1,85
12,12,"['48267', '48273', '48278', '48289', '48307', '48290', '48291', '48295', '48300', '48304', '48284', '48303']",COMPUTE_UNDERUTILIZATION,0.325,True,0.8251748251748251,0.4545454545454545,0.0,59,25,0,30
12,12,"['48267', '48273', '48278', '48289', '48307', '48290', '48291', '48295', '48300', '48304', '48284', '48303']",PRECISION_WASTE,0.05,True,0.8313253012048193,0.0,0.2886597938144329,69,0,28,17
12,12,"['48267', '48273', '48278', '48289', '48307', '48290', '48291', '48295', '48300', '48304', '48284', '48303']",BRANCH_MISPREDICTION,0.05,True,0.3571428571428571,0.0808080808080808,0.6666666666666666,5,8,10,91
12,12,"['48267', '48273', '48278', '48289', '48307', '48290', '48291', '48295', '48300', '48304', '48284', '48303']",CACHE_PRESSURE,0.18,True,0.367816091954023,0.5376344086021505,0.238095238095238,16,50,5,43
12,12,"['48267', '48273', '48278', '48289', '48307', '48290', '48291', '48295', '48300', '48304', '48284', '48303']",INTRA_NODE_LOAD_IMBALANCE,0.05,True,0.9790209790209792,0.0681818181818181,0.0,70,3,0,41
12,13,"['48267', '48270', '48274', '48278', '48289', '48290', '48293', '48295', '48300', '48305', '48308', '48284']",PIPELINE_STALL,0.24,True,0.676056338028169,0.0,0.4893617021276595,24,0,23,69
12,13,"['48267', '48270', '48274', '48278', '48289', '48290', '48293', '48295', '48300', '48305', '48308', '48284']",COMPUTE_UNDERUTILIZATION,0.1875,True,0.9942196531791908,0.0333333333333333,0.0,86,1,0,29
12,13,"['48267', '48270', '48274', '48278', '48289', '48290', '48293', '48295', '48300', '48305', '48308', '48284']",PRECISION_WASTE,0.5833333333333334,True,0.9554140127388536,0.1707317073170731,0.0,75,7,0,34
12,13,"['48267', '48270', '48274', '48278', '48289', '48290', '48293', '48295', '48300', '48305', '48308', '48284']",BRANCH_MISPREDICTION,0.275,True,0.9870129870129868,0.0128205128205128,0.0,38,1,0,77
12,13,"['48267', '48270', '48274', '48278', '48289', '48290', '48293', '48295', '48300', '48305', '48308', '48284']",CACHE_PRESSURE,0.25,True,0.6545454545454547,0.0,0.5135135135135135,18,0,19,79
12,13,"['48267', '48270', '48274', '48278', '48289', '48290', '48293', '48295', '48300', '48305', '48308', '48284']",INTRA_NODE_LOAD_IMBALANCE,0.1625,True,0.984375,0.0,0.0307692307692307,63,0,2,51
12,14,"['48267', '48269', '48270', '48274', '48289', '48307', '48291', '48295', '48305', '48283', '48284', '48303']",PIPELINE_STALL,0.31,True,0.967741935483871,0.0227272727272727,0.0,30,2,0,86
12,14,"['48267', '48269', '48270', '48274', '48289', '48307', '48291', '48295', '48305', '48283', '48284', '48303']",COMPUTE_UNDERUTILIZATION,0.2,True,0.9887640449438202,0.0666666666666666,0.0,88,2,0,28
12,14,"['48267', '48269', '48270', '48274', '48289', '48307', '48291', '48295', '48305', '48283', '48284', '48303']",PRECISION_WASTE,0.05,True,0.8902439024390245,0.0689655172413793,0.1797752808988764,73,2,16,27
12,14,"['48267', '48269', '48270', '48274', '48289', '48307', '48291', '48295', '48305', '48283', '48284', '48303']",BRANCH_MISPREDICTION,0.05,True,0.9873417721518988,0.0126582278481012,0.0,39,1,0,78
12,14,"['48267', '48269', '48270', '48274', '48289', '48307', '48291', '48295', '48305', '48283', '48284', '48303']",CACHE_PRESSURE,0.2700000000000001,True,0.8631578947368421,0.1688311688311688,0.0,41,13,0,64
12,14,"['48267', '48269', '48270', '48274', '48289', '48307', '48291', '48295', '48305', '48283', '48284', '48303']",INTRA_NODE_LOAD_IMBALANCE,0.05,True,1.0,0.0,0.0,60,0,0,58
12,15,"['48267', '48270', '48274', '48276', '48278', '48289', '48307', '48290', '48293', '48295', '48305', '48303']",PIPELINE_STALL,0.0666666666666666,True,0.8095238095238095,0.1860465116279069,0.0,34,16,0,70
12,15,"['48267', '48270', '48274', '48276', '48278', '48289', '48307', '48290', '48293', '48295', '48305', '48303']",COMPUTE_UNDERUTILIZATION,0.22,True,0.994475138121547,0.0333333333333333,0.0,90,1,0,29
12,15,"['48267', '48270', '48274', '48276', '48278', '48289', '48307', '48290', '48293', '48295', '48305', '48303']",PRECISION_WASTE,0.425,True,0.9146341463414632,0.3111111111111111,0.0,75,14,0,31
12,15,"['48267', '48270', '48274', '48276', '48278', '48289', '48307', '48290', '48293', '48295', '48305', '48303']",BRANCH_MISPREDICTION,0.05,True,1.0,0.0,0.0,44,0,0,76
12,15,"['48267', '48270', '48274', '48276', '48278', '48289', '48307', '48290', '48293', '48295', '48305', '48303']",CACHE_PRESSURE,0.06,True,0.5957446808510638,0.0,0.5757575757575758,14,0,19,87
12,15,"['48267', '48270', '48274', '48276', '48278', '48289', '48307', '48290', '48293', '48295', '48305', '48303']",INTRA_NODE_LOAD_IMBALANCE,0.05,True,0.9827586206896552,0.0,0.0338983050847457,57,0,2,61
12,16,"['48267', '48269', '48270', '48289', '48291', '48293', '48295', '48300', '48304', '48305', '48284', '48303']",PIPELINE_STALL,0.275,True,0.5526315789473685,0.0,0.6181818181818182,21,0,34,59
12,16,"['48267', '48269', '48270', '48289', '48291', '48293', '48295', '48300', '48304', '48305', '48284', '48303']",COMPUTE_UNDERUTILIZATION,0.05,True,0.9850746268656716,0.2,0.0,99,3,0,12
12,16,"['48267', '48269', '48270', '48289', '48291', '48293', '48295', '48300', '48304', '48305', '48284', '48303']",PRECISION_WASTE,0.1166666666666666,True,0.7543859649122806,0.0,0.3943661971830985,43,0,28,43
12,16,"['48267', '48269', '48270', '48289', '48291', '48293', '48295', '48300', '48304', '48305', '48284', '48303']",BRANCH_MISPREDICTION,0.05,True,0.9870129870129868,0.0131578947368421,0.0,38,1,0,75
12,16,"['48267', '48269', '48270', '48289', '48291', '48293', '48295', '48300', '48304', '48305', '48284', '48303']",CACHE_PRESSURE,0.05,True,0.7586206896551725,0.0,0.3888888888888889,11,0,7,96
12,16,"['48267', '48269', '48270', '48289', '48291', '48293', '48295', '48300', '48304', '48305', '48284', '48303']",INTRA_NODE_LOAD_IMBALANCE,0.05,True,0.9784172661870504,0.0,0.0422535211267605,68,0,3,43
12,17,"['48267', '48269', '48274', '48276', '48278', '48289', '48291', '48293', '48300', '48305', '48308', '48283']",PIPELINE_STALL,0.05,True,0.8256880733944955,0.2631578947368421,0.0816326530612244,45,15,4,42
12,17,"['48267', '48269', '48274', '48276', '48278', '48289', '48291', '48293', '48300', '48305', '48308', '48283']",COMPUTE_UNDERUTILIZATION,0.6000000000000001,True,0.6853146853146853,0.52,0.3950617283950617,49,13,32,12
12,17,"['48267', '48269', '48274', '48276', '48278', '48289', '48291', '48293', '48300', '48305', '48308', '48283']",PRECISION_WASTE,0.2625,True,0.6918238993710693,0.9607843137254902,0.0,55,49,0,2
12,17,"['48267', '48269', '48274', '48276', '48278', '48289', '48291', '48293', '48300', '48305', '48308', '48283']",BRANCH_MISPREDICTION,0.5,True,0.9896907216494846,0.0,0.0204081632653061,48,0,1,57
12,17,"['48267', '48269', '48274', '48276', '48278', '48289', '48291', '48293', '48300', '48305', '48308', '48283']",CACHE_PRESSURE,0.3,True,0.9879518072289156,0.0153846153846153,0.0,41,1,0,64
12,17,"['48267', '48269', '48274', '48276', '48278', '48289', '48291', '48293', '48300', '48305', '48308', '48283']",INTRA_NODE_LOAD_IMBALANCE,0.05,True,1.0,0.0,0.0,62,0,0,44
12,18,"['48267', '48270', '48276', '48278', '48289', '48307', '48295', '48300', '48304', '48305', '48308', '48283']",PIPELINE_STALL,0.325,True,0.8073394495412843,0.14,0.2413793103448276,44,7,14,43
12,18,"['48267', '48270', '48276', '48278', '48289', '48307', '48295', '48300', '48304', '48305', '48308', '48283']",COMPUTE_UNDERUTILIZATION,0.2375,True,0.9622641509433962,0.0701754385964912,0.0,51,4,0,53
12,18,"['48267', '48270', '48276', '48278', '48289', '48307', '48295', '48300', '48304', '48305', '48308', '48283']",PRECISION_WASTE,0.4166666666666667,True,0.8701298701298702,0.475,0.0147058823529411,67,19,1,21
12,18,"['48267', '48270', '48276', '48278', '48289', '48307', '48295', '48300', '48304', '48305', '48308', '48283']",BRANCH_MISPREDICTION,0.05,True,1.0,0.0,0.0,28,0,0,80
12,18,"['48267', '48270', '48276', '48278', '48289', '48307', '48295', '48300', '48304', '48305', '48308', '48283']",CACHE_PRESSURE,0.4625,True,0.8108108108108109,0.0,0.3181818181818182,30,0,14,64
12,18,"['48267', '48270', '48276', '48278', '48289', '48307', '48295', '48300', '48304', '48305', '48308', '48283']",INTRA_NODE_LOAD_IMBALANCE,0.05,True,1.0,0.0,0.0,61,0,0,47
12,19,"['48267', '48269', '48273', '48276', '48289', '48307', '48291', '48293', '48295', '48305', '48283', '48303']",PIPELINE_STALL,0.1,True,0.6972477064220183,0.4520547945205479,0.0,38,33,0,40
12,19,"['48267', '48269', '48273', '48276', '48289', '48307', '48291', '48293', '48295', '48305', '48283', '48303']",COMPUTE_UNDERUTILIZATION,0.3,True,0.9180327868852458,0.5555555555555556,0.0,84,15,0,12
12,19,"['48267', '48269', '48273', '48276', '48289', '48307', '48291', '48293', '48295', '48305', '48283', '48303']",PRECISION_WASTE,0.0625,True,0.7913669064748201,0.0357142857142857,0.3373493975903614,55,1,28,27
12,19,"['48267', '48269', '48273', '48276', '48289', '48307', '48291', '48293', '48295', '48305', '48283', '48303']",BRANCH_MISPREDICTION,0.05,True,0.9859154929577464,0.0,0.0277777777777777,35,0,1,75
12,19,"['48267', '48269', '48273', '48276', '48289', '48307', '48291', '48293', '48295', '48305', '48283', '48303']",CACHE_PRESSURE,0.2799999999999999,True,0.8059701492537313,0.1547619047619047,0.0,27,13,0,71
12,19,"['48267', '48269', '48273', '48276', '48289', '48307', '48291', '48293', '48295', '48305', '48283', '48303']",INTRA_NODE_LOAD_IMBALANCE,0.05,True,1.0,0.0,0.0,55,0,0,56
12,20,"['48270', '48273', '48278', '48289', '48307', '48290', '48300', '48304', '48308', '48283', '48284', '48303']",PIPELINE_STALL,0.2800000000000001,True,0.9818181818181818,0.0,0.0357142857142857,27,0,1,82
12,20,"['48270', '48273', '48278', '48289', '48307', '48290', '48300', '48304', '48308', '48283', '48284', '48303']",COMPUTE_UNDERUTILIZATION,0.5750000000000001,True,0.9090909090909092,0.1142857142857142,0.0,40,8,0,62
12,20,"['48270', '48273', '48278', '48289', '48307', '48290', '48300', '48304', '48308', '48283', '48284', '48303']",PRECISION_WASTE,0.075,True,0.9844559585492229,0.0769230769230769,0.0206185567010309,95,1,2,12
12,20,"['48270', '48273', '48278', '48289', '48307', '48290', '48300', '48304', '48308', '48283', '48284', '48303']",BRANCH_MISPREDICTION,0.05,True,0.9473684210526316,0.0099009900990099,0.0,9,1,0,100
12,20,"['48270', '48273', '48278', '48289', '48307', '48290', '48300', '48304', '48308', '48283', '48284', '48303']",CACHE_PRESSURE,0.7000000000000001,True,0.746031746031746,0.4464285714285714,0.1296296296296296,47,25,7,31
12,20,"['48270', '48273', '48278', '48289', '48307', '48290', '48300', '48304', '48308', '48283', '48284', '48303']",INTRA_NODE_LOAD_IMBALANCE,0.05,True,1.0,0.0,0.0,42,0,0,68
12,21,"['48273', '48274', '48276', '48278', '48290', '48293', '48300', '48305', '48308', '48283', '48284', '48303']",PIPELINE_STALL,0.2625,True,0.9072164948453608,0.1304347826086956,0.0,44,9,0,60
12,21,"['48273', '48274', '48276', '48278', '48290', '48293', '48300', '48305', '48308', '48283', '48284', '48303']",COMPUTE_UNDERUTILIZATION,0.1875,True,0.6486486486486487,0.8,0.0,48,52,0,13
12,21,"['48273', '48274', '48276', '48278', '48290', '48293', '48300', '48305', '48308', '48283', '48284', '48303']",PRECISION_WASTE,0.0625,True,1.0,0.0,0.0,101,0,0,12
12,21,"['48273', '48274', '48276', '48278', '48290', '48293', '48300', '48305', '48308', '48283', '48284', '48303']",BRANCH_MISPREDICTION,0.05,True,0.975609756097561,0.0,0.0476190476190476,20,0,1,92
12,21,"['48273', '48274', '48276', '48278', '48290', '48293', '48300', '48305', '48308', '48283', '48284', '48303']",CACHE_PRESSURE,0.31,True,0.8623853211009173,0.0192307692307692,0.2295081967213114,47,1,14,51
12,21,"['48273', '48274', '48276', '48278', '48290', '48293', '48300', '48305', '48308', '48283', '48284', '48303']",INTRA_NODE_LOAD_IMBALANCE,0.05,True,1.0,0.0,0.0,34,0,0,79
12,22,"['48267', '48269', '48270', '48273', '48278', '48289', '48307', '48290', '48291', '48293', '48304', '48305']",PIPELINE_STALL,0.1,True,0.6521739130434783,0.1182795698924731,0.25,15,11,5,82
12,22,"['48267', '48269', '48270', '48273', '48278', '48289', '48307', '48290', '48291', '48293', '48304', '48305']",COMPUTE_UNDERUTILIZATION,0.0999999999999999,True,0.9955555555555556,1.0,0.0,112,1,0,0
12,22,"['48267', '48269', '48270', '48273', '48278', '48289', '48307', '48290', '48291', '48293', '48304', '48305']",PRECISION_WASTE,0.225,True,0.6813186813186813,0.0185185185185185,0.4745762711864407,31,1,28,53
12,22,"['48267', '48269', '48270', '48273', '48278', '48289', '48307', '48290', '48291', '48293', '48304', '48305']",BRANCH_MISPREDICTION,0.05,True,0.9873417721518988,0.0135135135135135,0.0,39,1,0,73
12,22,"['48267', '48269', '48270', '48273', '48278', '48289', '48307', '48290', '48291', '48293', '48304', '48305']",CACHE_PRESSURE,0.19,True,0.8571428571428571,0.0,0.25,15,0,5,93
12,22,"['48267', '48269', '48270', '48273', '48278', '48289', '48307', '48290', '48291', '48293', '48304', '48305']",INTRA_NODE_LOAD_IMBALANCE,0.14,True,0.9803921568627452,0.0,0.0384615384615384,75,0,3,35
12,23,"['48267', '48270', '48274', '48276', '48290', '48291', '48293', '48300', '48305', '48308', '48283', '48303']",PIPELINE_STALL,0.0625,True,0.8372093023255813,0.1842105263157894,0.0,36,14,0,62
12,23,"['48267', '48270', '48274', '48276', '48290', '48291', '48293', '48300', '48305', '48308', '48283', '48303']",COMPUTE_UNDERUTILIZATION,0.25,True,0.9886363636363636,0.08,0.0,87,2,0,23
12,23,"['48267', '48270', '48274', '48276', '48290', '48291', '48293', '48300', '48305', '48308', '48283', '48303']",PRECISION_WASTE,0.0999999999999999,True,0.8082191780821918,0.5283018867924528,0.0,59,28,0,25
12,23,"['48267', '48270', '48274', '48276', '48290', '48291', '48293', '48300', '48305', '48308', '48283', '48303']",BRANCH_MISPREDICTION,0.05,True,1.0,0.0,0.0,43,0,0,69
12,23,"['48267', '48270', '48274', '48276', '48290', '48291', '48293', '48300', '48305', '48308', '48283', '48303']",CACHE_PRESSURE,0.4000000000000001,True,0.8433734939759037,0.1688311688311688,0.0,35,13,0,64
12,23,"['48267', '48270', '48274', '48276', '48290', '48291', '48293', '48300', '48305', '48308', '48283', '48303']",INTRA_NODE_LOAD_IMBALANCE,0.05,True,1.0,0.0,0.0,49,0,0,63
12,24,"['48269', '48274', '48289', '48307', '48291', '48295', '48304', '48305', '48308', '48283', '48284', '48303']",PIPELINE_STALL,0.1625,True,0.9195402298850576,0.0958904109589041,0.0,40,7,0,66
12,24,"['48269', '48274', '48289', '48307', '48291', '48295', '48304', '48305', '48308', '48283', '48284', '48303']",COMPUTE_UNDERUTILIZATION,0.0833333333333333,True,0.9344262295081968,0.1428571428571428,0.0,57,8,0,48
12,24,"['48269', '48274', '48289', '48307', '48291', '48295', '48304', '48305', '48308', '48283', '48284', '48303']",PRECISION_WASTE,0.1999999999999999,True,0.988235294117647,0.0689655172413793,0.0,84,2,0,27
12,24,"['48269', '48274', '48289', '48307', '48291', '48295', '48304', '48305', '48308', '48283', '48284', '48303']",BRANCH_MISPREDICTION,0.275,True,0.8,0.0441176470588235,0.2888888888888888,32,3,13,65
12,24,"['48269', '48274', '48289', '48307', '48291', '48295', '48304', '48305', '48308', '48283', '48284', '48303']",CACHE_PRESSURE,0.4625000000000001,True,0.9302325581395348,0.0821917808219178,0.0,40,6,0,67
12,24,"['48269', '48274', '48289', '48307', '48291', '48295', '48304', '48305', '48308', '48283', '48284', '48303']",INTRA_NODE_LOAD_IMBALANCE,0.05,True,1.0,0.0,0.0,73,0,0,40
12,25,"['48270', '48273', '48276', '48278', '48289', '48290', '48291', '48293', '48295', '48305', '48308', '48283']",PIPELINE_STALL,0.05,True,0.7462686567164178,0.2023809523809523,0.0,25,17,0,67
12,25,"['48270', '48273', '48276', '48278', '48289', '48290', '48291', '48293', '48295', '48305', '48308', '48283']",COMPUTE_UNDERUTILIZATION,0.45,True,1.0,0.0,0.0,83,0,0,26
12,25,"['48270', '48273', '48276', '48278', '48289', '48290', '48291', '48293', '48295', '48305', '48308', '48283']",PRECISION_WASTE,0.05,True,0.9111111111111112,0.5769230769230769,0.0120481927710843,82,15,1,11
12,25,"['48270', '48273', '48276', '48278', '48289', '48290', '48291', '48293', '48295', '48305', '48308', '48283']",BRANCH_MISPREDICTION,0.05,True,1.0,0.0,0.0,45,0,0,64
12,25,"['48270', '48273', '48276', '48278', '48289', '48290', '48291', '48293', '48295', '48305', '48308', '48283']",CACHE_PRESSURE,0.37,True,0.96875,0.0256410256410256,0.0,31,2,0,76
12,25,"['48270', '48273', '48276', '48278', '48289', '48290', '48291', '48293', '48295', '48305', '48308', '48283']",INTRA_NODE_LOAD_IMBALANCE,0.05,True,1.0,0.0,0.0,63,0,0,46
12,26,"['48270', '48273', '48274', '48307', '48290', '48291', '48293', '48295', '48300', '48304', '48305', '48284']",PIPELINE_STALL,0.21,True,,0.0,1.0,0,0,21,93
12,26,"['48270', '48273', '48274', '48307', '48290', '48291', '48293', '48295', '48300', '48304', '48305', '48284']",COMPUTE_UNDERUTILIZATION,0.05,True,0.9803921568627452,0.0769230769230769,0.0,75,3,0,36
12,26,"['48270', '48273', '48274', '48307', '48290', '48291', '48293', '48295', '48300', '48304', '48305', '48284']",PRECISION_WASTE,0.05,True,0.925,0.3,0.0,74,12,0,28
12,26,"['48270', '48273', '48274', '48307', '48290', '48291', '48293', '48295', '48300', '48304', '48305', '48284']",BRANCH_MISPREDICTION,0.05,True,0.9473684210526316,0.0095238095238095,0.0,9,1,0,104
12,26,"['48270', '48273', '48274', '48307', '48290', '48291', '48293', '48295', '48300', '48304', '48305', '48284']",CACHE_PRESSURE,0.125,True,0.875,0.048780487804878,0.125,28,4,4,78
12,26,"['48270', '48273', '48274', '48307', '48290', '48291', '48293', '48295', '48300', '48304', '48305', '48284']",INTRA_NODE_LOAD_IMBALANCE,0.05,True,0.8108108108108109,0.0277777777777777,0.2857142857142857,30,2,12,70
12,27,"['48267', '48274', '48276', '48278', '48307', '48290', '48293', '48295', '48300', '48304', '48305', '48308']",PIPELINE_STALL,0.1625,True,0.9074074074074074,0.0357142857142857,0.1403508771929824,49,2,8,54
12,27,"['48267', '48274', '48276', '48278', '48307', '48290', '48293', '48295', '48300', '48304', '48305', '48308']",COMPUTE_UNDERUTILIZATION,0.05,True,0.6936416184971099,1.0,0.0,60,53,0,0
12,27,"['48267', '48274', '48276', '48278', '48307', '48290', '48293', '48295', '48300', '48304', '48305', '48308']",PRECISION_WASTE,0.3833333333333333,True,0.7837837837837839,0.5818181818181818,0.0,58,32,0,23
12,27,"['48267', '48274', '48276', '48278', '48307', '48290', '48293', '48295', '48300', '48304', '48305', '48308']",BRANCH_MISPREDICTION,0.1999999999999999,True,0.9850746268656716,0.0,0.0294117647058823,33,0,1,79
12,27,"['48267', '48274', '48276', '48278', '48307', '48290', '48293', '48295', '48300', '48304', '48305', '48308']",CACHE_PRESSURE,0.05,True,0.5652173913043478,0.0123456790123456,0.59375,13,1,19,80
12,27,"['48267', '48274', '48276', '48278', '48307', '48290', '48293', '48295', '48300', '48304', '48305', '48308']",INTRA_NODE_LOAD_IMBALANCE,0.05,True,0.9850746268656716,0.0,0.0294117647058823,66,0,2,45
12,28,"['48267', '48269', '48270', '48273', '48291', '48293', '48295', '48300', '48304', '48308', '48284', '48303']",PIPELINE_STALL,0.45,True,0.9473684210526316,0.0,0.1,45,0,5,62
12,28,"['48267', '48269', '48270', '48273', '48291', '48293', '48295', '48300', '48304', '48308', '48284', '48303']",COMPUTE_UNDERUTILIZATION,0.05,True,0.9803921568627452,0.081081081081081,0.0,75,3,0,34
12,28,"['48267', '48269', '48270', '48273', '48291', '48293', '48295', '48300', '48304', '48308', '48284', '48303']",PRECISION_WASTE,0.225,True,0.9759036144578314,0.0689655172413793,0.0240963855421686,81,2,2,27
12,28,"['48267', '48269', '48270', '48273', '48291', '48293', '48295', '48300', '48304', '48308', '48284', '48303']",BRANCH_MISPREDICTION,0.05,True,0.979591836734694,0.0113636363636363,0.0,24,1,0,87
12,28,"['48267', '48269', '48270', '48273', '48291', '48293', '48295', '48300', '48304', '48308', '48284', '48303']",CACHE_PRESSURE,0.275,True,0.8627450980392156,0.0,0.2413793103448276,22,0,7,83
12,28,"['48267', '48269', '48270', '48273', '48291', '48293', '48295', '48300', '48304', '48308', '48284', '48303']",INTRA_NODE_LOAD_IMBALANCE,0.2,True,0.975609756097561,0.0,0.0476190476190476,60,0,3,49
12,29,"['48267', '48269', '48270', '48273', '48276', '48278', '48289', '48307', '48291', '48305', '48308', '48284']",PIPELINE_STALL,0.45,True,0.984126984126984,0.0,0.03125,31,0,1,78
12,29,"['48267', '48269', '48270', '48273', '48276', '48278', '48289', '48307', '48291', '48305', '48308', '48284']",COMPUTE_UNDERUTILIZATION,0.21,True,0.9629629629629628,0.1034482758620689,0.037037037037037,78,3,3,26
12,29,"['48267', '48269', '48270', '48273', '48276', '48278', '48289', '48307', '48291', '48305', '48308', '48284']",PRECISION_WASTE,0.0833333333333333,True,0.8507462686567164,0.1951219512195122,0.1739130434782608,57,8,12,33
12,29,"['48267', '48269', '48270', '48273', '48276', '48278', '48289', '48307', '48291', '48305', '48308', '48284']",BRANCH_MISPREDICTION,0.05,True,1.0,0.0,0.0,16,0,0,94
12,29,"['48267', '48269', '48270', '48273', '48276', '48278', '48289', '48307', '48291', '48305', '48308', '48284']",CACHE_PRESSURE,0.2125,True,0.9565217391304348,0.0,0.0833333333333333,55,0,5,50
12,29,"['48267', '48269', '48270', '48273', '48276', '48278', '48289', '48307', '48291', '48305', '48308', '48284']",INTRA_NODE_LOAD_IMBALANCE,0.05,True,0.905982905982906,0.0,0.171875,53,0,11,46
12,30,"['48269', '48270', '48273', '48278', '48289', '48307', '48300', '48304', '48305', '48308', '48284', '48303']",PIPELINE_STALL,0.15,True,0.9885057471264368,0.0,0.0227272727272727,43,0,1,69
12,30,"['48269', '48270', '48273', '48278', '48289', '48307', '48300', '48304', '48305', '48308', '48284', '48303']",COMPUTE_UNDERUTILIZATION,0.0875,True,0.9821428571428572,0.0344827586206896,0.0,55,2,0,56
12,30,"['48269', '48270', '48273', '48278', '48289', '48307', '48300', '48304', '48305', '48308', '48284', '48303']",PRECISION_WASTE,0.1375,True,0.988095238095238,0.0344827586206896,0.0119047619047619,83,1,1,28
12,30,"['48269', '48270', '48273', '48278', '48289', '48307', '48300', '48304', '48305', '48308', '48284', '48303']",BRANCH_MISPREDICTION,0.05,True,0.9473684210526316,0.0096153846153846,0.0,9,1,0,103
12,30,"['48269', '48270', '48273', '48278', '48289', '48307', '48300', '48304', '48305', '48308', '48284', '48303']",CACHE_PRESSURE,0.05,True,0.8548387096774193,0.0454545454545454,0.2318840579710145,53,2,16,42
12,30,"['48269', '48270', '48273', '48278', '48289', '48307', '48300', '48304', '48305', '48308', '48284', '48303']",INTRA_NODE_LOAD_IMBALANCE,0.05,True,0.9743589743589745,0.0535714285714285,0.0,57,3,0,53
12,31,"['48267', '48273', '48278', '48307', '48291', '48293', '48304', '48305', '48308', '48283', '48284', '48303']",PIPELINE_STALL,0.2625,True,0.9555555555555556,0.0597014925373134,0.0,43,4,0,63
12,31,"['48267', '48273', '48278', '48307', '48291', '48293', '48304', '48305', '48308', '48283', '48284', '48303']",COMPUTE_UNDERUTILIZATION,0.0666666666666666,True,0.8493150684931507,0.4583333333333333,0.0,62,22,0,26
12,31,"['48267', '48273', '48278', '48307', '48291', '48293', '48304', '48305', '48308', '48283', '48284', '48303']",PRECISION_WASTE,0.05,True,0.7564102564102563,0.0,0.3917525773195876,59,0,38,13
12,31,"['48267', '48273', '48278', '48307', '48291', '48293', '48304', '48305', '48308', '48283', '48284', '48303']",BRANCH_MISPREDICTION,0.05,True,0.7560975609756097,0.2531645569620253,0.0,31,20,0,59
12,31,"['48267', '48273', '48278', '48307', '48291', '48293', '48304', '48305', '48308', '48283', '48284', '48303']",CACHE_PRESSURE,0.5250000000000001,True,0.984126984126984,0.0,0.03125,31,0,1,78
12,31,"['48267', '48273', '48278', '48307', '48291', '48293', '48304', '48305', '48308', '48283', '48284', '48303']",INTRA_NODE_LOAD_IMBALANCE,0.05,True,1.0,0.0,0.0,62,0,0,48
12,32,"['48270', '48273', '48274', '48276', '48289', '48307', '48300', '48304', '48305', '48308', '48284', '48303']",PIPELINE_STALL,0.05,True,1.0,0.0,0.0,36,0,0,75
12,32,"['48270', '48273', '48274', '48276', '48289', '48307', '48300', '48304', '48305', '48308', '48284', '48303']",COMPUTE_UNDERUTILIZATION,0.0666666666666666,True,0.9620253164556964,0.0410958904109589,0.0,38,3,0,70
12,32,"['48270', '48273', '48274', '48276', '48289', '48307', '48300', '48304', '48305', '48308', '48284', '48303']",PRECISION_WASTE,0.375,True,0.9517241379310344,0.1666666666666666,0.0,69,7,0,35
12,32,"['48270', '48273', '48274', '48276', '48289', '48307', '48300', '48304', '48305', '48308', '48284', '48303']",BRANCH_MISPREDICTION,0.05,True,,0.0,,0,0,0,111
12,32,"['48270', '48273', '48274', '48276', '48289', '48307', '48300', '48304', '48305', '48308', '48284', '48303']",CACHE_PRESSURE,0.05,True,0.8591549295774648,0.2682926829268293,0.1285714285714285,61,11,9,30
12,32,"['48270', '48273', '48274', '48276', '48289', '48307', '48300', '48304', '48305', '48308', '48284', '48303']",INTRA_NODE_LOAD_IMBALANCE,0.05,True,0.9655172413793104,0.0,0.0666666666666666,28,0,2,81
12,33,"['48267', '48269', '48270', '48273', '48274', '48276', '48289', '48291', '48300', '48308', '48283', '48284']",PIPELINE_STALL,0.18,True,0.8923076923076924,0.0909090909090909,0.0,29,7,0,70
12,33,"['48267', '48269', '48270', '48273', '48274', '48276', '48289', '48291', '48300', '48308', '48283', '48284']",COMPUTE_UNDERUTILIZATION,0.075,True,0.927536231884058,0.238095238095238,0.0,64,10,0,32
12,33,"['48267', '48269', '48270', '48273', '48274', '48276', '48289', '48291', '48300', '48308', '48283', '48284']",PRECISION_WASTE,0.55,True,0.9387755102040816,0.2432432432432432,0.0,69,9,0,28
12,33,"['48267', '48269', '48270', '48273', '48274', '48276', '48289', '48291', '48300', '48308', '48283', '48284']",BRANCH_MISPREDICTION,0.05,True,1.0,0.0,0.0,15,0,0,91
12,33,"['48267', '48269', '48270', '48273', '48274', '48276', '48289', '48291', '48300', '48308', '48283', '48284']",CACHE_PRESSURE,0.1333333333333333,True,0.8226950354609929,0.5208333333333334,0.0,58,25,0,23
12,33,"['48267', '48269', '48270', '48273', '48274', '48276', '48289', '48291', '48300', '48308', '48283', '48284']",INTRA_NODE_LOAD_IMBALANCE,0.05,True,1.0,0.0,0.0,36,0,0,70
12,34,"['48267', '48269', '48270', '48273', '48289', '48290', '48293', '48304', '48305', '48283', '48284', '48303']",PIPELINE_STALL,0.25,True,0.9523809523809524,0.04,0.024390243902439,40,3,1,72
12,34,"['48267', '48269', '48270', '48273', '48289', '48290', '48293', '48304', '48305', '48283', '48284', '48303']",COMPUTE_UNDERUTILIZATION,0.24,True,0.98989898989899,0.1111111111111111,0.0,98,2,0,16
12,34,"['48267', '48269', '48270', '48273', '48289', '48290', '48293', '48304', '48305', '48283', '48284', '48303']",PRECISION_WASTE,0.05,True,0.8104575163398694,0.0384615384615384,0.3111111111111111,62,1,28,25
12,34,"['48267', '48269', '48270', '48273', '48289', '48290', '48293', '48304', '48305', '48283', '48284', '48303']",BRANCH_MISPREDICTION,0.05,True,0.9876543209876544,0.0131578947368421,0.0,40,1,0,75
12,34,"['48267', '48269', '48270', '48273', '48289', '48290', '48293', '48304', '48305', '48283', '48284', '48303']",CACHE_PRESSURE,0.25,True,0.4999999999999999,0.1111111111111111,0.5384615384615384,12,10,14,80
12,34,"['48267', '48269', '48270', '48273', '48289', '48290', '48293', '48304', '48305', '48283', '48284', '48303']",INTRA_NODE_LOAD_IMBALANCE,0.05,True,1.0,0.0,0.0,58,0,0,58
12,35,"['48273', '48274', '48276', '48289', '48290', '48291', '48293', '48295', '48304', '48305', '48308', '48284']",PIPELINE_STALL,0.1625,True,0.8059701492537312,0.1139240506329113,0.1290322580645161,27,9,4,70
12,35,"['48273', '48274', '48276', '48289', '48290', '48291', '48293', '48295', '48304', '48305', '48308', '48284']",COMPUTE_UNDERUTILIZATION,0.05,True,0.8947368421052632,0.3809523809523809,0.0,68,16,0,26
12,35,"['48273', '48274', '48276', '48289', '48290', '48291', '48293', '48295', '48304', '48305', '48308', '48284']",PRECISION_WASTE,0.2166666666666666,True,0.9387755102040816,0.2195121951219512,0.0,69,9,0,32
12,35,"['48273', '48274', '48276', '48289', '48290', '48291', '48293', '48295', '48304', '48305', '48308', '48284']",BRANCH_MISPREDICTION,0.1999999999999999,True,0.9863013698630138,0.0,0.027027027027027,36,0,1,73
12,35,"['48273', '48274', '48276', '48289', '48290', '48291', '48293', '48295', '48304', '48305', '48308', '48284']",CACHE_PRESSURE,0.17,True,0.85,0.0,0.2608695652173913,17,0,6,87
12,35,"['48273', '48274', '48276', '48289', '48290', '48291', '48293', '48295', '48304', '48305', '48308', '48284']",INTRA_NODE_LOAD_IMBALANCE,0.05,True,0.984375,0.0,0.0307692307692307,63,0,2,45
12,36,"['48269', '48273', '48274', '48278', '48289', '48291', '48295', '48300', '48305', '48308', '48283', '48284']",PIPELINE_STALL,0.05,True,0.8157894736842105,0.131578947368421,0.1142857142857142,31,10,4,66
12,36,"['48269', '48273', '48274', '48278', '48289', '48291', '48295', '48300', '48305', '48308', '48283', '48284']",COMPUTE_UNDERUTILIZATION,0.8166666666666668,True,0.8461538461538461,0.0555555555555555,0.2280701754385964,44,3,13,51
12,36,"['48269', '48273', '48274', '48278', '48289', '48291', '48295', '48300', '48305', '48308', '48283', '48284']",PRECISION_WASTE,0.05,True,0.9473684210526316,0.9166666666666666,0.0,99,11,0,1
12,36,"['48269', '48273', '48274', '48278', '48289', '48291', '48295', '48300', '48305', '48308', '48283', '48284']",BRANCH_MISPREDICTION,0.5,True,0.689655172413793,0.0987654320987654,0.3333333333333333,20,8,10,73
12,36,"['48269', '48273', '48274', '48278', '48289', '48291', '48295', '48300', '48305', '48308', '48283', '48284']",CACHE_PRESSURE,0.5625,True,0.991150442477876,0.0,0.0175438596491228,56,0,1,54
12,36,"['48269', '48273', '48274', '48278', '48289', '48291', '48295', '48300', '48305', '48308', '48283', '48284']",INTRA_NODE_LOAD_IMBALANCE,0.05,True,1.0,0.0,0.0,64,0,0,47
12,37,"['48270', '48273', '48274', '48278', '48307', '48290', '48291', '48293', '48300', '48304', '48308', '48283']",PIPELINE_STALL,0.2,True,0.8666666666666666,0.0425531914893617,0.0,13,4,0,90
12,37,"['48270', '48273', '48274', '48278', '48307', '48290', '48291', '48293', '48300', '48304', '48308', '48283']",COMPUTE_UNDERUTILIZATION,0.1375,True,0.9291338582677166,0.1875,0.0,59,9,0,39
12,37,"['48270', '48273', '48274', '48278', '48307', '48290', '48291', '48293', '48300', '48304', '48308', '48283']",PRECISION_WASTE,0.4666666666666667,True,0.9655172413793104,0.1351351351351351,0.0,70,5,0,32
12,37,"['48270', '48273', '48274', '48278', '48307', '48290', '48291', '48293', '48300', '48304', '48308', '48283']",BRANCH_MISPREDICTION,0.05,True,0.9787234042553192,0.0119047619047619,0.0,23,1,0,83
12,37,"['48270', '48273', '48274', '48278', '48307', '48290', '48291', '48293', '48300', '48304', '48308', '48283']",CACHE_PRESSURE,0.3,True,0.7647058823529412,0.3529411764705882,0.0,39,24,0,44
12,37,"['48270', '48273', '48274', '48278', '48307', '48290', '48291', '48293', '48300', '48304', '48308', '48283']",INTRA_NODE_LOAD_IMBALANCE,0.05,True,1.0,0.0,0.0,41,0,0,66
12,38,"['48267', '48269', '48273', '48276', '48278', '48289', '48307', '48291', '48293', '48300', '48305', '48283']",PIPELINE_STALL,0.2166666666666666,True,0.8395061728395061,0.1343283582089552,0.1052631578947368,34,9,4,58
12,38,"['48267', '48269', '48273', '48276', '48278', '48289', '48307', '48291', '48293', '48300', '48305', '48283']",COMPUTE_UNDERUTILIZATION,0.47,True,0.6901408450704225,0.52,0.3875,49,13,31,12
12,38,"['48267', '48269', '48273', '48276', '48278', '48289', '48307', '48291', '48293', '48300', '48305', '48283']",PRECISION_WASTE,0.0625,True,0.7407407407407407,0.0,0.4117647058823529,40,0,28,37
12,38,"['48267', '48269', '48273', '48276', '48278', '48289', '48307', '48291', '48293', '48300', '48305', '48283']",BRANCH_MISPREDICTION,0.1625,True,0.9743589743589745,0.0,0.05,19,0,1,85
12,38,"['48267', '48269', '48273', '48276', '48278', '48289', '48307', '48291', '48293', '48300', '48305', '48283']",CACHE_PRESSURE,0.45,True,1.0,0.0,0.0,41,0,0,64
12,38,"['48267', '48269', '48273', '48276', '48278', '48289', '48307', '48291', '48293', '48300', '48305', '48283']",INTRA_NODE_LOAD_IMBALANCE,0.05,True,1.0,0.0,0.0,45,0,0,60
12,39,"['48267', '48269', '48270', '48276', '48289', '48293', '48300', '48304', '48305', '48308', '48283', '48284']",PIPELINE_STALL,0.35,True,0.7768595041322315,0.088235294117647,0.3380281690140845,47,3,24,31
12,39,"['48267', '48269', '48270', '48276', '48289', '48293', '48300', '48304', '48305', '48308', '48283', '48284']",COMPUTE_UNDERUTILIZATION,0.2,True,0.986842105263158,0.0666666666666666,0.0,75,2,0,28
12,39,"['48267', '48269', '48270', '48276', '48289', '48293', '48300', '48304', '48305', '48308', '48283', '48284']",PRECISION_WASTE,0.8500000000000001,True,0.8037383177570092,0.18,0.2181818181818181,43,9,12,41
12,39,"['48267', '48269', '48270', '48276', '48289', '48293', '48300', '48304', '48305', '48308', '48283', '48284']",BRANCH_MISPREDICTION,0.05,True,1.0,0.0,0.0,29,0,0,76
12,39,"['48267', '48269', '48270', '48276', '48289', '48293', '48300', '48304', '48305', '48308', '48283', '48284']",CACHE_PRESSURE,0.25,True,0.7,0.1587301587301587,0.3333333333333333,28,10,14,53
12,39,"['48267', '48269', '48270', '48276', '48289', '48293', '48300', '48304', '48305', '48308', '48283', '48284']",INTRA_NODE_LOAD_IMBALANCE,0.05,True,1.0,0.0,0.0,47,0,0,58
12,40,"['48267', '48270', '48273', '48278', '48289', '48307', '48290', '48291', '48295', '48304', '48305', '48284']",PIPELINE_STALL,0.0875,True,0.8235294117647058,0.0,0.3,14,0,6,96
12,40,"['48267', '48270', '48273', '48278', '48289', '48307', '48290', '48291', '48295', '48304', '48305', '48284']",COMPUTE_UNDERUTILIZATION,0.3,True,0.9942196531791908,0.0333333333333333,0.0,86,1,0,29
12,40,"['48267', '48270', '48273', '48278', '48289', '48307', '48290', '48291', '48295', '48304', '48305', '48284']",PRECISION_WASTE,0.05,True,0.8823529411764707,0.2758620689655172,0.1379310344827586,75,8,12,21
12,40,"['48267', '48270', '48273', '48278', '48289', '48307', '48290', '48291', '48295', '48304', '48305', '48284']",BRANCH_MISPREDICTION,0.05,True,0.9803921568627452,0.0109890109890109,0.0,25,1,0,90
12,40,"['48267', '48270', '48273', '48278', '48289', '48307', '48290', '48291', '48295', '48304', '48305', '48284']",CACHE_PRESSURE,0.29,True,0.878048780487805,0.0,0.217391304347826,18,0,5,93
12,40,"['48267', '48270', '48273', '48278', '48289', '48307', '48290', '48291', '48295', '48304', '48305', '48284']",INTRA_NODE_LOAD_IMBALANCE,0.1625,True,0.9251700680272108,0.0,0.1392405063291139,68,0,11,37
12,41,"['48267', '48273', '48274', '48276', '48278', '48289', '48307', '48300', '48304', '48308', '48283', '48284']",PIPELINE_STALL,0.05,True,0.9047619047619048,0.0634920634920634,0.0952380952380952,38,4,4,59
12,41,"['48267', '48273', '48274', '48276', '48278', '48289', '48307', '48300', '48304', '48308', '48283', '48284']",COMPUTE_UNDERUTILIZATION,0.05,True,0.396551724137931,0.8536585365853658,0.0,23,70,0,12
12,41,"['48267', '48273', '48274', '48276', '48278', '48289', '48307', '48300', '48304', '48308', '48283', '48284']",PRECISION_WASTE,0.45,True,0.9529411764705884,0.3333333333333333,0.0,81,8,0,16
12,41,"['48267', '48273', '48274', '48276', '48278', '48289', '48307', '48300', '48304', '48308', '48283', '48284']",BRANCH_MISPREDICTION,0.275,True,0.9090909090909092,0.0,0.1666666666666666,5,0,1,99
12,41,"['48267', '48273', '48274', '48276', '48278', '48289', '48307', '48300', '48304', '48308', '48283', '48284']",CACHE_PRESSURE,0.5666666666666668,True,0.7567567567567568,0.7291666666666666,0.0175438596491228,56,35,1,13
12,41,"['48267', '48273', '48274', '48276', '48278', '48289', '48307', '48300', '48304', '48308', '48283', '48284']",INTRA_NODE_LOAD_IMBALANCE,0.275,True,1.0,0.0,0.0,34,0,0,71
12,42,"['48267', '48270', '48289', '48290', '48291', '48293', '48295', '48300', '48304', '48308', '48283', '48303']",PIPELINE_STALL,0.24,True,0.95,0.0428571428571428,0.0256410256410256,38,3,1,67
12,42,"['48267', '48270', '48289', '48290', '48291', '48293', '48295', '48300', '48304', '48308', '48283', '48303']",COMPUTE_UNDERUTILIZATION,0.05,True,0.9479768786127168,0.3333333333333333,0.0,82,9,0,18
12,42,"['48267', '48270', '48289', '48290', '48291', '48293', '48295', '48300', '48304', '48308', '48283', '48303']",PRECISION_WASTE,0.0666666666666666,True,0.8292682926829268,0.6829268292682927,0.0,68,28,0,13
12,42,"['48267', '48270', '48289', '48290', '48291', '48293', '48295', '48300', '48304', '48308', '48283', '48303']",BRANCH_MISPREDICTION,0.05,True,0.9904761904761904,0.0175438596491228,0.0,52,1,0,56
12,42,"['48267', '48270', '48289', '48290', '48291', '48293', '48295', '48300', '48304', '48308', '48283', '48303']",CACHE_PRESSURE,0.27,True,0.1935483870967741,0.2358490566037736,0.0,3,25,0,81
12,42,"['48267', '48270', '48289', '48290', '48291', '48293', '48295', '48300', '48304', '48308', '48283', '48303']",INTRA_NODE_LOAD_IMBALANCE,0.05,True,1.0,0.0,0.0,70,0,0,39
12,43,"['48267', '48269', '48273', '48274', '48278', '48289', '48307', '48291', '48295', '48300', '48305', '48303']",PIPELINE_STALL,0.0625,True,0.7647058823529412,0.1739130434782608,0.0,26,16,0,76
12,43,"['48267', '48269', '48273', '48274', '48278', '48289', '48307', '48291', '48295', '48300', '48305', '48303']",COMPUTE_UNDERUTILIZATION,0.3125,True,0.9743589743589745,0.0952380952380952,0.0,76,4,0,38
12,43,"['48267', '48269', '48273', '48274', '48278', '48289', '48307', '48291', '48295', '48300', '48305', '48303']",PRECISION_WASTE,0.3875,True,0.8930817610062893,0.032258064516129,0.1839080459770115,71,1,16,30
12,43,"['48267', '48269', '48273', '48274', '48278', '48289', '48307', '48291', '48295', '48300', '48305', '48303']",BRANCH_MISPREDICTION,0.1999999999999999,True,0.6785714285714286,0.0898876404494382,0.3448275862068966,19,8,10,81
12,43,"['48267', '48269', '48273', '48274', '48278', '48289', '48307', '48291', '48295', '48300', '48305', '48303']",CACHE_PRESSURE,0.31,True,0.9411764705882352,0.0,0.1111111111111111,40,0,5,73
12,43,"['48267', '48269', '48273', '48274', '48278', '48289', '48307', '48291', '48295', '48300', '48305', '48303']",INTRA_NODE_LOAD_IMBALANCE,0.05,True,0.979591836734694,0.0652173913043478,0.0,72,3,0,43
12,44,"['48270', '48273', '48276', '48278', '48307', '48290', '48293', '48295', '48300', '48304', '48305', '48284']",PIPELINE_STALL,0.15,True,0.8311688311688311,0.0,0.2888888888888888,32,0,13,68
12,44,"['48270', '48273', '48276', '48278', '48307', '48290', '48293', '48295', '48300', '48304', '48305', '48284']",COMPUTE_UNDERUTILIZATION,0.175,True,0.9836065573770492,0.0377358490566037,0.0,60,2,0,51
12,44,"['48270', '48273', '48276', '48278', '48307', '48290', '48293', '48295', '48300', '48304', '48305', '48284']",PRECISION_WASTE,0.0666666666666666,True,0.8055555555555556,0.0,0.3255813953488372,58,0,28,27
12,44,"['48270', '48273', '48276', '48278', '48307', '48290', '48293', '48295', '48300', '48304', '48305', '48284']",BRANCH_MISPREDICTION,0.05,True,,0.0,,0,0,0,113
12,44,"['48270', '48273', '48276', '48278', '48307', '48290', '48293', '48295', '48300', '48304', '48305', '48284']",CACHE_PRESSURE,0.14,True,0.7222222222222221,0.0147058823529411,0.4222222222222222,26,1,19,67
12,44,"['48270', '48273', '48276', '48278', '48307', '48290', '48293', '48295', '48300', '48304', '48305', '48284']",INTRA_NODE_LOAD_IMBALANCE,0.05,True,0.96,0.0,0.0769230769230769,36,0,3,74
12,45,"['48267', '48270', '48273', '48276', '48289', '48290', '48295', '48300', '48305', '48308', '48284', '48303']",PIPELINE_STALL,0.2,True,0.9565217391304348,0.0422535211267605,0.0222222222222222,44,3,1,68
12,45,"['48267', '48270', '48273', '48276', '48289', '48290', '48295', '48300', '48305', '48308', '48284', '48303']",COMPUTE_UNDERUTILIZATION,0.05,True,0.9784172661870504,0.0625,0.0,68,3,0,45
12,45,"['48267', '48270', '48273', '48276', '48289', '48290', '48295', '48300', '48305', '48308', '48284', '48303']",PRECISION_WASTE,0.4000000000000001,True,0.9942196531791908,0.0333333333333333,0.0,86,1,0,29
12,45,"['48267', '48270', '48273', '48276', '48289', '48290', '48295', '48300', '48305', '48308', '48284', '48303']",BRANCH_MISPREDICTION,0.05,True,1.0,0.0,0.0,15,0,0,101
12,45,"['48267', '48270', '48273', '48276', '48289', '48290', '48295', '48300', '48305', '48308', '48284', '48303']",CACHE_PRESSURE,0.05,True,0.4516129032258064,0.0,0.7083333333333334,14,0,34,68
12,45,"['48267', '48270', '48273', '48276', '48289', '48290', '48295', '48300', '48305', '48308', '48284', '48303']",INTRA_NODE_LOAD_IMBALANCE,0.05,True,0.9827586206896552,0.0338983050847457,0.0,57,2,0,57
12,46,"['48270', '48274', '48289', '48307', '48291', '48295', '48300', '48305', '48308', '48283', '48284', '48303']",PIPELINE_STALL,0.25,True,1.0,0.0,0.0,30,0,0,82
12,46,"['48270', '48274', '48289', '48307', '48291', '48295', '48300', '48305', '48308', '48283', '48284', '48303']",COMPUTE_UNDERUTILIZATION,0.5333333333333334,True,0.9824561403508772,0.0357142857142857,0.0,56,2,0,54
12,46,"['48270', '48274', '48289', '48307', '48291', '48295', '48300', '48305', '48308', '48283', '48284', '48303']",PRECISION_WASTE,0.05,True,0.9767441860465116,0.1428571428571428,0.0,84,4,0,24
12,46,"['48270', '48274', '48289', '48307', '48291', '48295', '48300', '48305', '48308', '48283', '48284', '48303']",BRANCH_MISPREDICTION,0.2,True,0.9787234042553192,0.0112359550561797,0.0,23,1,0,88
12,46,"['48270', '48274', '48289', '48307', '48291', '48295', '48300', '48305', '48308', '48283', '48284', '48303']",CACHE_PRESSURE,0.4625,True,0.9,0.2068965517241379,0.0,54,12,0,46
12,46,"['48270', '48274', '48289', '48307', '48291', '48295', '48300', '48305', '48308', '48283', '48284', '48303']",INTRA_NODE_LOAD_IMBALANCE,0.05,True,1.0,0.0,0.0,44,0,0,68
12,47,"['48267', '48269', '48270', '48273', '48276', '48278', '48307', '48304', '48305', '48308', '48284', '48303']",PIPELINE_STALL,0.0625,True,0.7692307692307692,0.1746031746031746,0.2452830188679245,40,11,13,52
12,47,"['48267', '48269', '48270', '48273', '48276', '48278', '48307', '48304', '48305', '48308', '48284', '48303']",COMPUTE_UNDERUTILIZATION,0.325,True,0.991869918699187,0.0181818181818181,0.0,61,1,0,54
12,47,"['48267', '48269', '48270', '48273', '48276', '48278', '48307', '48304', '48305', '48308', '48284', '48303']",PRECISION_WASTE,0.1333333333333333,True,0.9885057471264368,0.0666666666666666,0.0,86,2,0,28
12,47,"['48267', '48269', '48270', '48273', '48276', '48278', '48307', '48304', '48305', '48308', '48284', '48303']",BRANCH_MISPREDICTION,0.05,True,1.0,0.0,0.0,16,0,0,100
12,47,"['48267', '48269', '48270', '48273', '48276', '48278', '48307', '48304', '48305', '48308', '48284', '48303']",CACHE_PRESSURE,0.05,True,0.8214285714285715,0.0196078431372549,0.2923076923076923,46,1,19,50
12,47,"['48267', '48269', '48270', '48273', '48276', '48278', '48307', '48304', '48305', '48308', '48284', '48303']",INTRA_NODE_LOAD_IMBALANCE,0.05,True,0.9152542372881356,0.0,0.15625,54,0,10,52
12,48,"['48267', '48269', '48270', '48276', '48289', '48290', '48291', '48295', '48304', '48308', '48283', '48284']",PIPELINE_STALL,0.3375,True,0.9438202247191012,0.0606060606060606,0.0232558139534883,42,4,1,62
12,48,"['48267', '48269', '48270', '48276', '48289', '48290', '48291', '48295', '48304', '48308', '48283', '48284']",COMPUTE_UNDERUTILIZATION,0.325,True,0.9518072289156626,0.2666666666666666,0.0,79,8,0,22
12,48,"['48267', '48269', '48270', '48276', '48289', '48290', '48291', '48295', '48304', '48308', '48283', '48284']",PRECISION_WASTE,0.0833333333333333,True,0.832116788321168,0.275,0.1739130434782608,57,11,12,29
12,48,"['48267', '48269', '48270', '48276', '48289', '48290', '48291', '48295', '48304', '48308', '48283', '48284']",BRANCH_MISPREDICTION,0.05,True,1.0,0.0,0.0,45,0,0,64
12,48,"['48267', '48269', '48270', '48276', '48289', '48290', '48291', '48295', '48304', '48308', '48283', '48284']",CACHE_PRESSURE,0.3200000000000001,True,0.7000000000000001,0.2045454545454545,0.0,21,18,0,70
12,48,"['48267', '48269', '48270', '48276', '48289', '48290', '48291', '48295', '48304', '48308', '48283', '48284']",INTRA_NODE_LOAD_IMBALANCE,0.05,True,1.0,0.0,0.0,78,0,0,31
12,49,"['48267', '48270', '48273', '48274', '48289', '48293', '48295', '48300', '48305', '48308', '48283', '48284']",PIPELINE_STALL,0.06,True,0.891304347826087,0.0909090909090909,0.0888888888888888,41,6,4,60
12,49,"['48267', '48270', '48273', '48274', '48289', '48293', '48295', '48300', '48305', '48308', '48283', '48284']",COMPUTE_UNDERUTILIZATION,0.225,True,0.9855072463768116,0.0465116279069767,0.0,68,2,0,41
12,49,"['48267', '48270', '48273', '48274', '48289', '48293', '48295', '48300', '48305', '48308', '48283', '48284']",PRECISION_WASTE,0.5833333333333334,True,0.956043956043956,0.3333333333333333,0.0,87,8,0,16
12,49,"['48267', '48270', '48273', '48274', '48289', '48293', '48295', '48300', '48305', '48308', '48283', '48284']",BRANCH_MISPREDICTION,0.05,True,0.979591836734694,0.0114942528735632,0.0,24,1,0,86
12,49,"['48267', '48270', '48273', '48274', '48289', '48293', '48295', '48300', '48305', '48308', '48283', '48284']",CACHE_PRESSURE,0.2375,True,0.7045454545454545,0.1818181818181818,0.3111111111111111,31,12,14,54
12,49,"['48267', '48270', '48273', '48274', '48289', '48293', '48295', '48300', '48305', '48308', '48283', '48284']",INTRA_NODE_LOAD_IMBALANCE,0.05,True,1.0,0.0,0.0,36,0,0,75
14,0,"['48267', '48269', '48270', '48273', '48274', '48276', '48278', '48289', '48307', '48290', '48295', '48300', '48304', '48308']",PIPELINE_STALL,0.1166666666666666,True,0.7272727272727272,0.180327868852459,0.1666666666666666,20,11,4,50
14,0,"['48267', '48269', '48270', '48273', '48274', '48276', '48278', '48289', '48307', '48290', '48295', '48300', '48304', '48308']",COMPUTE_UNDERUTILIZATION,0.0875,True,0.8602150537634409,0.2888888888888888,0.0,40,13,0,32
14,0,"['48267', '48269', '48270', '48273', '48274', '48276', '48278', '48289', '48307', '48290', '48295', '48300', '48304', '48308']",PRECISION_WASTE,0.0833333333333333,True,0.924731182795699,0.1666666666666666,0.0,43,7,0,35
14,0,"['48267', '48269', '48270', '48273', '48274', '48276', '48278', '48289', '48307', '48290', '48295', '48300', '48304', '48308']",BRANCH_MISPREDICTION,0.05,True,1.0,0.0,0.0,14,0,0,71
14,0,"['48267', '48269', '48270', '48273', '48274', '48276', '48278', '48289', '48307', '48290', '48295', '48300', '48304', '48308']",CACHE_PRESSURE,0.1625,True,0.6451612903225806,0.0652173913043478,0.4871794871794871,20,3,19,43
14,0,"['48267', '48269', '48270', '48273', '48274', '48276', '48278', '48289', '48307', '48290', '48295', '48300', '48304', '48308']",INTRA_NODE_LOAD_IMBALANCE,0.05,True,0.979591836734694,0.0,0.04,48,0,2,35
14,1,"['48267', '48273', '48274', '48276', '48289', '48307', '48290', '48300', '48304', '48305', '48308', '48283', '48284', '48303']",PIPELINE_STALL,0.15,True,0.9375,0.0754716981132075,0.0,30,4,0,49
14,1,"['48267', '48273', '48274', '48276', '48289', '48307', '48290', '48300', '48304', '48305', '48308', '48283', '48284', '48303']",COMPUTE_UNDERUTILIZATION,0.2333333333333333,True,0.575,0.5666666666666667,0.0,23,34,0,26
14,1,"['48267', '48273', '48274', '48276', '48289', '48307', '48290', '48300', '48304', '48305', '48308', '48283', '48284', '48303']",PRECISION_WASTE,0.4166666666666667,True,0.9913043478260868,0.0384615384615384,0.0,57,1,0,25
14,1,"['48267', '48273', '48274', '48276', '48289', '48307', '48290', '48300', '48304', '48305', '48308', '48283', '48284', '48303']",BRANCH_MISPREDICTION,0.1625,True,0.9090909090909092,0.0,0.1666666666666666,5,0,1,77
14,1,"['48267', '48273', '48274', '48276', '48289', '48307', '48290', '48300', '48304', '48305', '48308', '48283', '48284', '48303']",CACHE_PRESSURE,0.3375,True,0.6753246753246753,0.2558139534883721,0.35,26,11,14,32
14,1,"['48267', '48273', '48274', '48276', '48289', '48307', '48290', '48300', '48304', '48305', '48308', '48283', '48284', '48303']",INTRA_NODE_LOAD_IMBALANCE,0.05,True,1.0,0.0,0.0,28,0,0,55
14,2,"['48267', '48269', '48274', '48276', '48278', '48307', '48291', '48293', '48300', '48304', '48305', '48308', '48283', '48284']",PIPELINE_STALL,0.05,True,0.9514563106796116,0.1724137931034483,0.0,49,5,0,24
14,2,"['48267', '48269', '48274', '48276', '48278', '48307', '48291', '48293', '48300', '48304', '48305', '48308', '48283', '48284']",COMPUTE_UNDERUTILIZATION,0.4875000000000001,True,0.8686868686868687,0.3714285714285714,0.0,43,13,0,22
14,2,"['48267', '48269', '48274', '48276', '48278', '48307', '48291', '48293', '48300', '48304', '48305', '48308', '48283', '48284']",PRECISION_WASTE,0.3,True,0.9213483146067416,0.1891891891891892,0.0,41,7,0,30
14,2,"['48267', '48269', '48274', '48276', '48278', '48307', '48291', '48293', '48300', '48304', '48305', '48308', '48283', '48284']",BRANCH_MISPREDICTION,0.05,True,0.9743589743589745,0.0,0.05,19,0,1,58
14,2,"['48267', '48269', '48274', '48276', '48278', '48307', '48291', '48293', '48300', '48304', '48305', '48308', '48283', '48284']",CACHE_PRESSURE,0.675,True,0.9589041095890412,0.0476190476190476,0.0277777777777777,35,2,1,40
14,2,"['48267', '48269', '48274', '48276', '48278', '48307', '48291', '48293', '48300', '48304', '48305', '48308', '48283', '48284']",INTRA_NODE_LOAD_IMBALANCE,0.05,True,1.0,0.0,0.0,39,0,0,39
14,3,"['48269', '48270', '48273', '48274', '48278', '48290', '48291', '48293', '48300', '48304', '48308', '48283', '48284', '48303']",PIPELINE_STALL,0.21,True,0.878048780487805,0.0757575757575757,0.0,18,5,0,61
14,3,"['48269', '48270', '48273', '48274', '48278', '48290', '48291', '48293', '48300', '48304', '48308', '48283', '48284', '48303']",COMPUTE_UNDERUTILIZATION,0.2625,True,0.9423076923076924,0.1714285714285714,0.0,49,6,0,29
14,3,"['48269', '48270', '48273', '48274', '48278', '48290', '48291', '48293', '48300', '48304', '48308', '48283', '48284', '48303']",PRECISION_WASTE,0.25,True,1.0,0.0,0.0,72,0,0,12
14,3,"['48269', '48270', '48273', '48274', '48278', '48290', '48291', '48293', '48300', '48304', '48308', '48283', '48284', '48303']",BRANCH_MISPREDICTION,0.05,True,0.979591836734694,0.0166666666666666,0.0,24,1,0,59
14,3,"['48269', '48270', '48273', '48274', '48278', '48290', '48291', '48293', '48300', '48304', '48308', '48283', '48284', '48303']",CACHE_PRESSURE,0.42,True,0.8860759493670886,0.1836734693877551,0.0,35,9,0,40
14,3,"['48269', '48270', '48273', '48274', '48278', '48290', '48291', '48293', '48300', '48304', '48308', '48283', '48284', '48303']",INTRA_NODE_LOAD_IMBALANCE,0.05,True,1.0,0.0,0.0,36,0,0,48
14,4,"['48267', '48270', '48273', '48274', '48276', '48278', '48289', '48307', '48290', '48293', '48295', '48300', '48304', '48303']",PIPELINE_STALL,0.2375,True,0.7692307692307693,0.1791044776119403,0.0,20,12,0,55
14,4,"['48267', '48270', '48273', '48274', '48276', '48278', '48289', '48307', '48290', '48293', '48295', '48300', '48304', '48303']",COMPUTE_UNDERUTILIZATION,0.4750000000000001,True,0.8910891089108911,0.2619047619047619,0.0,45,11,0,31
14,4,"['48267', '48270', '48273', '48274', '48276', '48278', '48289', '48307', '48290', '48293', '48295', '48300', '48304', '48303']",PRECISION_WASTE,0.3400000000000001,True,0.8367346938775511,0.0,0.2807017543859649,41,0,16,30
14,4,"['48267', '48270', '48273', '48274', '48276', '48278', '48289', '48307', '48290', '48293', '48295', '48300', '48304', '48303']",BRANCH_MISPREDICTION,0.05,True,1.0,0.0,0.0,14,0,0,73
14,4,"['48267', '48270', '48273', '48274', '48276', '48278', '48289', '48307', '48290', '48293', '48295', '48300', '48304', '48303']",CACHE_PRESSURE,0.09,True,0.1290322580645161,0.1212121212121212,0.9047619047619048,2,8,19,58
14,4,"['48267', '48270', '48273', '48274', '48276', '48278', '48289', '48307', '48290', '48293', '48295', '48300', '48304', '48303']",INTRA_NODE_LOAD_IMBALANCE,0.05,True,0.9642857142857144,0.0,0.0689655172413793,27,0,2,58
14,5,"['48269', '48270', '48273', '48274', '48276', '48278', '48289', '48290', '48293', '48295', '48300', '48304', '48305', '48284']",PIPELINE_STALL,0.2375,True,0.9565217391304348,0.0555555555555555,0.0,33,3,0,51
14,5,"['48269', '48270', '48273', '48274', '48276', '48278', '48289', '48290', '48293', '48295', '48300', '48304', '48305', '48284']",COMPUTE_UNDERUTILIZATION,0.4625000000000001,True,0.9913043478260868,0.0333333333333333,0.0,57,1,0,29
14,5,"['48269', '48270', '48273', '48274', '48276', '48278', '48289', '48290', '48293', '48295', '48300', '48304', '48305', '48284']",PRECISION_WASTE,0.35,True,0.9917355371900828,0.037037037037037,0.0,60,1,0,26
14,5,"['48269', '48270', '48273', '48274', '48276', '48278', '48289', '48290', '48293', '48295', '48300', '48304', '48305', '48284']",BRANCH_MISPREDICTION,0.05,True,1.0,0.0,0.0,15,0,0,72
14,5,"['48269', '48270', '48273', '48274', '48276', '48278', '48289', '48290', '48293', '48295', '48300', '48304', '48305', '48284']",CACHE_PRESSURE,0.21,True,0.6415094339622641,0.0,0.5277777777777778,17,0,19,51
14,5,"['48269', '48270', '48273', '48274', '48276', '48278', '48289', '48290', '48293', '48295', '48300', '48304', '48305', '48284']",INTRA_NODE_LOAD_IMBALANCE,0.05,True,0.9714285714285714,0.0,0.0555555555555555,34,0,2,51
14,6,"['48270', '48273', '48274', '48276', '48289', '48307', '48290', '48291', '48293', '48295', '48300', '48304', '48283', '48284']",PIPELINE_STALL,0.05,True,1.0,0.0,0.0,8,0,0,70
14,6,"['48270', '48273', '48274', '48276', '48289', '48307', '48290', '48291', '48293', '48295', '48300', '48304', '48283', '48284']",COMPUTE_UNDERUTILIZATION,0.24,True,0.9047619047619048,0.2,0.0,38,8,0,32
14,6,"['48270', '48273', '48274', '48276', '48289', '48307', '48290', '48291', '48293', '48295', '48300', '48304', '48283', '48284']",PRECISION_WASTE,0.23,True,0.9310344827586208,0.3333333333333333,0.0,54,8,0,16
14,6,"['48270', '48273', '48274', '48276', '48289', '48307', '48290', '48291', '48293', '48295', '48300', '48304', '48283', '48284']",BRANCH_MISPREDICTION,0.05,True,,0.0,,0,0,0,78
14,6,"['48270', '48273', '48274', '48276', '48289', '48307', '48290', '48291', '48293', '48295', '48300', '48304', '48283', '48284']",CACHE_PRESSURE,0.4375,True,0.7755102040816326,0.1724137931034483,0.05,19,10,1,48
14,6,"['48270', '48273', '48274', '48276', '48289', '48307', '48290', '48291', '48293', '48295', '48300', '48304', '48283', '48284']",INTRA_NODE_LOAD_IMBALANCE,0.05,True,1.0,0.0,0.0,6,0,0,72
14,7,"['48269', '48270', '48274', '48276', '48278', '48289', '48290', '48291', '48295', '48300', '48304', '48308', '48284', '48303']",PIPELINE_STALL,0.29,True,0.8852459016393442,0.1186440677966101,0.0,27,7,0,52
14,7,"['48269', '48270', '48274', '48276', '48278', '48289', '48290', '48291', '48295', '48300', '48304', '48308', '48284', '48303']",COMPUTE_UNDERUTILIZATION,0.2875,True,0.8979591836734693,0.238095238095238,0.0,44,10,0,32
14,7,"['48269', '48270', '48274', '48276', '48278', '48289', '48290', '48291', '48295', '48300', '48304', '48308', '48284', '48303']",PRECISION_WASTE,0.15,True,0.9821428571428572,0.064516129032258,0.0,55,2,0,29
14,7,"['48269', '48270', '48274', '48276', '48278', '48289', '48290', '48291', '48295', '48300', '48304', '48308', '48284', '48303']",BRANCH_MISPREDICTION,0.05,True,1.0,0.0,0.0,29,0,0,57
14,7,"['48269', '48270', '48274', '48276', '48278', '48289', '48290', '48291', '48295', '48300', '48304', '48308', '48284', '48303']",CACHE_PRESSURE,0.31,True,0.8055555555555555,0.173076923076923,0.1470588235294117,29,9,5,43
14,7,"['48269', '48270', '48274', '48276', '48278', '48289', '48290', '48291', '48295', '48300', '48304', '48308', '48284', '48303']",INTRA_NODE_LOAD_IMBALANCE,0.05,True,0.9827586206896552,0.0,0.0338983050847457,57,0,2,27
14,8,"['48267', '48269', '48270', '48274', '48278', '48289', '48307', '48290', '48293', '48295', '48300', '48304', '48283', '48303']",PIPELINE_STALL,0.3,True,0.8695652173913044,0.1551724137931034,0.0,30,9,0,49
14,8,"['48267', '48269', '48270', '48274', '48278', '48289', '48307', '48290', '48293', '48295', '48300', '48304', '48283', '48303']",COMPUTE_UNDERUTILIZATION,0.2,True,0.9523809523809524,0.2142857142857142,0.0,60,6,0,22
14,8,"['48267', '48269', '48270', '48274', '48278', '48289', '48307', '48290', '48293', '48295', '48300', '48304', '48283', '48303']",PRECISION_WASTE,0.05,True,0.8219178082191781,0.9285714285714286,0.0,60,26,0,2
14,8,"['48267', '48269', '48270', '48274', '48278', '48289', '48307', '48290', '48293', '48295', '48300', '48304', '48283', '48303']",BRANCH_MISPREDICTION,0.2,True,0.9866666666666666,0.0196078431372549,0.0,37,1,0,50
14,8,"['48267', '48269', '48270', '48274', '48278', '48289', '48307', '48290', '48293', '48295', '48300', '48304', '48283', '48303']",CACHE_PRESSURE,0.4599999999999999,True,0.761904761904762,0.1388888888888889,0.0,16,10,0,62
14,8,"['48267', '48269', '48270', '48274', '48278', '48289', '48307', '48290', '48293', '48295', '48300', '48304', '48283', '48303']",INTRA_NODE_LOAD_IMBALANCE,0.05,True,1.0,0.0,0.0,43,0,0,45
14,9,"['48267', '48269', '48273', '48274', '48276', '48278', '48289', '48307', '48290', '48291', '48295', '48300', '48283', '48303']",PIPELINE_STALL,0.21,True,0.5714285714285715,0.1973684210526315,0.0,10,15,0,61
14,9,"['48267', '48269', '48273', '48274', '48276', '48278', '48289', '48307', '48290', '48291', '48295', '48300', '48283', '48303']",COMPUTE_UNDERUTILIZATION,0.1599999999999999,True,0.8181818181818181,0.4878048780487805,0.0,45,20,0,21
14,9,"['48267', '48269', '48273', '48274', '48276', '48278', '48289', '48307', '48290', '48291', '48295', '48300', '48283', '48303']",PRECISION_WASTE,0.125,True,0.8661417322834646,0.0666666666666666,0.2253521126760563,55,1,16,14
14,9,"['48267', '48269', '48273', '48274', '48276', '48278', '48289', '48307', '48290', '48291', '48295', '48300', '48283', '48303']",BRANCH_MISPREDICTION,0.1999999999999999,True,0.9743589743589745,0.0,0.05,19,0,1,66
14,9,"['48267', '48269', '48273', '48274', '48276', '48278', '48289', '48307', '48290', '48291', '48295', '48300', '48283', '48303']",CACHE_PRESSURE,0.4200000000000001,True,0.8571428571428571,0.1785714285714285,0.0,30,10,0,46
14,9,"['48267', '48269', '48273', '48274', '48276', '48278', '48289', '48307', '48290', '48291', '48295', '48300', '48283', '48303']",INTRA_NODE_LOAD_IMBALANCE,0.05,True,1.0,0.0,0.0,42,0,0,44
14,10,"['48267', '48270', '48273', '48274', '48276', '48278', '48307', '48290', '48291', '48295', '48300', '48283', '48284', '48303']",PIPELINE_STALL,0.325,True,1.0,0.0,0.0,9,0,0,79
14,10,"['48267', '48270', '48273', '48274', '48276', '48278', '48307', '48290', '48291', '48295', '48300', '48283', '48284', '48303']",COMPUTE_UNDERUTILIZATION,0.5375000000000001,True,0.925,0.1176470588235294,0.0,37,6,0,45
14,10,"['48267', '48270', '48273', '48274', '48276', '48278', '48307', '48290', '48291', '48295', '48300', '48283', '48284', '48303']",PRECISION_WASTE,0.13,True,0.8930817610062893,1.0,0.1839080459770115,71,1,16,0
14,10,"['48267', '48270', '48273', '48274', '48276', '48278', '48307', '48290', '48291', '48295', '48300', '48283', '48284', '48303']",BRANCH_MISPREDICTION,0.05,True,,0.0,,0,0,0,88
14,10,"['48267', '48270', '48273', '48274', '48276', '48278', '48307', '48290', '48291', '48295', '48300', '48283', '48284', '48303']",CACHE_PRESSURE,0.4900000000000001,True,0.7722772277227723,0.4693877551020408,0.0,39,23,0,26
14,10,"['48267', '48270', '48273', '48274', '48276', '48278', '48307', '48290', '48291', '48295', '48300', '48283', '48284', '48303']",INTRA_NODE_LOAD_IMBALANCE,0.05,True,1.0,0.0,0.0,21,0,0,67
14,11,"['48267', '48269', '48273', '48274', '48276', '48307', '48290', '48293', '48300', '48304', '48308', '48283', '48284', '48303']",PIPELINE_STALL,0.2,True,0.951219512195122,0.0930232558139534,0.0,39,4,0,39
14,11,"['48267', '48269', '48273', '48274', '48276', '48307', '48290', '48293', '48300', '48304', '48308', '48283', '48284', '48303']",COMPUTE_UNDERUTILIZATION,0.2833333333333334,True,0.6105263157894737,0.6981132075471698,0.0,29,37,0,16
14,11,"['48267', '48269', '48273', '48274', '48276', '48307', '48290', '48293', '48300', '48304', '48308', '48283', '48284', '48303']",PRECISION_WASTE,0.1166666666666666,True,0.95,0.24,0.0,57,6,0,19
14,11,"['48267', '48269', '48273', '48274', '48276', '48307', '48290', '48293', '48300', '48304', '48308', '48283', '48284', '48303']",BRANCH_MISPREDICTION,0.1625,True,0.9090909090909092,0.0,0.1666666666666666,5,0,1,76
14,11,"['48267', '48269', '48273', '48274', '48276', '48307', '48290', '48293', '48300', '48304', '48308', '48283', '48284', '48303']",CACHE_PRESSURE,0.27,True,0.8000000000000002,0.3111111111111111,0.081081081081081,34,14,3,31
14,11,"['48267', '48269', '48273', '48274', '48276', '48307', '48290', '48293', '48300', '48304', '48308', '48283', '48284', '48303']",INTRA_NODE_LOAD_IMBALANCE,0.05,True,1.0,0.0,0.0,19,0,0,63
14,12,"['48267', '48269', '48270', '48273', '48274', '48278', '48307', '48290', '48291', '48293', '48300', '48304', '48305', '48284']",PIPELINE_STALL,0.2,True,0.7407407407407407,0.0,0.4117647058823529,10,0,7,70
14,12,"['48267', '48269', '48270', '48273', '48274', '48278', '48307', '48290', '48291', '48293', '48300', '48304', '48305', '48284']",COMPUTE_UNDERUTILIZATION,0.1125,True,0.9934640522875816,0.0909090909090909,0.0,76,1,0,10
14,12,"['48267', '48269', '48270', '48273', '48274', '48278', '48307', '48290', '48291', '48293', '48300', '48304', '48305', '48284']",PRECISION_WASTE,0.3333333333333333,True,0.9896907216494846,0.0256410256410256,0.0,48,1,0,38
14,12,"['48267', '48269', '48270', '48273', '48274', '48278', '48307', '48290', '48291', '48293', '48300', '48304', '48305', '48284']",BRANCH_MISPREDICTION,0.05,True,0.9473684210526316,0.0128205128205128,0.0,9,1,0,77
14,12,"['48267', '48269', '48270', '48273', '48274', '48278', '48307', '48290', '48291', '48293', '48300', '48304', '48305', '48284']",CACHE_PRESSURE,0.4,True,0.888888888888889,0.0172413793103448,0.1724137931034483,24,1,5,57
14,12,"['48267', '48269', '48270', '48273', '48274', '48278', '48307', '48290', '48291', '48293', '48300', '48304', '48305', '48284']",INTRA_NODE_LOAD_IMBALANCE,0.05,True,0.8108108108108109,0.0444444444444444,0.2857142857142857,30,2,12,43
14,13,"['48270', '48274', '48278', '48307', '48290', '48291', '48293', '48300', '48304', '48305', '48308', '48283', '48284', '48303']",PIPELINE_STALL,0.26,True,1.0,0.0,0.0,23,0,0,61
14,13,"['48270', '48274', '48278', '48307', '48290', '48291', '48293', '48300', '48304', '48305', '48308', '48283', '48284', '48303']",COMPUTE_UNDERUTILIZATION,0.2833333333333334,True,1.0,0.0,0.0,48,0,0,36
14,13,"['48270', '48274', '48278', '48307', '48290', '48291', '48293', '48300', '48304', '48305', '48308', '48283', '48284', '48303']",PRECISION_WASTE,0.4000000000000001,True,1.0,0.0,0.0,58,0,0,26
14,13,"['48270', '48274', '48278', '48307', '48290', '48291', '48293', '48300', '48304', '48305', '48308', '48283', '48284', '48303']",BRANCH_MISPREDICTION,0.05,True,0.9787234042553192,0.0163934426229508,0.0,23,1,0,60
14,13,"['48270', '48274', '48278', '48307', '48290', '48291', '48293', '48300', '48304', '48305', '48308', '48283', '48284', '48303']",CACHE_PRESSURE,0.33,True,0.9850746268656716,0.0196078431372549,0.0,33,1,0,50
14,13,"['48270', '48274', '48278', '48307', '48290', '48291', '48293', '48300', '48304', '48305', '48308', '48283', '48284', '48303']",INTRA_NODE_LOAD_IMBALANCE,0.05,True,1.0,0.0,0.0,35,0,0,49
14,14,"['48269', '48274', '48278', '48289', '48307', '48290', '48291', '48295', '48300', '48304', '48305', '48308', '48283', '48303']",PIPELINE_STALL,0.05,True,0.6399999999999999,0.4354838709677419,0.0,24,27,0,35
14,14,"['48269', '48274', '48278', '48289', '48307', '48290', '48291', '48295', '48300', '48304', '48305', '48308', '48283', '48303']",COMPUTE_UNDERUTILIZATION,0.2166666666666666,True,0.9462365591397848,0.119047619047619,0.0,44,5,0,37
14,14,"['48269', '48274', '48278', '48289', '48307', '48290', '48291', '48295', '48300', '48304', '48305', '48308', '48283', '48303']",PRECISION_WASTE,0.05,True,0.8028169014084507,0.9655172413793104,0.0,57,28,0,1
14,14,"['48269', '48274', '48278', '48289', '48307', '48290', '48291', '48295', '48300', '48304', '48305', '48308', '48283', '48303']",BRANCH_MISPREDICTION,0.05,True,,0.0232558139534883,1.0,0,1,43,42
14,14,"['48269', '48274', '48278', '48289', '48307', '48290', '48291', '48295', '48300', '48304', '48305', '48308', '48283', '48303']",CACHE_PRESSURE,0.43,True,1.0,0.0,0.0,27,0,0,59
14,14,"['48269', '48274', '48278', '48289', '48307', '48290', '48291', '48295', '48300', '48304', '48305', '48308', '48283', '48303']",INTRA_NODE_LOAD_IMBALANCE,0.05,True,1.0,0.0,0.0,71,0,0,15
14,15,"['48267', '48269', '48270', '48273', '48274', '48278', '48307', '48290', '48295', '48304', '48305', '48308', '48284', '48303']",PIPELINE_STALL,0.32,True,0.9666666666666666,0.0298507462686567,0.0,29,2,0,65
14,15,"['48267', '48269', '48270', '48273', '48274', '48278', '48307', '48290', '48295', '48304', '48305', '48308', '48284', '48303']",COMPUTE_UNDERUTILIZATION,0.0833333333333333,True,0.9906542056074767,0.0232558139534883,0.0,53,1,0,42
14,15,"['48267', '48269', '48270', '48273', '48274', '48278', '48307', '48290', '48295', '48304', '48305', '48308', '48284', '48303']",PRECISION_WASTE,0.05,True,0.6833333333333332,0.0555555555555555,0.4743589743589743,41,1,37,17
14,15,"['48267', '48269', '48270', '48273', '48274', '48278', '48307', '48290', '48295', '48304', '48305', '48308', '48284', '48303']",BRANCH_MISPREDICTION,0.05,True,0.9803921568627452,0.0140845070422535,0.0,25,1,0,70
14,15,"['48267', '48269', '48270', '48273', '48274', '48278', '48307', '48290', '48295', '48304', '48305', '48308', '48284', '48303']",CACHE_PRESSURE,0.05,True,0.696969696969697,0.0185185185185185,0.4523809523809524,23,1,19,53
14,15,"['48267', '48269', '48270', '48273', '48274', '48278', '48307', '48290', '48295', '48304', '48305', '48308', '48284', '48303']",INTRA_NODE_LOAD_IMBALANCE,0.05,True,0.759124087591241,0.6206896551724138,0.2238805970149253,52,18,15,11
14,16,"['48267', '48270', '48273', '48274', '48276', '48290', '48293', '48295', '48300', '48305', '48308', '48283', '48284', '48303']",PIPELINE_STALL,0.125,True,0.9268292682926828,0.12,0.0,38,6,0,44
14,16,"['48267', '48270', '48273', '48274', '48276', '48290', '48293', '48295', '48300', '48305', '48308', '48283', '48284', '48303']",COMPUTE_UNDERUTILIZATION,0.2666666666666666,True,0.9791666666666666,0.048780487804878,0.0,47,2,0,39
14,16,"['48267', '48270', '48273', '48274', '48276', '48290', '48293', '48295', '48300', '48305', '48308', '48283', '48284', '48303']",PRECISION_WASTE,0.05,True,1.0,0.0,0.0,75,0,0,13
14,16,"['48267', '48270', '48273', '48274', '48276', '48290', '48293', '48295', '48300', '48305', '48308', '48283', '48284', '48303']",BRANCH_MISPREDICTION,0.05,True,1.0,0.0,0.0,15,0,0,73
14,16,"['48267', '48270', '48273', '48274', '48276', '48290', '48293', '48295', '48300', '48305', '48308', '48283', '48284', '48303']",CACHE_PRESSURE,0.3400000000000001,True,0.6575342465753424,0.22,0.3684210526315789,24,11,14,39
14,16,"['48267', '48270', '48273', '48274', '48276', '48290', '48293', '48295', '48300', '48305', '48308', '48283', '48284', '48303']",INTRA_NODE_LOAD_IMBALANCE,0.05,True,1.0,0.0,0.0,21,0,0,67
14,17,"['48267', '48269', '48270', '48273', '48274', '48278', '48289', '48291', '48295', '48304', '48305', '48308', '48283', '48284']",PIPELINE_STALL,0.18,True,0.8771929824561403,0.1147540983606557,0.0,25,7,0,54
14,17,"['48267', '48269', '48270', '48273', '48274', '48278', '48289', '48291', '48295', '48304', '48305', '48308', '48283', '48284']",COMPUTE_UNDERUTILIZATION,0.5000000000000001,True,1.0,0.0,0.0,58,0,0,28
14,17,"['48267', '48269', '48270', '48273', '48274', '48278', '48289', '48291', '48295', '48304', '48305', '48308', '48283', '48284']",PRECISION_WASTE,0.05,True,0.9419354838709678,0.6923076923076923,0.0,73,9,0,4
14,17,"['48267', '48269', '48270', '48273', '48274', '48278', '48289', '48291', '48295', '48304', '48305', '48308', '48283', '48284']",BRANCH_MISPREDICTION,0.05,True,0.9876543209876544,0.0217391304347826,0.0,40,1,0,45
14,17,"['48267', '48269', '48270', '48273', '48274', '48278', '48289', '48291', '48295', '48304', '48305', '48308', '48283', '48284']",CACHE_PRESSURE,0.55,True,0.983050847457627,0.0,0.0333333333333333,29,0,1,56
14,17,"['48267', '48269', '48270', '48273', '48274', '48278', '48289', '48291', '48295', '48304', '48305', '48308', '48283', '48284']",INTRA_NODE_LOAD_IMBALANCE,0.1625,True,1.0,0.0,0.0,67,0,0,19
14,18,"['48267', '48269', '48270', '48273', '48274', '48278', '48289', '48307', '48291', '48293', '48295', '48308', '48283', '48284']",PIPELINE_STALL,0.13,True,1.0,0.0,0.0,16,0,0,66
14,18,"['48267', '48269', '48270', '48273', '48274', '48278', '48289', '48307', '48291', '48293', '48295', '48308', '48283', '48284']",COMPUTE_UNDERUTILIZATION,0.23,True,0.928,0.375,0.0,58,9,0,15
14,18,"['48267', '48269', '48270', '48273', '48274', '48278', '48289', '48307', '48291', '48293', '48295', '48308', '48283', '48284']",PRECISION_WASTE,0.45,True,0.945945945945946,0.6666666666666666,0.0,70,8,0,4
14,18,"['48267', '48269', '48270', '48273', '48274', '48278', '48289', '48307', '48291', '48293', '48295', '48308', '48283', '48284']",BRANCH_MISPREDICTION,0.05,True,0.9803921568627452,0.0175438596491228,0.0,25,1,0,56
14,18,"['48267', '48269', '48270', '48273', '48274', '48278', '48289', '48307', '48291', '48293', '48295', '48308', '48283', '48284']",CACHE_PRESSURE,0.51,True,0.8767123287671234,0.18,0.0,32,9,0,41
14,18,"['48267', '48269', '48270', '48273', '48274', '48278', '48289', '48307', '48291', '48293', '48295', '48308', '48283', '48284']",INTRA_NODE_LOAD_IMBALANCE,0.05,True,1.0,0.0,0.0,37,0,0,45
14,19,"['48273', '48274', '48276', '48278', '48289', '48290', '48293', '48295', '48300', '48304', '48305', '48283', '48284', '48303']",PIPELINE_STALL,0.0875,True,0.8860759493670886,0.1764705882352941,0.0,35,9,0,42
14,19,"['48273', '48274', '48276', '48278', '48289', '48290', '48293', '48295', '48300', '48304', '48305', '48283', '48284', '48303']",COMPUTE_UNDERUTILIZATION,0.2625,True,0.5904761904761905,0.7818181818181819,0.0,31,43,0,12
14,19,"['48273', '48274', '48276', '48278', '48289', '48290', '48293', '48295', '48300', '48304', '48305', '48283', '48284', '48303']",PRECISION_WASTE,0.2625,True,0.8974358974358974,,0.1860465116279069,70,0,16,0
14,19,"['48273', '48274', '48276', '48278', '48289', '48290', '48293', '48295', '48300', '48304', '48305', '48283', '48284', '48303']",BRANCH_MISPREDICTION,0.05,True,0.975609756097561,0.0,0.0476190476190476,20,0,1,65
14,19,"['48273', '48274', '48276', '48278', '48289', '48290', '48293', '48295', '48300', '48304', '48305', '48283', '48284', '48303']",CACHE_PRESSURE,0.39,True,0.65,0.0,0.5185185185185185,13,0,14,59
14,19,"['48273', '48274', '48276', '48278', '48289', '48290', '48293', '48295', '48300', '48304', '48305', '48283', '48284', '48303']",INTRA_NODE_LOAD_IMBALANCE,0.05,True,1.0,0.0,0.0,28,0,0,58
14,20,"['48269', '48270', '48273', '48278', '48289', '48307', '48290', '48293', '48300', '48305', '48308', '48283', '48284', '48303']",PIPELINE_STALL,0.23,True,0.9818181818181818,0.0,0.0357142857142857,27,0,1,56
14,20,"['48269', '48270', '48273', '48278', '48289', '48307', '48290', '48293', '48300', '48305', '48308', '48283', '48284', '48303']",COMPUTE_UNDERUTILIZATION,0.2599999999999999,True,1.0,0.0,0.0,55,0,0,29
14,20,"['48269', '48270', '48273', '48278', '48289', '48307', '48290', '48293', '48300', '48305', '48308', '48283', '48284', '48303']",PRECISION_WASTE,0.0999999999999999,True,0.9859154929577464,0.0,0.0277777777777777,70,0,2,12
14,20,"['48269', '48270', '48273', '48278', '48289', '48307', '48290', '48293', '48300', '48305', '48308', '48283', '48284', '48303']",BRANCH_MISPREDICTION,0.05,True,0.9473684210526316,0.0133333333333333,0.0,9,1,0,74
14,20,"['48269', '48270', '48273', '48278', '48289', '48307', '48290', '48293', '48300', '48305', '48308', '48283', '48284', '48303']",CACHE_PRESSURE,0.325,True,0.8351648351648352,0.03125,0.2692307692307692,38,1,14,31
14,20,"['48269', '48270', '48273', '48278', '48289', '48307', '48290', '48293', '48300', '48305', '48308', '48283', '48284', '48303']",INTRA_NODE_LOAD_IMBALANCE,0.05,True,1.0,0.0,0.0,27,0,0,57
14,21,"['48269', '48270', '48276', '48278', '48289', '48307', '48290', '48293', '48295', '48300', '48304', '48305', '48284', '48303']",PIPELINE_STALL,0.2125,True,0.989010989010989,0.0,0.0217391304347826,45,0,1,41
14,21,"['48269', '48270', '48276', '48278', '48289', '48307', '48290', '48293', '48295', '48300', '48304', '48305', '48284', '48303']",COMPUTE_UNDERUTILIZATION,0.0625,True,0.9913043478260868,0.0333333333333333,0.0,57,1,0,29
14,21,"['48269', '48270', '48276', '48278', '48289', '48307', '48290', '48293', '48295', '48300', '48304', '48305', '48284', '48303']",PRECISION_WASTE,0.075,True,0.6744186046511628,0.0,0.4912280701754385,29,0,28,30
14,21,"['48269', '48270', '48276', '48278', '48289', '48307', '48290', '48293', '48295', '48300', '48304', '48305', '48284', '48303']",BRANCH_MISPREDICTION,0.05,True,1.0,0.0,0.0,14,0,0,73
14,21,"['48269', '48270', '48276', '48278', '48289', '48307', '48290', '48293', '48295', '48300', '48304', '48305', '48284', '48303']",CACHE_PRESSURE,0.13,True,0.5777777777777777,0.0,0.59375,13,0,19,55
14,21,"['48269', '48270', '48276', '48278', '48289', '48307', '48290', '48293', '48295', '48300', '48304', '48305', '48284', '48303']",INTRA_NODE_LOAD_IMBALANCE,0.05,True,0.9620253164556964,0.0,0.073170731707317,38,0,3,46
14,22,"['48269', '48273', '48276', '48278', '48289', '48307', '48291', '48293', '48295', '48300', '48304', '48305', '48308', '48303']",PIPELINE_STALL,0.1,True,0.8444444444444443,0.3333333333333333,0.0,38,14,0,28
14,22,"['48269', '48273', '48276', '48278', '48289', '48307', '48291', '48293', '48295', '48300', '48304', '48305', '48308', '48303']",COMPUTE_UNDERUTILIZATION,0.2700000000000001,True,0.8541666666666666,0.358974358974359,0.0,41,14,0,25
14,22,"['48269', '48273', '48276', '48278', '48289', '48307', '48291', '48293', '48295', '48300', '48304', '48305', '48308', '48303']",PRECISION_WASTE,0.0666666666666666,True,0.98989898989899,0.0,0.02,49,0,1,30
14,22,"['48269', '48273', '48276', '48278', '48289', '48307', '48291', '48293', '48295', '48300', '48304', '48305', '48308', '48303']",BRANCH_MISPREDICTION,0.1625,True,0.9743589743589745,0.0,0.05,19,0,1,60
14,22,"['48269', '48273', '48276', '48278', '48289', '48307', '48291', '48293', '48295', '48300', '48304', '48305', '48308', '48303']",CACHE_PRESSURE,0.24,True,0.888888888888889,0.0,0.2,24,0,6,50
14,22,"['48269', '48273', '48276', '48278', '48289', '48307', '48291', '48293', '48295', '48300', '48304', '48305', '48308', '48303']",INTRA_NODE_LOAD_IMBALANCE,0.05,True,0.9714285714285714,0.0,0.0555555555555555,51,0,3,26
14,23,"['48267', '48269', '48270', '48274', '48278', '48289', '48307', '48293', '48295', '48300', '48305', '48283', '48284', '48303']",PIPELINE_STALL,0.3500000000000001,True,0.8,0.0,0.3333333333333333,28,0,14,47
14,23,"['48267', '48269', '48270', '48274', '48278', '48289', '48307', '48293', '48295', '48300', '48305', '48283', '48284', '48303']",COMPUTE_UNDERUTILIZATION,0.225,True,1.0,0.0,0.0,61,0,0,28
14,23,"['48267', '48269', '48270', '48274', '48278', '48289', '48307', '48293', '48295', '48300', '48305', '48283', '48284', '48303']",PRECISION_WASTE,0.3875,True,0.8805970149253731,0.0,0.2133333333333333,59,0,16,14
14,23,"['48267', '48269', '48270', '48274', '48278', '48289', '48307', '48293', '48295', '48300', '48305', '48283', '48284', '48303']",BRANCH_MISPREDICTION,0.2,True,0.9787234042553192,0.0151515151515151,0.0,23,1,0,65
14,23,"['48267', '48269', '48270', '48274', '48278', '48289', '48307', '48293', '48295', '48300', '48305', '48283', '48284', '48303']",CACHE_PRESSURE,0.4700000000000001,True,0.787878787878788,0.0,0.35,26,0,14,49
14,23,"['48267', '48269', '48270', '48274', '48278', '48289', '48307', '48293', '48295', '48300', '48305', '48283', '48284', '48303']",INTRA_NODE_LOAD_IMBALANCE,0.05,True,1.0,0.0,0.0,29,0,0,60
14,24,"['48267', '48269', '48270', '48273', '48274', '48278', '48289', '48291', '48293', '48304', '48305', '48308', '48284', '48303']",PIPELINE_STALL,0.08,True,0.8928571428571428,0.0967741935483871,0.0,25,6,0,56
14,24,"['48267', '48269', '48270', '48273', '48274', '48278', '48289', '48291', '48293', '48304', '48305', '48308', '48284', '48303']",COMPUTE_UNDERUTILIZATION,0.125,True,0.9932885906040269,0.0769230769230769,0.0,74,1,0,12
14,24,"['48267', '48269', '48270', '48273', '48274', '48278', '48289', '48291', '48293', '48304', '48305', '48308', '48284', '48303']",PRECISION_WASTE,0.1333333333333333,True,0.9914529914529916,0.0344827586206896,0.0,58,1,0,28
14,24,"['48267', '48269', '48270', '48273', '48274', '48278', '48289', '48291', '48293', '48304', '48305', '48308', '48284', '48303']",BRANCH_MISPREDICTION,0.05,True,0.9876543209876544,0.0212765957446808,0.0,40,1,0,46
14,24,"['48267', '48269', '48270', '48273', '48274', '48278', '48289', '48291', '48293', '48304', '48305', '48308', '48284', '48303']",CACHE_PRESSURE,0.27,True,0.88,0.0,0.2142857142857142,22,0,6,59
14,24,"['48267', '48269', '48270', '48273', '48274', '48278', '48289', '48291', '48293', '48304', '48305', '48308', '48284', '48303']",INTRA_NODE_LOAD_IMBALANCE,0.05,True,0.9833333333333332,0.0,0.0327868852459016,59,0,2,26
14,25,"['48269', '48270', '48278', '48289', '48307', '48291', '48293', '48300', '48304', '48305', '48308', '48283', '48284', '48303']",PIPELINE_STALL,0.25,True,0.8125000000000001,0.0,0.3157894736842105,26,0,12,41
14,25,"['48269', '48270', '48278', '48289', '48307', '48291', '48293', '48300', '48304', '48305', '48308', '48283', '48284', '48303']",COMPUTE_UNDERUTILIZATION,0.19,True,1.0,0.0,0.0,54,0,0,25
14,25,"['48269', '48270', '48278', '48289', '48307', '48291', '48293', '48300', '48304', '48305', '48308', '48283', '48284', '48303']",PRECISION_WASTE,0.55,True,0.8723404255319149,0.0,0.2264150943396226,41,0,12,26
14,25,"['48269', '48270', '48278', '48289', '48307', '48291', '48293', '48300', '48304', '48305', '48308', '48283', '48284', '48303']",BRANCH_MISPREDICTION,0.05,True,0.9787234042553192,0.0178571428571428,0.0,23,1,0,55
14,25,"['48269', '48270', '48278', '48289', '48307', '48291', '48293', '48300', '48304', '48305', '48308', '48283', '48284', '48303']",CACHE_PRESSURE,0.6700000000000002,True,0.9859154929577464,0.0,0.0277777777777777,35,0,1,43
14,25,"['48269', '48270', '48278', '48289', '48307', '48291', '48293', '48300', '48304', '48305', '48308', '48283', '48284', '48303']",INTRA_NODE_LOAD_IMBALANCE,0.05,True,1.0,0.0,0.0,41,0,0,38
14,26,"['48267', '48269', '48270', '48273', '48276', '48278', '48289', '48307', '48290', '48300', '48308', '48283', '48284', '48303']",PIPELINE_STALL,0.125,True,0.9818181818181818,0.0,0.0357142857142857,27,0,1,55
14,26,"['48267', '48269', '48270', '48273', '48276', '48278', '48289', '48307', '48290', '48300', '48308', '48283', '48284', '48303']",COMPUTE_UNDERUTILIZATION,0.4250000000000001,True,0.9873417721518988,0.0227272727272727,0.0,39,1,0,43
14,26,"['48267', '48269', '48270', '48273', '48276', '48278', '48289', '48307', '48290', '48300', '48308', '48283', '48284', '48303']",PRECISION_WASTE,0.23,True,0.916030534351145,0.0769230769230769,0.1428571428571428,60,1,10,12
14,26,"['48267', '48269', '48270', '48273', '48276', '48278', '48289', '48307', '48290', '48300', '48308', '48283', '48284', '48303']",BRANCH_MISPREDICTION,0.05,True,,0.0,,0,0,0,83
14,26,"['48267', '48269', '48270', '48273', '48276', '48278', '48289', '48307', '48290', '48300', '48308', '48283', '48284', '48303']",CACHE_PRESSURE,0.4666666666666667,True,0.766355140186916,0.3928571428571428,0.2545454545454545,41,11,14,17
14,26,"['48267', '48269', '48270', '48273', '48276', '48278', '48289', '48307', '48290', '48300', '48308', '48283', '48284', '48303']",INTRA_NODE_LOAD_IMBALANCE,0.05,True,1.0,0.0,0.0,27,0,0,56
14,27,"['48267', '48269', '48270', '48278', '48289', '48290', '48291', '48293', '48295', '48300', '48304', '48305', '48308', '48284']",PIPELINE_STALL,0.14,True,0.9662921348314606,0.073170731707317,0.0,43,3,0,38
14,27,"['48267', '48269', '48270', '48278', '48289', '48290', '48291', '48293', '48295', '48300', '48304', '48305', '48308', '48284']",COMPUTE_UNDERUTILIZATION,0.1124999999999999,True,0.9940119760479044,1.0,0.0,83,1,0,0
14,27,"['48267', '48269', '48270', '48278', '48289', '48290', '48291', '48293', '48295', '48300', '48304', '48305', '48308', '48284']",PRECISION_WASTE,0.05,True,0.9052631578947368,0.2195121951219512,0.0,43,9,0,32
14,27,"['48267', '48269', '48270', '48278', '48289', '48290', '48291', '48293', '48295', '48300', '48304', '48305', '48308', '48284']",BRANCH_MISPREDICTION,0.05,True,0.9870129870129868,0.0217391304347826,0.0,38,1,0,45
14,27,"['48267', '48269', '48270', '48278', '48289', '48290', '48291', '48293', '48295', '48300', '48304', '48305', '48308', '48284']",CACHE_PRESSURE,0.34,True,0.6153846153846153,0.0,0.5555555555555556,4,0,5,75
14,27,"['48267', '48269', '48270', '48278', '48289', '48290', '48291', '48293', '48295', '48300', '48304', '48305', '48308', '48284']",INTRA_NODE_LOAD_IMBALANCE,0.05,True,0.9801324503311256,0.0,0.0389610389610389,74,0,3,7
14,28,"['48267', '48269', '48270', '48273', '48274', '48289', '48307', '48290', '48295', '48304', '48305', '48283', '48284', '48303']",PIPELINE_STALL,0.17,True,0.9090909090909092,0.0547945205479452,0.0,20,4,0,69
14,28,"['48267', '48269', '48270', '48273', '48274', '48289', '48307', '48290', '48295', '48304', '48305', '48283', '48284', '48303']",COMPUTE_UNDERUTILIZATION,0.0666666666666666,True,0.9833333333333332,0.0588235294117647,0.0,59,2,0,32
14,28,"['48267', '48269', '48270', '48273', '48274', '48289', '48307', '48290', '48295', '48304', '48305', '48283', '48284', '48303']",PRECISION_WASTE,0.05,True,0.8732394366197183,0.1333333333333333,0.2051282051282051,62,2,16,13
14,28,"['48267', '48269', '48270', '48273', '48274', '48289', '48307', '48290', '48295', '48304', '48305', '48283', '48284', '48303']",BRANCH_MISPREDICTION,0.05,True,0.9803921568627452,0.0147058823529411,0.0,25,1,0,67
14,28,"['48267', '48269', '48270', '48273', '48274', '48289', '48307', '48290', '48295', '48304', '48305', '48283', '48284', '48303']",CACHE_PRESSURE,0.32,True,0.5454545454545454,0.171875,0.4827586206896552,15,11,14,53
14,28,"['48267', '48269', '48270', '48273', '48274', '48289', '48307', '48290', '48295', '48304', '48305', '48283', '48284', '48303']",INTRA_NODE_LOAD_IMBALANCE,0.05,True,1.0,0.0,0.0,46,0,0,47
14,29,"['48267', '48269', '48270', '48273', '48274', '48289', '48307', '48290', '48293', '48300', '48304', '48305', '48308', '48303']",PIPELINE_STALL,0.13,True,0.8,0.1904761904761904,0.0,24,12,0,51
14,29,"['48267', '48269', '48270', '48273', '48274', '48289', '48307', '48290', '48293', '48300', '48304', '48305', '48308', '48303']",COMPUTE_UNDERUTILIZATION,0.05,True,0.9784172661870504,0.1578947368421052,0.0,68,3,0,16
14,29,"['48267', '48269', '48270', '48273', '48274', '48289', '48307', '48290', '48293', '48300', '48304', '48305', '48308', '48303']",PRECISION_WASTE,0.05,True,0.8767123287671234,0.1636363636363636,0.0,32,9,0,46
14,29,"['48267', '48269', '48270', '48273', '48274', '48289', '48307', '48290', '48293', '48300', '48304', '48305', '48308', '48303']",BRANCH_MISPREDICTION,0.05,True,0.9787234042553192,0.015625,0.0,23,1,0,63
14,29,"['48267', '48269', '48270', '48273', '48274', '48289', '48307', '48290', '48293', '48300', '48304', '48305', '48308', '48303']",CACHE_PRESSURE,0.05,True,0.5238095238095238,0.0,0.6451612903225806,11,0,20,56
14,29,"['48267', '48269', '48270', '48273', '48274', '48289', '48307', '48290', '48293', '48300', '48304', '48305', '48308', '48303']",INTRA_NODE_LOAD_IMBALANCE,0.05,True,0.9767441860465116,0.0,0.0454545454545454,42,0,2,43
14,30,"['48267', '48269', '48273', '48276', '48278', '48289', '48307', '48290', '48291', '48293', '48300', '48304', '48305', '48308']",PIPELINE_STALL,0.05,True,0.7536231884057971,0.2708333333333333,0.1333333333333333,26,13,4,35
14,30,"['48267', '48269', '48273', '48276', '48278', '48289', '48307', '48290', '48291', '48293', '48300', '48304', '48305', '48308']",COMPUTE_UNDERUTILIZATION,0.33,True,0.9014084507042254,1.0,0.0,64,14,0,0
14,30,"['48267', '48269', '48273', '48276', '48278', '48289', '48307', '48290', '48291', '48293', '48300', '48304', '48305', '48308']",PRECISION_WASTE,0.25,True,0.6415094339622641,0.2075471698113207,0.32,17,11,8,42
14,30,"['48267', '48269', '48273', '48276', '48278', '48289', '48307', '48290', '48291', '48293', '48300', '48304', '48305', '48308']",BRANCH_MISPREDICTION,0.1625,True,0.9743589743589745,0.0,0.05,19,0,1,58
14,30,"['48267', '48269', '48273', '48276', '48278', '48289', '48307', '48290', '48291', '48293', '48300', '48304', '48305', '48308']",CACHE_PRESSURE,0.39,True,0.8571428571428571,0.0,0.25,15,0,5,58
14,30,"['48267', '48269', '48273', '48276', '48278', '48289', '48307', '48290', '48291', '48293', '48300', '48304', '48305', '48308']",INTRA_NODE_LOAD_IMBALANCE,0.05,True,0.9743589743589745,0.0,0.05,57,0,3,18
14,31,"['48267', '48273', '48276', '48289', '48290', '48291', '48293', '48295', '48300', '48304', '48305', '48283', '48284', '48303']",PIPELINE_STALL,0.275,True,0.8860759493670886,0.1914893617021276,0.0,35,9,0,38
14,31,"['48267', '48273', '48276', '48289', '48290', '48291', '48293', '48295', '48300', '48304', '48305', '48283', '48284', '48303']",COMPUTE_UNDERUTILIZATION,0.1999999999999999,True,0.878048780487805,0.5357142857142857,0.0,54,15,0,13
14,31,"['48267', '48273', '48276', '48289', '48290', '48291', '48293', '48295', '48300', '48304', '48305', '48283', '48284', '48303']",PRECISION_WASTE,0.05,True,0.7454545454545455,0.0,0.4057971014492754,41,0,28,13
14,31,"['48267', '48273', '48276', '48289', '48290', '48291', '48293', '48295', '48300', '48304', '48305', '48283', '48284', '48303']",BRANCH_MISPREDICTION,0.05,True,0.975609756097561,0.0,0.0476190476190476,20,0,1,61
14,31,"['48267', '48273', '48276', '48289', '48290', '48291', '48293', '48295', '48300', '48304', '48305', '48283', '48284', '48303']",CACHE_PRESSURE,0.43,True,0.1428571428571428,0.1481481481481481,0.0,1,12,0,69
14,31,"['48267', '48273', '48276', '48289', '48290', '48291', '48293', '48295', '48300', '48304', '48305', '48283', '48284', '48303']",INTRA_NODE_LOAD_IMBALANCE,0.05,True,1.0,0.0,0.0,40,0,0,42
14,32,"['48267', '48269', '48270', '48273', '48289', '48307', '48291', '48293', '48295', '48300', '48308', '48283', '48284', '48303']",PIPELINE_STALL,0.23,True,0.9818181818181818,0.0,0.0357142857142857,27,0,1,52
14,32,"['48267', '48269', '48270', '48273', '48289', '48307', '48291', '48293', '48295', '48300', '48308', '48283', '48284', '48303']",COMPUTE_UNDERUTILIZATION,0.375,True,0.9310344827586208,0.3076923076923077,0.0,54,8,0,18
14,32,"['48267', '48269', '48270', '48273', '48289', '48307', '48291', '48293', '48295', '48300', '48308', '48283', '48284', '48303']",PRECISION_WASTE,0.2,True,0.8870967741935484,0.1538461538461538,0.1791044776119403,55,2,12,11
14,32,"['48267', '48269', '48270', '48273', '48289', '48307', '48291', '48293', '48295', '48300', '48308', '48283', '48284', '48303']",BRANCH_MISPREDICTION,0.05,True,0.9473684210526316,0.0140845070422535,0.0,9,1,0,70
14,32,"['48267', '48269', '48270', '48273', '48289', '48307', '48291', '48293', '48295', '48300', '48308', '48283', '48284', '48303']",CACHE_PRESSURE,0.2,True,0.7368421052631579,0.3725490196078431,0.0344827586206896,28,19,1,32
14,32,"['48267', '48269', '48270', '48273', '48289', '48307', '48291', '48293', '48295', '48300', '48308', '48283', '48284', '48303']",INTRA_NODE_LOAD_IMBALANCE,0.05,True,1.0,0.0,0.0,27,0,0,53
14,33,"['48270', '48273', '48276', '48278', '48307', '48291', '48293', '48295', '48300', '48304', '48308', '48283', '48284', '48303']",PIPELINE_STALL,0.0625,True,0.9846153846153848,0.0,0.0303030303030303,32,0,1,45
14,33,"['48270', '48273', '48276', '48278', '48307', '48291', '48293', '48295', '48300', '48304', '48308', '48283', '48284', '48303']",COMPUTE_UNDERUTILIZATION,0.3333333333333334,True,0.8571428571428571,0.1,0.0,18,6,0,54
14,33,"['48270', '48273', '48276', '48278', '48307', '48291', '48293', '48295', '48300', '48304', '48308', '48283', '48284', '48303']",PRECISION_WASTE,0.1666666666666666,True,0.9166666666666666,,0.1538461538461538,66,0,12,0
14,33,"['48270', '48273', '48276', '48278', '48307', '48291', '48293', '48295', '48300', '48304', '48308', '48283', '48284', '48303']",BRANCH_MISPREDICTION,0.05,True,,0.0,,0,0,0,78
14,33,"['48270', '48273', '48276', '48278', '48307', '48291', '48293', '48295', '48300', '48304', '48308', '48283', '48284', '48303']",CACHE_PRESSURE,0.47,True,0.7608695652173912,0.5,0.0277777777777777,35,21,1,21
14,33,"['48270', '48273', '48276', '48278', '48307', '48291', '48293', '48295', '48300', '48304', '48308', '48283', '48284', '48303']",INTRA_NODE_LOAD_IMBALANCE,0.05,True,1.0,0.0,0.0,18,0,0,60
14,34,"['48267', '48269', '48273', '48276', '48289', '48307', '48290', '48291', '48293', '48300', '48304', '48308', '48283', '48284']",PIPELINE_STALL,0.35,True,0.68,0.0697674418604651,0.4333333333333333,17,3,13,40
14,34,"['48267', '48269', '48273', '48276', '48289', '48307', '48290', '48291', '48293', '48300', '48304', '48308', '48283', '48284']",COMPUTE_UNDERUTILIZATION,0.16,True,0.8141592920353982,0.7777777777777778,0.0,46,21,0,6
14,34,"['48267', '48269', '48273', '48276', '48289', '48307', '48290', '48291', '48293', '48300', '48304', '48308', '48283', '48284']",PRECISION_WASTE,0.3500000000000001,True,0.7042253521126761,0.25,0.3243243243243243,25,9,12,27
14,34,"['48267', '48269', '48273', '48276', '48289', '48307', '48290', '48291', '48293', '48300', '48304', '48308', '48283', '48284']",BRANCH_MISPREDICTION,0.05,True,0.9090909090909092,0.0,0.1666666666666666,5,0,1,67
14,34,"['48267', '48269', '48273', '48276', '48289', '48307', '48290', '48291', '48293', '48300', '48304', '48308', '48283', '48284']",CACHE_PRESSURE,0.53,True,0.7499999999999999,0.2181818181818181,0.0,18,12,0,43
14,34,"['48267', '48269', '48273', '48276', '48289', '48307', '48290', '48291', '48293', '48300', '48304', '48308', '48283', '48284']",INTRA_NODE_LOAD_IMBALANCE,0.05,True,1.0,0.0,0.0,31,0,0,42
14,35,"['48270', '48274', '48278', '48289', '48290', '48291', '48293', '48295', '48300', '48304', '48305', '48308', '48283', '48303']",PIPELINE_STALL,0.2,True,0.8518518518518519,0.1290322580645161,0.0,23,8,0,54
14,35,"['48270', '48274', '48278', '48289', '48290', '48291', '48293', '48295', '48300', '48304', '48305', '48308', '48283', '48303']",COMPUTE_UNDERUTILIZATION,0.0875,True,1.0,0.0,0.0,59,0,0,26
14,35,"['48270', '48274', '48278', '48289', '48290', '48291', '48293', '48295', '48300', '48304', '48305', '48308', '48283', '48303']",PRECISION_WASTE,0.05,True,0.8085106382978724,0.9642857142857144,0.0,57,27,0,1
14,35,"['48270', '48274', '48278', '48289', '48290', '48291', '48293', '48295', '48300', '48304', '48305', '48308', '48283', '48303']",BRANCH_MISPREDICTION,0.05,True,0.7906976744186047,0.0,0.3461538461538461,34,0,18,33
14,35,"['48270', '48274', '48278', '48289', '48290', '48291', '48293', '48295', '48300', '48304', '48305', '48308', '48283', '48303']",CACHE_PRESSURE,0.38,True,1.0,0.0,0.0,13,0,0,72
14,35,"['48270', '48274', '48278', '48289', '48290', '48291', '48293', '48295', '48300', '48304', '48305', '48308', '48283', '48303']",INTRA_NODE_LOAD_IMBALANCE,0.05,True,1.0,0.0,0.0,58,0,0,27
14,36,"['48267', '48269', '48270', '48273', '48274', '48276', '48307', '48290', '48291', '48295', '48304', '48308', '48283', '48284']",PIPELINE_STALL,0.3375000000000001,True,0.7142857142857143,0.0149253731343283,0.4117647058823529,10,1,7,66
14,36,"['48267', '48269', '48270', '48273', '48274', '48276', '48307', '48290', '48291', '48295', '48304', '48308', '48283', '48284']",COMPUTE_UNDERUTILIZATION,0.2375,True,0.9166666666666666,0.2,0.0,44,8,0,32
14,36,"['48267', '48269', '48270', '48273', '48274', '48276', '48307', '48290', '48291', '48295', '48304', '48308', '48283', '48284']",PRECISION_WASTE,0.05,True,0.9206349206349206,0.3846153846153846,0.0,58,10,0,16
14,36,"['48267', '48269', '48270', '48273', '48274', '48276', '48307', '48290', '48291', '48295', '48304', '48308', '48283', '48284']",BRANCH_MISPREDICTION,0.05,True,1.0,0.0,0.0,16,0,0,68
14,36,"['48267', '48269', '48270', '48273', '48274', '48276', '48307', '48290', '48291', '48295', '48304', '48308', '48283', '48284']",CACHE_PRESSURE,0.1125,True,0.7058823529411764,0.4629629629629629,0.0,30,25,0,29
14,36,"['48267', '48269', '48270', '48273', '48274', '48276', '48307', '48290', '48291', '48295', '48304', '48308', '48283', '48284']",INTRA_NODE_LOAD_IMBALANCE,0.05,True,1.0,0.0,0.0,43,0,0,41
14,37,"['48267', '48269', '48270', '48273', '48276', '48278', '48289', '48307', '48291', '48300', '48305', '48308', '48283', '48284']",PIPELINE_STALL,0.1625,True,0.9818181818181818,0.0,0.0357142857142857,27,0,1,50
14,37,"['48267', '48269', '48270', '48273', '48276', '48278', '48289', '48307', '48291', '48300', '48305', '48308', '48283', '48284']",COMPUTE_UNDERUTILIZATION,0.3875,True,0.8045977011494254,0.0714285714285714,0.3,35,2,15,26
14,37,"['48267', '48269', '48270', '48273', '48276', '48278', '48289', '48307', '48291', '48300', '48305', '48308', '48283', '48284']",PRECISION_WASTE,0.2875,True,0.8155339805825242,0.2916666666666667,0.2222222222222222,42,7,12,17
14,37,"['48267', '48269', '48270', '48273', '48276', '48278', '48289', '48307', '48291', '48300', '48305', '48308', '48283', '48284']",BRANCH_MISPREDICTION,0.05,True,,0.0,,0,0,0,78
14,37,"['48267', '48269', '48270', '48273', '48276', '48278', '48289', '48307', '48291', '48300', '48305', '48308', '48283', '48284']",CACHE_PRESSURE,0.3875,True,0.9821428571428572,0.0869565217391304,0.0,55,2,0,21
14,37,"['48267', '48269', '48270', '48273', '48276', '48278', '48289', '48307', '48291', '48300', '48305', '48308', '48283', '48284']",INTRA_NODE_LOAD_IMBALANCE,0.05,True,1.0,0.0,0.0,33,0,0,45
14,38,"['48269', '48270', '48273', '48274', '48276', '48278', '48289', '48307', '48291', '48295', '48304', '48305', '48308', '48283']",PIPELINE_STALL,0.2375,True,0.6153846153846153,0.1666666666666666,0.25,12,11,4,55
14,38,"['48269', '48270', '48273', '48274', '48276', '48278', '48289', '48307', '48291', '48295', '48304', '48305', '48308', '48283']",COMPUTE_UNDERUTILIZATION,0.3333333333333334,True,1.0,0.0,0.0,41,0,0,41
14,38,"['48269', '48270', '48273', '48274', '48276', '48278', '48289', '48307', '48291', '48295', '48304', '48305', '48308', '48283']",PRECISION_WASTE,0.05,True,0.9166666666666666,0.3703703703703703,0.0,55,10,0,17
14,38,"['48269', '48270', '48273', '48274', '48276', '48278', '48289', '48307', '48291', '48295', '48304', '48305', '48308', '48283']",BRANCH_MISPREDICTION,0.05,True,1.0,0.0,0.0,30,0,0,52
14,38,"['48269', '48270', '48273', '48274', '48276', '48278', '48289', '48307', '48291', '48295', '48304', '48305', '48308', '48283']",CACHE_PRESSURE,0.5750000000000001,True,0.988235294117647,0.0,0.0232558139534883,42,0,1,39
14,38,"['48269', '48270', '48273', '48274', '48276', '48278', '48289', '48307', '48291', '48295', '48304', '48305', '48308', '48283']",INTRA_NODE_LOAD_IMBALANCE,0.05,True,1.0,0.0,0.0,51,0,0,31
14,39,"['48273', '48274', '48276', '48278', '48289', '48290', '48291', '48293', '48295', '48300', '48304', '48308', '48283', '48284']",PIPELINE_STALL,0.0699999999999999,True,0.7450980392156864,0.1666666666666666,0.1739130434782608,19,9,4,45
14,39,"['48273', '48274', '48276', '48278', '48289', '48290', '48291', '48293', '48295', '48300', '48304', '48308', '48283', '48284']",COMPUTE_UNDERUTILIZATION,0.21,True,0.65,0.5490196078431373,0.0,26,28,0,23
14,39,"['48273', '48274', '48276', '48278', '48289', '48290', '48291', '48293', '48295', '48300', '48304', '48308', '48283', '48284']",PRECISION_WASTE,0.05,True,0.9295774647887324,0.9090909090909092,0.0,66,10,0,1
14,39,"['48273', '48274', '48276', '48278', '48289', '48290', '48291', '48293', '48295', '48300', '48304', '48308', '48283', '48284']",BRANCH_MISPREDICTION,0.05,True,0.975609756097561,0.0,0.0476190476190476,20,0,1,56
14,39,"['48273', '48274', '48276', '48278', '48289', '48290', '48291', '48293', '48295', '48300', '48304', '48308', '48283', '48284']",CACHE_PRESSURE,0.53,True,0.5205479452054794,0.603448275862069,0.0,19,35,0,23
14,39,"['48273', '48274', '48276', '48278', '48289', '48290', '48291', '48293', '48295', '48300', '48304', '48308', '48283', '48284']",INTRA_NODE_LOAD_IMBALANCE,0.05,True,1.0,0.0,0.0,34,0,0,43
14,40,"['48270', '48273', '48274', '48289', '48290', '48291', '48293', '48295', '48300', '48304', '48305', '48308', '48283', '48284']",PIPELINE_STALL,0.2,True,0.7222222222222222,0.09375,0.2352941176470588,13,6,4,58
14,40,"['48270', '48273', '48274', '48289', '48290', '48291', '48293', '48295', '48300', '48304', '48305', '48308', '48283', '48284']",COMPUTE_UNDERUTILIZATION,0.05,True,0.9814814814814816,0.0714285714285714,0.0,53,2,0,26
14,40,"['48270', '48273', '48274', '48289', '48290', '48291', '48293', '48295', '48300', '48304', '48305', '48308', '48283', '48284']",PRECISION_WASTE,0.05,True,0.912,0.4583333333333333,0.0,57,11,0,13
14,40,"['48270', '48273', '48274', '48289', '48290', '48291', '48293', '48295', '48300', '48304', '48305', '48308', '48283', '48284']",BRANCH_MISPREDICTION,0.05,True,0.979591836734694,0.0175438596491228,0.0,24,1,0,56
14,40,"['48270', '48273', '48274', '48289', '48290', '48291', '48293', '48295', '48300', '48304', '48305', '48308', '48283', '48284']",CACHE_PRESSURE,0.38,True,0.7499999999999999,0.1904761904761904,0.0,18,12,0,51
14,40,"['48270', '48273', '48274', '48289', '48290', '48291', '48293', '48295', '48300', '48304', '48305', '48308', '48283', '48284']",INTRA_NODE_LOAD_IMBALANCE,0.05,True,1.0,0.0,0.0,36,0,0,45
14,41,"['48269', '48273', '48274', '48276', '48307', '48290', '48291', '48293', '48295', '48300', '48304', '48308', '48283', '48284']",PIPELINE_STALL,0.1,True,0.7999999999999999,0.0588235294117647,0.2592592592592592,20,3,7,48
14,41,"['48269', '48273', '48274', '48276', '48307', '48290', '48291', '48293', '48295', '48300', '48304', '48308', '48283', '48284']",COMPUTE_UNDERUTILIZATION,0.3,True,0.7272727272727273,0.42,0.0,28,21,0,29
14,41,"['48269', '48273', '48274', '48276', '48307', '48290', '48291', '48293', '48295', '48300', '48304', '48308', '48283', '48284']",PRECISION_WASTE,0.2625,True,0.9310344827586208,0.3333333333333333,0.0,54,8,0,16
14,41,"['48269', '48273', '48274', '48276', '48307', '48290', '48291', '48293', '48295', '48300', '48304', '48308', '48283', '48284']",BRANCH_MISPREDICTION,0.05,True,0.9090909090909092,0.0,0.1666666666666666,5,0,1,72
14,41,"['48269', '48273', '48274', '48276', '48307', '48290', '48291', '48293', '48295', '48300', '48304', '48308', '48283', '48284']",CACHE_PRESSURE,0.3125,True,0.7837837837837839,0.3265306122448979,0.0,29,16,0,33
14,41,"['48269', '48273', '48274', '48276', '48307', '48290', '48291', '48293', '48295', '48300', '48304', '48308', '48283', '48284']",INTRA_NODE_LOAD_IMBALANCE,0.05,True,1.0,0.0,0.0,25,0,0,53
14,42,"['48267', '48270', '48273', '48274', '48278', '48289', '48307', '48290', '48293', '48300', '48304', '48308', '48283', '48284']",PIPELINE_STALL,0.09,True,0.888888888888889,0.0,0.2,16,0,4,60
14,42,"['48267', '48270', '48273', '48274', '48278', '48289', '48307', '48290', '48293', '48300', '48304', '48308', '48283', '48284']",COMPUTE_UNDERUTILIZATION,0.17,True,0.896551724137931,0.2195121951219512,0.0,39,9,0,32
14,42,"['48267', '48270', '48273', '48274', '48278', '48289', '48307', '48290', '48293', '48300', '48304', '48308', '48283', '48284']",PRECISION_WASTE,0.3500000000000001,True,0.95,0.2608695652173913,0.0,57,6,0,17
14,42,"['48267', '48270', '48273', '48274', '48278', '48289', '48307', '48290', '48293', '48300', '48304', '48308', '48283', '48284']",BRANCH_MISPREDICTION,0.05,True,0.9473684210526316,0.0140845070422535,0.0,9,1,0,70
14,42,"['48267', '48270', '48273', '48274', '48278', '48289', '48307', '48290', '48293', '48300', '48304', '48308', '48283', '48284']",CACHE_PRESSURE,0.3125,True,0.7654320987654321,0.3877551020408163,0.0,31,19,0,30
14,42,"['48267', '48270', '48273', '48274', '48278', '48289', '48307', '48290', '48293', '48300', '48304', '48308', '48283', '48284']",INTRA_NODE_LOAD_IMBALANCE,0.05,True,1.0,0.0,0.0,21,0,0,59
14,43,"['48267', '48269', '48274', '48276', '48278', '48289', '48290', '48291', '48293', '48295', '48300', '48305', '48284', '48303']",PIPELINE_STALL,0.2299999999999999,True,0.891566265060241,0.173076923076923,0.0,37,9,0,43
14,43,"['48267', '48269', '48274', '48276', '48278', '48289', '48290', '48291', '48293', '48295', '48300', '48305', '48284', '48303']",COMPUTE_UNDERUTILIZATION,0.3625,True,0.9146341463414632,1.0,0.0,75,14,0,0
14,43,"['48267', '48269', '48274', '48276', '48278', '48289', '48290', '48291', '48293', '48295', '48300', '48305', '48284', '48303']",PRECISION_WASTE,0.5333333333333333,True,0.8431372549019608,0.0,0.2711864406779661,43,0,16,30
14,43,"['48267', '48269', '48274', '48276', '48278', '48289', '48290', '48291', '48293', '48295', '48300', '48305', '48284', '48303']",BRANCH_MISPREDICTION,0.2,True,0.9855072463768116,0.0,0.0285714285714285,34,0,1,54
14,43,"['48267', '48269', '48274', '48276', '48278', '48289', '48290', '48291', '48293', '48295', '48300', '48305', '48284', '48303']",CACHE_PRESSURE,0.22,True,0.8484848484848484,0.0,0.2631578947368421,14,0,5,70
14,43,"['48267', '48269', '48274', '48276', '48278', '48289', '48290', '48291', '48293', '48295', '48300', '48305', '48284', '48303']",INTRA_NODE_LOAD_IMBALANCE,0.05,True,0.9821428571428572,0.0,0.0350877192982456,55,0,2,32
14,44,"['48267', '48269', '48273', '48274', '48276', '48278', '48307', '48291', '48293', '48295', '48300', '48304', '48283', '48303']",PIPELINE_STALL,0.35,True,0.8055555555555556,0.2307692307692307,0.064516129032258,29,12,2,40
14,44,"['48267', '48269', '48273', '48274', '48276', '48278', '48307', '48291', '48293', '48295', '48300', '48304', '48283', '48303']",COMPUTE_UNDERUTILIZATION,0.3,True,0.7912087912087912,0.4042553191489361,0.0,36,19,0,28
14,44,"['48267', '48269', '48273', '48274', '48276', '48278', '48307', '48291', '48293', '48295', '48300', '48304', '48283', '48303']",PRECISION_WASTE,0.3625,True,0.8688524590163935,0.0,0.2318840579710145,53,0,16,14
14,44,"['48267', '48269', '48273', '48274', '48276', '48278', '48307', '48291', '48293', '48295', '48300', '48304', '48283', '48303']",BRANCH_MISPREDICTION,0.1625,True,0.9743589743589745,0.0,0.05,19,0,1,63
14,44,"['48267', '48269', '48273', '48274', '48276', '48278', '48307', '48291', '48293', '48295', '48300', '48304', '48283', '48303']",CACHE_PRESSURE,0.41,True,0.8363636363636363,0.15,0.0,23,9,0,51
14,44,"['48267', '48269', '48273', '48274', '48276', '48278', '48307', '48291', '48293', '48295', '48300', '48304', '48283', '48303']",INTRA_NODE_LOAD_IMBALANCE,0.05,True,1.0,0.0,0.0,33,0,0,50
14,45,"['48267', '48270', '48273', '48274', '48278', '48289', '48307', '48290', '48291', '48293', '48295', '48304', '48284', '48303']",PIPELINE_STALL,0.13,True,0.888888888888889,0.0117647058823529,0.0,4,1,0,84
14,45,"['48267', '48270', '48273', '48274', '48278', '48289', '48307', '48290', '48291', '48293', '48295', '48304', '48284', '48303']",COMPUTE_UNDERUTILIZATION,0.11,True,0.9197080291970804,0.4230769230769231,0.0,63,11,0,15
14,45,"['48267', '48270', '48273', '48274', '48278', '48289', '48307', '48290', '48291', '48293', '48295', '48304', '48284', '48303']",PRECISION_WASTE,0.1375,True,0.993103448275862,0.0588235294117647,0.0,72,1,0,16
14,45,"['48267', '48270', '48273', '48274', '48278', '48289', '48307', '48290', '48291', '48293', '48295', '48304', '48284', '48303']",BRANCH_MISPREDICTION,0.05,True,0.9803921568627452,0.015625,0.0,25,1,0,63
14,45,"['48267', '48270', '48273', '48274', '48278', '48289', '48307', '48290', '48291', '48293', '48295', '48304', '48284', '48303']",CACHE_PRESSURE,0.26,True,0.0869565217391304,0.4512195121951219,0.7142857142857143,2,37,5,45
14,45,"['48267', '48270', '48273', '48274', '48278', '48289', '48307', '48290', '48291', '48293', '48295', '48304', '48284', '48303']",INTRA_NODE_LOAD_IMBALANCE,0.1399999999999999,True,0.9777777777777776,0.0,0.0434782608695652,44,0,2,43
14,46,"['48267', '48269', '48273', '48276', '48278', '48289', '48307', '48291', '48293', '48304', '48305', '48283', '48284', '48303']",PIPELINE_STALL,0.35,True,0.927536231884058,0.0638297872340425,0.0588235294117647,32,3,2,44
14,46,"['48267', '48269', '48273', '48276', '48278', '48289', '48307', '48291', '48293', '48304', '48305', '48283', '48284', '48303']",COMPUTE_UNDERUTILIZATION,0.42,True,0.896,0.52,0.0,56,13,0,12
14,46,"['48267', '48269', '48273', '48276', '48278', '48289', '48307', '48291', '48293', '48304', '48305', '48283', '48284', '48303']",PRECISION_WASTE,0.0625,True,0.7339449541284403,0.0769230769230769,0.4117647058823529,40,1,28,12
14,46,"['48267', '48269', '48273', '48276', '48278', '48289', '48307', '48291', '48293', '48304', '48305', '48283', '48284', '48303']",BRANCH_MISPREDICTION,0.2,True,0.9767441860465116,0.0,0.0454545454545454,21,0,1,59
14,46,"['48267', '48269', '48273', '48276', '48278', '48289', '48307', '48291', '48293', '48304', '48305', '48283', '48284', '48303']",CACHE_PRESSURE,0.53,True,1.0,0.0,0.0,23,0,0,58
14,46,"['48267', '48269', '48273', '48276', '48278', '48289', '48307', '48291', '48293', '48304', '48305', '48283', '48284', '48303']",INTRA_NODE_LOAD_IMBALANCE,0.05,True,1.0,0.0,0.0,41,0,0,40
14,47,"['48267', '48269', '48274', '48276', '48278', '48290', '48291', '48293', '48295', '48300', '48304', '48305', '48283', '48284']",PIPELINE_STALL,0.05,True,0.8686868686868686,0.2564102564102564,0.0652173913043478,43,10,3,29
14,47,"['48267', '48269', '48274', '48276', '48278', '48290', '48291', '48293', '48295', '48300', '48304', '48305', '48283', '48284']",COMPUTE_UNDERUTILIZATION,0.3666666666666667,True,0.9051094890510948,0.5652173913043478,0.0,62,13,0,10
14,47,"['48267', '48269', '48274', '48276', '48278', '48290', '48291', '48293', '48295', '48300', '48304', '48305', '48283', '48284']",PRECISION_WASTE,0.5833333333333334,True,0.9917355371900828,0.04,0.0,60,1,0,24
14,47,"['48267', '48269', '48274', '48276', '48278', '48290', '48291', '48293', '48295', '48300', '48304', '48305', '48283', '48284']",BRANCH_MISPREDICTION,0.05,True,0.9855072463768116,0.0,0.0285714285714285,34,0,1,50
14,47,"['48267', '48269', '48274', '48276', '48278', '48290', '48291', '48293', '48295', '48300', '48304', '48305', '48283', '48284']",CACHE_PRESSURE,0.53,True,0.9285714285714286,0.0277777777777777,0.0,13,2,0,70
14,47,"['48267', '48269', '48274', '48276', '48278', '48290', '48291', '48293', '48295', '48300', '48304', '48305', '48283', '48284']",INTRA_NODE_LOAD_IMBALANCE,0.05,True,1.0,0.0,0.0,54,0,0,31
14,48,"['48267', '48273', '48274', '48278', '48289', '48290', '48291', '48293', '48295', '48305', '48308', '48283', '48284', '48303']",PIPELINE_STALL,0.05,True,0.7169811320754718,0.217391304347826,0.0,19,15,0,54
14,48,"['48267', '48273', '48274', '48278', '48289', '48290', '48291', '48293', '48295', '48305', '48308', '48283', '48284', '48303']",COMPUTE_UNDERUTILIZATION,0.38,True,0.9763779527559054,0.1153846153846153,0.0,62,3,0,23
14,48,"['48267', '48273', '48274', '48278', '48289', '48290', '48291', '48293', '48295', '48305', '48308', '48283', '48284', '48303']",PRECISION_WASTE,0.05,True,0.9942857142857142,1.0,0.0,87,1,0,0
14,48,"['48267', '48273', '48274', '48278', '48289', '48290', '48291', '48293', '48295', '48305', '48308', '48283', '48284', '48303']",BRANCH_MISPREDICTION,0.05,True,0.8679245283018869,0.3333333333333333,0.0,46,14,0,28
14,48,"['48267', '48273', '48274', '48278', '48289', '48290', '48291', '48293', '48295', '48305', '48308', '48283', '48284', '48303']",CACHE_PRESSURE,0.3400000000000001,True,1.0,0.0,0.0,14,0,0,74
14,48,"['48267', '48273', '48274', '48278', '48289', '48290', '48291', '48293', '48295', '48305', '48308', '48283', '48284', '48303']",INTRA_NODE_LOAD_IMBALANCE,0.05,True,1.0,0.0,0.0,59,0,0,29
14,49,"['48267', '48269', '48270', '48274', '48276', '48278', '48289', '48290', '48291', '48300', '48304', '48305', '48308', '48303']",PIPELINE_STALL,0.1875,True,0.8307692307692308,0.1833333333333333,0.0,27,11,0,49
14,49,"['48267', '48269', '48270', '48274', '48276', '48278', '48289', '48290', '48291', '48300', '48304', '48305', '48308', '48303']",COMPUTE_UNDERUTILIZATION,0.2625,True,0.9929078014184396,0.0588235294117647,0.0,70,1,0,16
14,49,"['48267', '48269', '48270', '48274', '48276', '48278', '48289', '48290', '48291', '48300', '48304', '48305', '48308', '48303']",PRECISION_WASTE,0.0833333333333333,True,0.6818181818181819,0.4912280701754385,0.0,30,28,0,29
14,49,"['48267', '48269', '48270', '48274', '48276', '48278', '48289', '48290', '48291', '48300', '48304', '48305', '48308', '48303']",BRANCH_MISPREDICTION,0.05,True,1.0,0.0,0.0,43,0,0,44
14,49,"['48267', '48269', '48270', '48274', '48276', '48278', '48289', '48290', '48291', '48300', '48304', '48305', '48308', '48303']",CACHE_PRESSURE,0.2625,True,0.8928571428571429,0.0175438596491228,0.1666666666666666,25,1,5,56
14,49,"['48267', '48269', '48270', '48274', '48276', '48278', '48289', '48290', '48291', '48300', '48304', '48305', '48308', '48303']",INTRA_NODE_LOAD_IMBALANCE,0.05,True,0.9861111111111112,0.0,0.0273972602739726,71,0,2,14
16,0,"['48267', '48269', '48270', '48273', '48274', '48276', '48289', '48290', '48291', '48295', '48300', '48304', '48308', '48283', '48284', '48303']",PIPELINE_STALL,0.06,True,0.787878787878788,0.1627906976744186,0.0,13,7,0,36
16,0,"['48267', '48269', '48270', '48273', '48274', '48276', '48289', '48290', '48291', '48295', '48300', '48304', '48308', '48283', '48284', '48303']",COMPUTE_UNDERUTILIZATION,0.25,True,0.8666666666666666,0.2666666666666666,0.0,26,8,0,22
16,0,"['48267', '48269', '48270', '48273', '48274', '48276', '48289', '48290', '48291', '48295', '48300', '48304', '48308', '48283', '48284', '48303']",PRECISION_WASTE,0.0833333333333333,True,0.9032258064516128,0.6428571428571429,0.0,42,9,0,5
16,0,"['48267', '48269', '48270', '48273', '48274', '48276', '48289', '48290', '48291', '48295', '48300', '48304', '48308', '48283', '48284', '48303']",BRANCH_MISPREDICTION,0.05,True,1.0,0.0,0.0,15,0,0,41
16,0,"['48267', '48269', '48270', '48273', '48274', '48276', '48289', '48290', '48291', '48295', '48300', '48304', '48308', '48283', '48284', '48303']",CACHE_PRESSURE,0.19,True,0.6296296296296297,0.5128205128205128,0.0,17,20,0,19
16,0,"['48267', '48269', '48270', '48273', '48274', '48276', '48289', '48290', '48291', '48295', '48300', '48304', '48308', '48283', '48284', '48303']",INTRA_NODE_LOAD_IMBALANCE,0.05,True,1.0,0.0,0.0,30,0,0,26
16,1,"['48267', '48269', '48270', '48273', '48274', '48276', '48278', '48289', '48307', '48290', '48300', '48304', '48305', '48308', '48283', '48303']",PIPELINE_STALL,0.24,True,0.6956521739130436,0.3333333333333333,0.0,16,14,0,28
16,1,"['48267', '48269', '48270', '48273', '48274', '48276', '48278', '48289', '48307', '48290', '48300', '48304', '48305', '48308', '48283', '48303']",COMPUTE_UNDERUTILIZATION,0.2625,True,1.0,0.0,0.0,26,0,0,32
16,1,"['48267', '48269', '48270', '48273', '48274', '48276', '48278', '48289', '48307', '48290', '48300', '48304', '48305', '48308', '48283', '48303']",PRECISION_WASTE,0.3375,True,0.984126984126984,0.037037037037037,0.0,31,1,0,26
16,1,"['48267', '48269', '48270', '48273', '48274', '48276', '48278', '48289', '48307', '48290', '48300', '48304', '48305', '48308', '48283', '48303']",BRANCH_MISPREDICTION,0.05,True,1.0,0.0,0.0,14,0,0,44
16,1,"['48267', '48269', '48270', '48273', '48274', '48276', '48278', '48289', '48307', '48290', '48300', '48304', '48305', '48308', '48283', '48303']",CACHE_PRESSURE,0.475,True,0.7812500000000001,0.0,0.358974358974359,25,0,14,19
16,1,"['48267', '48269', '48270', '48273', '48274', '48276', '48278', '48289', '48307', '48290', '48300', '48304', '48305', '48308', '48283', '48303']",INTRA_NODE_LOAD_IMBALANCE,0.05,True,1.0,0.0,0.0,29,0,0,29
16,2,"['48267', '48269', '48270', '48274', '48278', '48307', '48290', '48291', '48293', '48295', '48300', '48304', '48305', '48283', '48284', '48303']",PIPELINE_STALL,0.32,True,1.0,0.0,0.0,23,0,0,39
16,2,"['48267', '48269', '48270', '48274', '48278', '48307', '48290', '48291', '48293', '48295', '48300', '48304', '48305', '48283', '48284', '48303']",COMPUTE_UNDERUTILIZATION,0.05,True,1.0,0.0,0.0,52,0,0,10
16,2,"['48267', '48269', '48270', '48274', '48278', '48307', '48290', '48291', '48293', '48295', '48300', '48304', '48305', '48283', '48284', '48303']",PRECISION_WASTE,0.05,True,1.0,0.0,0.0,48,0,0,14
16,2,"['48267', '48269', '48270', '48274', '48278', '48307', '48290', '48291', '48293', '48295', '48300', '48304', '48305', '48283', '48284', '48303']",BRANCH_MISPREDICTION,0.05,True,0.9787234042553192,0.0256410256410256,0.0,23,1,0,38
16,2,"['48267', '48269', '48270', '48274', '48278', '48307', '48290', '48291', '48293', '48295', '48300', '48304', '48305', '48283', '48284', '48303']",CACHE_PRESSURE,0.51,True,0.9473684210526316,0.0188679245283018,0.0,9,1,0,52
16,2,"['48267', '48269', '48270', '48274', '48278', '48307', '48290', '48291', '48293', '48295', '48300', '48304', '48305', '48283', '48284', '48303']",INTRA_NODE_LOAD_IMBALANCE,0.05,True,1.0,0.0,0.0,35,0,0,27
16,3,"['48267', '48269', '48270', '48274', '48276', '48278', '48289', '48290', '48291', '48293', '48300', '48304', '48305', '48308', '48283', '48284']",PIPELINE_STALL,0.24,True,0.9473684210526316,0.12,0.0,27,3,0,22
16,3,"['48267', '48269', '48270', '48274', '48276', '48278', '48289', '48290', '48291', '48293', '48300', '48304', '48305', '48308', '48283', '48284']",COMPUTE_UNDERUTILIZATION,0.0875,True,1.0,,0.0,52,0,0,0
16,3,"['48267', '48269', '48270', '48274', '48276', '48278', '48289', '48290', '48291', '48293', '48300', '48304', '48305', '48308', '48283', '48284']",PRECISION_WASTE,0.425,True,0.8333333333333333,0.1621621621621621,0.0,15,6,0,31
16,3,"['48267', '48269', '48270', '48274', '48276', '48278', '48289', '48290', '48291', '48293', '48300', '48304', '48305', '48308', '48283', '48284']",BRANCH_MISPREDICTION,0.05,True,1.0,0.0,0.0,29,0,0,23
16,3,"['48267', '48269', '48270', '48274', '48276', '48278', '48289', '48290', '48291', '48293', '48300', '48304', '48305', '48308', '48283', '48284']",CACHE_PRESSURE,0.55,True,1.0,0.0,0.0,15,0,0,37
16,3,"['48267', '48269', '48270', '48274', '48276', '48278', '48289', '48290', '48291', '48293', '48300', '48304', '48305', '48308', '48283', '48284']",INTRA_NODE_LOAD_IMBALANCE,0.05,True,1.0,0.0,0.0,35,0,0,17
16,4,"['48267', '48269', '48270', '48274', '48276', '48278', '48289', '48307', '48290', '48291', '48293', '48295', '48300', '48304', '48283', '48303']",PIPELINE_STALL,0.25,True,0.8484848484848484,0.119047619047619,0.0,14,5,0,37
16,4,"['48267', '48269', '48270', '48274', '48276', '48278', '48289', '48307', '48290', '48291', '48293', '48295', '48300', '48304', '48283', '48303']",COMPUTE_UNDERUTILIZATION,0.24,True,0.9361702127659576,0.5,0.0,44,6,0,6
16,4,"['48267', '48269', '48270', '48274', '48276', '48278', '48289', '48307', '48290', '48291', '48293', '48295', '48300', '48304', '48283', '48303']",PRECISION_WASTE,0.35,True,0.7000000000000001,0.8571428571428571,0.0,28,24,0,4
16,4,"['48267', '48269', '48270', '48274', '48276', '48278', '48289', '48307', '48290', '48291', '48293', '48295', '48300', '48304', '48283', '48303']",BRANCH_MISPREDICTION,0.05,True,1.0,0.0,0.0,28,0,0,28
16,4,"['48267', '48269', '48270', '48274', '48276', '48278', '48289', '48307', '48290', '48291', '48293', '48295', '48300', '48304', '48283', '48303']",CACHE_PRESSURE,0.625,True,0.3076923076923077,0.1666666666666666,0.0,2,9,0,45
16,4,"['48267', '48269', '48270', '48274', '48276', '48278', '48289', '48307', '48290', '48291', '48293', '48295', '48300', '48304', '48283', '48303']",INTRA_NODE_LOAD_IMBALANCE,0.05,True,1.0,0.0,0.0,28,0,0,28
16,5,"['48267', '48269', '48270', '48273', '48274', '48278', '48289', '48307', '48291', '48293', '48300', '48304', '48305', '48308', '48283', '48303']",PIPELINE_STALL,0.13,True,0.6666666666666666,0.2857142857142857,0.0,12,12,0,30
16,5,"['48267', '48269', '48270', '48273', '48274', '48278', '48289', '48307', '48291', '48293', '48300', '48304', '48305', '48308', '48283', '48303']",COMPUTE_UNDERUTILIZATION,0.18,True,1.0,0.0,0.0,42,0,0,12
16,5,"['48267', '48269', '48270', '48273', '48274', '48278', '48289', '48307', '48291', '48293', '48300', '48304', '48305', '48308', '48283', '48303']",PRECISION_WASTE,0.25,True,0.9824561403508772,0.0384615384615384,0.0,28,1,0,25
16,5,"['48267', '48269', '48270', '48273', '48274', '48278', '48289', '48307', '48291', '48293', '48300', '48304', '48305', '48308', '48283', '48303']",BRANCH_MISPREDICTION,0.05,True,0.9787234042553192,0.032258064516129,0.0,23,1,0,30
16,5,"['48267', '48269', '48270', '48273', '48274', '48278', '48289', '48307', '48291', '48293', '48300', '48304', '48305', '48308', '48283', '48303']",CACHE_PRESSURE,0.51,True,1.0,0.0,0.0,23,0,0,31
16,5,"['48267', '48269', '48270', '48273', '48274', '48278', '48289', '48307', '48291', '48293', '48300', '48304', '48305', '48308', '48283', '48303']",INTRA_NODE_LOAD_IMBALANCE,0.05,True,1.0,0.0,0.0,29,0,0,25
16,6,"['48267', '48269', '48270', '48273', '48274', '48276', '48289', '48307', '48291', '48293', '48295', '48300', '48304', '48305', '48283', '48303']",PIPELINE_STALL,0.33,True,0.7441860465116279,0.282051282051282,0.0,16,11,0,28
16,6,"['48267', '48269', '48270', '48273', '48274', '48276', '48289', '48307', '48291', '48293', '48295', '48300', '48304', '48305', '48283', '48303']",COMPUTE_UNDERUTILIZATION,0.0799999999999999,True,0.9761904761904764,0.1428571428571428,0.0,41,2,0,12
16,6,"['48267', '48269', '48270', '48273', '48274', '48276', '48289', '48307', '48291', '48293', '48295', '48300', '48304', '48305', '48283', '48303']",PRECISION_WASTE,0.5625000000000001,True,0.6,0.0,0.5714285714285714,12,0,16,27
16,6,"['48267', '48269', '48270', '48273', '48274', '48276', '48289', '48307', '48291', '48293', '48295', '48300', '48304', '48305', '48283', '48303']",BRANCH_MISPREDICTION,0.05,True,1.0,0.0,0.0,14,0,0,41
16,6,"['48267', '48269', '48270', '48273', '48274', '48276', '48289', '48307', '48291', '48293', '48295', '48300', '48304', '48305', '48283', '48303']",CACHE_PRESSURE,0.34,True,0.7027027027027027,0.2619047619047619,0.0,13,11,0,31
16,6,"['48267', '48269', '48270', '48273', '48274', '48276', '48289', '48307', '48291', '48293', '48295', '48300', '48304', '48305', '48283', '48303']",INTRA_NODE_LOAD_IMBALANCE,0.05,True,1.0,0.0,0.0,14,0,0,41
16,7,"['48269', '48270', '48274', '48276', '48278', '48289', '48307', '48290', '48291', '48295', '48300', '48304', '48305', '48283', '48284', '48303']",PIPELINE_STALL,0.3,True,1.0,0.0,0.0,14,0,0,45
16,7,"['48269', '48270', '48274', '48276', '48278', '48289', '48307', '48290', '48291', '48295', '48300', '48304', '48305', '48283', '48284', '48303']",COMPUTE_UNDERUTILIZATION,0.22,True,1.0,0.0,0.0,30,0,0,29
16,7,"['48269', '48270', '48274', '48276', '48278', '48289', '48307', '48290', '48291', '48295', '48300', '48304', '48305', '48283', '48284', '48303']",PRECISION_WASTE,0.05,True,0.9772727272727272,0.0666666666666666,0.0227272727272727,43,1,1,14
16,7,"['48269', '48270', '48274', '48276', '48278', '48289', '48307', '48290', '48291', '48295', '48300', '48304', '48305', '48283', '48284', '48303']",BRANCH_MISPREDICTION,0.05,True,1.0,0.0,0.0,14,0,0,45
16,7,"['48269', '48270', '48274', '48276', '48278', '48289', '48307', '48290', '48291', '48295', '48300', '48304', '48305', '48283', '48284', '48303']",CACHE_PRESSURE,0.4,True,1.0,0.0,0.0,27,0,0,32
16,7,"['48269', '48270', '48274', '48276', '48278', '48289', '48307', '48290', '48291', '48295', '48300', '48304', '48305', '48283', '48284', '48303']",INTRA_NODE_LOAD_IMBALANCE,0.05,True,1.0,0.0,0.0,29,0,0,30
16,8,"['48267', '48269', '48270', '48273', '48274', '48276', '48278', '48291', '48293', '48300', '48304', '48305', '48308', '48283', '48284', '48303']",PIPELINE_STALL,0.13,True,0.9090909090909092,0.24,0.0,30,6,0,19
16,8,"['48267', '48269', '48270', '48273', '48274', '48276', '48278', '48291', '48293', '48300', '48304', '48305', '48308', '48283', '48284', '48303']",COMPUTE_UNDERUTILIZATION,0.425,True,1.0,0.0,0.0,33,0,0,22
16,8,"['48267', '48269', '48270', '48273', '48274', '48276', '48278', '48291', '48293', '48300', '48304', '48305', '48308', '48283', '48284', '48303']",PRECISION_WASTE,0.3625,True,1.0,0.0,0.0,43,0,0,12
16,8,"['48267', '48269', '48270', '48273', '48274', '48276', '48278', '48291', '48293', '48300', '48304', '48305', '48308', '48283', '48284', '48303']",BRANCH_MISPREDICTION,0.05,True,1.0,0.0,0.0,15,0,0,40
16,8,"['48267', '48269', '48270', '48273', '48274', '48276', '48278', '48291', '48293', '48300', '48304', '48305', '48308', '48283', '48284', '48303']",CACHE_PRESSURE,0.4625,True,1.0,0.0,0.0,32,0,0,23
16,8,"['48267', '48269', '48270', '48273', '48274', '48276', '48278', '48291', '48293', '48300', '48304', '48305', '48308', '48283', '48284', '48303']",INTRA_NODE_LOAD_IMBALANCE,0.05,True,1.0,0.0,0.0,21,0,0,34
16,9,"['48273', '48274', '48276', '48278', '48289', '48307', '48290', '48293', '48295', '48300', '48304', '48305', '48308', '48283', '48284', '48303']",PIPELINE_STALL,0.2625,True,0.9454545454545454,0.1034482758620689,0.0,26,3,0,26
16,9,"['48273', '48274', '48276', '48278', '48289', '48307', '48290', '48293', '48295', '48300', '48304', '48305', '48308', '48283', '48284', '48303']",COMPUTE_UNDERUTILIZATION,0.4125,True,,0.7818181818181819,,0,43,0,12
16,9,"['48273', '48274', '48276', '48278', '48289', '48307', '48290', '48293', '48295', '48300', '48304', '48305', '48308', '48283', '48284', '48303']",PRECISION_WASTE,0.3333333333333334,True,1.0,,0.0,55,0,0,0
16,9,"['48273', '48274', '48276', '48278', '48289', '48307', '48290', '48293', '48295', '48300', '48304', '48305', '48308', '48283', '48284', '48303']",BRANCH_MISPREDICTION,0.1999999999999999,True,0.9090909090909092,0.0,0.1666666666666666,5,0,1,49
16,9,"['48273', '48274', '48276', '48278', '48289', '48307', '48290', '48293', '48295', '48300', '48304', '48305', '48308', '48283', '48284', '48303']",CACHE_PRESSURE,0.23,True,0.65,0.0,0.5185185185185185,13,0,14,28
16,9,"['48273', '48274', '48276', '48278', '48289', '48307', '48290', '48293', '48295', '48300', '48304', '48305', '48308', '48283', '48284', '48303']",INTRA_NODE_LOAD_IMBALANCE,0.05,True,1.0,0.0,0.0,13,0,0,42
16,10,"['48267', '48270', '48273', '48274', '48278', '48289', '48307', '48290', '48291', '48295', '48300', '48304', '48308', '48283', '48284', '48303']",PIPELINE_STALL,0.14,True,,0.0175438596491228,,0,1,0,56
16,10,"['48267', '48270', '48273', '48274', '48278', '48289', '48307', '48290', '48291', '48295', '48300', '48304', '48308', '48283', '48284', '48303']",COMPUTE_UNDERUTILIZATION,0.5200000000000001,True,0.8421052631578948,0.1463414634146341,0.0,16,6,0,35
16,10,"['48267', '48270', '48273', '48274', '48278', '48289', '48307', '48290', '48291', '48295', '48300', '48304', '48308', '48283', '48284', '48303']",PRECISION_WASTE,0.05,True,0.991150442477876,1.0,0.0,56,1,0,0
16,10,"['48267', '48270', '48273', '48274', '48278', '48289', '48307', '48290', '48291', '48295', '48300', '48304', '48308', '48283', '48284', '48303']",BRANCH_MISPREDICTION,0.05,True,0.9473684210526316,0.0208333333333333,0.0,9,1,0,47
16,10,"['48267', '48270', '48273', '48274', '48278', '48289', '48307', '48290', '48291', '48295', '48300', '48304', '48308', '48283', '48284', '48303']",CACHE_PRESSURE,0.6300000000000001,True,0.6666666666666666,0.3902439024390244,0.0,16,16,0,25
16,10,"['48267', '48270', '48273', '48274', '48278', '48289', '48307', '48290', '48291', '48295', '48300', '48304', '48308', '48283', '48284', '48303']",INTRA_NODE_LOAD_IMBALANCE,0.05,True,1.0,0.0,0.0,30,0,0,27
16,11,"['48267', '48269', '48270', '48273', '48274', '48276', '48278', '48289', '48307', '48291', '48293', '48304', '48305', '48308', '48283', '48284']",PIPELINE_STALL,0.1125,True,0.8571428571428571,0.0,0.25,12,0,4,35
16,11,"['48267', '48269', '48270', '48273', '48274', '48276', '48278', '48289', '48307', '48291', '48293', '48304', '48305', '48308', '48283', '48284']",COMPUTE_UNDERUTILIZATION,0.2750000000000001,True,1.0,0.0,0.0,39,0,0,12
16,11,"['48267', '48269', '48270', '48273', '48274', '48276', '48278', '48289', '48307', '48291', '48293', '48304', '48305', '48308', '48283', '48284']",PRECISION_WASTE,0.175,True,0.8852459016393442,0.2916666666666667,0.0,27,7,0,17
16,11,"['48267', '48269', '48270', '48273', '48274', '48276', '48278', '48289', '48307', '48291', '48293', '48304', '48305', '48308', '48283', '48284']",BRANCH_MISPREDICTION,0.05,True,1.0,0.0,0.0,16,0,0,35
16,11,"['48267', '48269', '48270', '48273', '48274', '48276', '48278', '48289', '48307', '48291', '48293', '48304', '48305', '48308', '48283', '48284']",CACHE_PRESSURE,0.6000000000000001,True,1.0,0.0,0.0,27,0,0,24
16,11,"['48267', '48269', '48270', '48273', '48274', '48276', '48278', '48289', '48307', '48291', '48293', '48304', '48305', '48308', '48283', '48284']",INTRA_NODE_LOAD_IMBALANCE,0.05,True,1.0,0.0,0.0,22,0,0,29
16,12,"['48267', '48269', '48270', '48273', '48274', '48276', '48278', '48289', '48307', '48291', '48293', '48295', '48308', '48283', '48284', '48303']",PIPELINE_STALL,0.14,True,1.0,0.0,0.0,12,0,0,43
16,12,"['48267', '48269', '48270', '48273', '48274', '48276', '48278', '48289', '48307', '48291', '48293', '48295', '48308', '48283', '48284', '48303']",COMPUTE_UNDERUTILIZATION,0.35,True,0.911764705882353,0.25,0.0,31,6,0,18
16,12,"['48267', '48269', '48270', '48273', '48274', '48276', '48278', '48289', '48307', '48291', '48293', '48295', '48308', '48283', '48284', '48303']",PRECISION_WASTE,0.075,True,0.9908256880733944,1.0,0.0,54,1,0,0
16,12,"['48267', '48269', '48270', '48273', '48274', '48276', '48278', '48289', '48307', '48291', '48293', '48295', '48308', '48283', '48284', '48303']",BRANCH_MISPREDICTION,0.05,True,1.0,0.0,0.0,16,0,0,39
16,12,"['48267', '48269', '48270', '48273', '48274', '48276', '48278', '48289', '48307', '48291', '48293', '48295', '48308', '48283', '48284', '48303']",CACHE_PRESSURE,0.4700000000000001,True,0.8484848484848484,0.3703703703703703,0.0,28,10,0,17
16,12,"['48267', '48269', '48270', '48273', '48274', '48276', '48278', '48289', '48307', '48291', '48293', '48295', '48308', '48283', '48284', '48303']",INTRA_NODE_LOAD_IMBALANCE,0.05,True,1.0,0.0,0.0,16,0,0,39
16,13,"['48267', '48269', '48270', '48273', '48274', '48276', '48289', '48307', '48290', '48291', '48293', '48304', '48305', '48308', '48284', '48303']",PIPELINE_STALL,0.37,True,0.9411764705882352,0.0204081632653061,0.0,8,1,0,48
16,13,"['48267', '48269', '48270', '48273', '48274', '48276', '48289', '48307', '48290', '48291', '48293', '48304', '48305', '48308', '48284', '48303']",COMPUTE_UNDERUTILIZATION,0.05,True,0.972972972972973,1.0,0.0,54,3,0,0
16,13,"['48267', '48269', '48270', '48273', '48274', '48276', '48289', '48307', '48290', '48291', '48293', '48304', '48305', '48308', '48284', '48303']",PRECISION_WASTE,0.1,True,0.5882352941176471,0.5,0.0,15,21,0,21
16,13,"['48267', '48269', '48270', '48273', '48274', '48276', '48289', '48307', '48290', '48291', '48293', '48304', '48305', '48308', '48284', '48303']",BRANCH_MISPREDICTION,0.05,True,1.0,0.0,0.0,16,0,0,41
16,13,"['48267', '48269', '48270', '48273', '48274', '48276', '48289', '48307', '48290', '48291', '48293', '48304', '48305', '48308', '48284', '48303']",CACHE_PRESSURE,0.37,True,0.7857142857142858,0.0,0.3529411764705882,11,0,6,40
16,13,"['48267', '48269', '48270', '48273', '48274', '48276', '48289', '48307', '48290', '48291', '48293', '48304', '48305', '48308', '48284', '48303']",INTRA_NODE_LOAD_IMBALANCE,0.05,True,0.9666666666666666,0.0,0.064516129032258,29,0,2,26
16,14,"['48267', '48269', '48270', '48273', '48278', '48289', '48290', '48291', '48293', '48300', '48304', '48305', '48308', '48283', '48284', '48303']",PIPELINE_STALL,0.23,True,0.909090909090909,0.088235294117647,0.0476190476190476,20,3,1,31
16,14,"['48267', '48269', '48270', '48273', '48278', '48289', '48290', '48291', '48293', '48300', '48304', '48305', '48308', '48283', '48284', '48303']",COMPUTE_UNDERUTILIZATION,0.05,True,1.0,,0.0,55,0,0,0
16,14,"['48267', '48269', '48270', '48273', '48278', '48289', '48290', '48291', '48293', '48300', '48304', '48305', '48308', '48283', '48284', '48303']",PRECISION_WASTE,0.7000000000000001,True,0.8378378378378378,0.0,0.2790697674418604,31,0,12,12
16,14,"['48267', '48269', '48270', '48273', '48278', '48289', '48290', '48291', '48293', '48300', '48304', '48305', '48308', '48283', '48284', '48303']",BRANCH_MISPREDICTION,0.05,True,0.979591836734694,0.032258064516129,0.0,24,1,0,30
16,14,"['48267', '48269', '48270', '48273', '48278', '48289', '48290', '48291', '48293', '48300', '48304', '48305', '48308', '48283', '48284', '48303']",CACHE_PRESSURE,0.53,True,1.0,0.0,0.0,11,0,0,44
16,14,"['48267', '48269', '48270', '48273', '48278', '48289', '48290', '48291', '48293', '48300', '48304', '48305', '48308', '48283', '48284', '48303']",INTRA_NODE_LOAD_IMBALANCE,0.05,True,1.0,0.0,0.0,42,0,0,13
16,15,"['48267', '48269', '48270', '48274', '48276', '48278', '48289', '48307', '48290', '48293', '48295', '48300', '48304', '48305', '48308', '48284']",PIPELINE_STALL,0.1125,True,0.9444444444444444,0.0,0.1052631578947368,34,0,4,19
16,15,"['48267', '48269', '48270', '48274', '48276', '48278', '48289', '48307', '48290', '48293', '48295', '48300', '48304', '48305', '48308', '48284']",COMPUTE_UNDERUTILIZATION,0.18,True,0.9876543209876544,0.0588235294117647,0.0,40,1,0,16
16,15,"['48267', '48269', '48270', '48274', '48276', '48278', '48289', '48307', '48290', '48293', '48295', '48300', '48304', '48305', '48308', '48284']",PRECISION_WASTE,0.2833333333333334,True,0.8205128205128205,0.1707317073170731,0.0,16,7,0,34
16,15,"['48267', '48269', '48270', '48274', '48276', '48278', '48289', '48307', '48290', '48293', '48295', '48300', '48304', '48305', '48308', '48284']",BRANCH_MISPREDICTION,0.05,True,1.0,0.0,0.0,14,0,0,43
16,15,"['48267', '48269', '48270', '48274', '48276', '48278', '48289', '48307', '48290', '48293', '48295', '48300', '48304', '48305', '48308', '48284']",CACHE_PRESSURE,0.1,True,0.2962962962962963,0.0,0.8260869565217391,4,0,19,34
16,15,"['48267', '48269', '48270', '48274', '48276', '48278', '48289', '48307', '48290', '48293', '48295', '48300', '48304', '48305', '48308', '48284']",INTRA_NODE_LOAD_IMBALANCE,0.05,True,0.9705882352941176,0.0,0.0571428571428571,33,0,2,22
16,16,"['48269', '48270', '48273', '48274', '48276', '48278', '48307', '48290', '48293', '48300', '48304', '48305', '48308', '48283', '48284', '48303']",PIPELINE_STALL,0.05,True,1.0,0.0,0.0,25,0,0,32
16,16,"['48269', '48270', '48273', '48274', '48276', '48278', '48307', '48290', '48293', '48300', '48304', '48305', '48308', '48283', '48284', '48303']",COMPUTE_UNDERUTILIZATION,0.275,True,1.0,0.0,0.0,18,0,0,39
16,16,"['48269', '48270', '48273', '48274', '48276', '48278', '48307', '48290', '48293', '48300', '48304', '48305', '48308', '48283', '48284', '48303']",PRECISION_WASTE,0.3625,True,1.0,0.0,0.0,45,0,0,12
16,16,"['48269', '48270', '48273', '48274', '48276', '48278', '48307', '48290', '48293', '48300', '48304', '48305', '48308', '48283', '48284', '48303']",BRANCH_MISPREDICTION,0.05,True,,0.0,,0,0,0,57
16,16,"['48269', '48270', '48273', '48274', '48276', '48278', '48307', '48290', '48293', '48300', '48304', '48305', '48308', '48283', '48284', '48303']",CACHE_PRESSURE,0.2125,True,0.8148148148148149,0.1,0.2978723404255319,33,1,14,9
16,16,"['48269', '48270', '48273', '48274', '48276', '48278', '48307', '48290', '48293', '48300', '48304', '48305', '48308', '48283', '48284', '48303']",INTRA_NODE_LOAD_IMBALANCE,0.05,True,1.0,0.0,0.0,6,0,0,51
16,17,"['48267', '48269', '48270', '48273', '48274', '48276', '48278', '48289', '48307', '48291', '48293', '48295', '48300', '48304', '48283', '48284']",PIPELINE_STALL,0.1125,True,0.8571428571428571,0.0,0.25,12,0,4,35
16,17,"['48267', '48269', '48270', '48273', '48274', '48276', '48278', '48289', '48307', '48291', '48293', '48295', '48300', '48304', '48283', '48284']",COMPUTE_UNDERUTILIZATION,0.325,True,0.8571428571428571,0.375,0.0,27,9,0,15
16,17,"['48267', '48269', '48270', '48273', '48274', '48276', '48278', '48289', '48307', '48291', '48293', '48295', '48300', '48304', '48283', '48284']",PRECISION_WASTE,0.35,True,0.9302325581395348,0.5454545454545454,0.0,40,6,0,5
16,17,"['48267', '48269', '48270', '48273', '48274', '48276', '48278', '48289', '48307', '48291', '48293', '48295', '48300', '48304', '48283', '48284']",BRANCH_MISPREDICTION,0.05,True,,0.0,,0,0,0,51
16,17,"['48267', '48269', '48270', '48273', '48274', '48276', '48278', '48289', '48307', '48291', '48293', '48295', '48300', '48304', '48283', '48284']",CACHE_PRESSURE,0.45,True,0.8,0.2727272727272727,0.0,18,9,0,24
16,17,"['48267', '48269', '48270', '48273', '48274', '48276', '48278', '48289', '48307', '48291', '48293', '48295', '48300', '48304', '48283', '48284']",INTRA_NODE_LOAD_IMBALANCE,0.05,True,1.0,0.0,0.0,6,0,0,45
16,18,"['48269', '48273', '48274', '48276', '48278', '48289', '48307', '48290', '48293', '48295', '48300', '48305', '48308', '48283', '48284', '48303']",PIPELINE_STALL,0.09,True,0.9454545454545454,0.0967741935483871,0.0,26,3,0,28
16,18,"['48269', '48273', '48274', '48276', '48278', '48289', '48307', '48290', '48293', '48295', '48300', '48305', '48308', '48283', '48284', '48303']",COMPUTE_UNDERUTILIZATION,0.22,True,0.4166666666666667,1.0,0.0,15,42,0,0
16,18,"['48269', '48273', '48274', '48276', '48278', '48289', '48307', '48290', '48293', '48295', '48300', '48305', '48308', '48283', '48284', '48303']",PRECISION_WASTE,0.2166666666666667,True,1.0,,0.0,57,0,0,0
16,18,"['48269', '48273', '48274', '48276', '48278', '48289', '48307', '48290', '48293', '48295', '48300', '48305', '48308', '48283', '48284', '48303']",BRANCH_MISPREDICTION,0.1625,True,0.9090909090909092,0.0,0.1666666666666666,5,0,1,51
16,18,"['48269', '48273', '48274', '48276', '48278', '48289', '48307', '48290', '48293', '48295', '48300', '48305', '48308', '48283', '48284', '48303']",CACHE_PRESSURE,0.24,True,0.782608695652174,0.0625,0.3414634146341463,27,1,14,15
16,18,"['48269', '48273', '48274', '48276', '48278', '48289', '48307', '48290', '48293', '48295', '48300', '48305', '48308', '48283', '48284', '48303']",INTRA_NODE_LOAD_IMBALANCE,0.05,True,1.0,0.0,0.0,13,0,0,44
16,19,"['48267', '48269', '48270', '48273', '48276', '48278', '48307', '48290', '48293', '48300', '48304', '48305', '48308', '48283', '48284', '48303']",PIPELINE_STALL,0.1,True,0.9863013698630138,0.0,0.027027027027027,36,0,1,19
16,19,"['48267', '48269', '48270', '48273', '48276', '48278', '48307', '48290', '48293', '48300', '48304', '48305', '48308', '48283', '48284', '48303']",COMPUTE_UNDERUTILIZATION,0.3125,True,1.0,0.0,0.0,30,0,0,26
16,19,"['48267', '48269', '48270', '48273', '48276', '48278', '48307', '48290', '48293', '48300', '48304', '48305', '48308', '48283', '48284', '48303']",PRECISION_WASTE,0.5000000000000001,True,0.8421052631578948,0.0,0.2727272727272727,32,0,12,12
16,19,"['48267', '48269', '48270', '48273', '48276', '48278', '48307', '48290', '48293', '48300', '48304', '48305', '48308', '48283', '48284', '48303']",BRANCH_MISPREDICTION,0.05,True,,0.0,,0,0,0,56
16,19,"['48267', '48269', '48270', '48273', '48276', '48278', '48307', '48290', '48293', '48300', '48304', '48305', '48308', '48283', '48284', '48303']",CACHE_PRESSURE,0.15,True,0.7272727272727274,0.0454545454545454,0.4117647058823529,20,1,14,21
16,19,"['48267', '48269', '48270', '48273', '48276', '48278', '48307', '48290', '48293', '48300', '48304', '48305', '48308', '48283', '48284', '48303']",INTRA_NODE_LOAD_IMBALANCE,0.05,True,1.0,0.0,0.0,18,0,0,38
16,20,"['48269', '48270', '48274', '48276', '48278', '48289', '48307', '48290', '48291', '48295', '48300', '48304', '48305', '48308', '48283', '48284']",PIPELINE_STALL,0.09,True,0.972972972972973,0.0277777777777777,0.0,18,1,0,35
16,20,"['48269', '48270', '48274', '48276', '48278', '48289', '48307', '48290', '48291', '48295', '48300', '48304', '48305', '48308', '48283', '48284']",COMPUTE_UNDERUTILIZATION,0.21,True,1.0,0.0,0.0,25,0,0,29
16,20,"['48269', '48270', '48274', '48276', '48278', '48289', '48307', '48290', '48291', '48295', '48300', '48304', '48305', '48308', '48283', '48284']",PRECISION_WASTE,0.05,True,0.835820895522388,0.4230769230769231,0.0,28,11,0,15
16,20,"['48269', '48270', '48274', '48276', '48278', '48289', '48307', '48290', '48291', '48295', '48300', '48304', '48305', '48308', '48283', '48284']",BRANCH_MISPREDICTION,0.05,True,1.0,0.0,0.0,14,0,0,40
16,20,"['48269', '48270', '48274', '48276', '48278', '48289', '48307', '48290', '48291', '48295', '48300', '48304', '48305', '48308', '48283', '48284']",CACHE_PRESSURE,0.3299999999999999,True,1.0,0.0,0.0,31,0,0,23
16,20,"['48269', '48270', '48274', '48276', '48278', '48289', '48307', '48290', '48291', '48295', '48300', '48304', '48305', '48308', '48283', '48284']",INTRA_NODE_LOAD_IMBALANCE,0.05,True,1.0,0.0,0.0,35,0,0,19
16,21,"['48267', '48270', '48273', '48274', '48278', '48289', '48307', '48290', '48291', '48293', '48295', '48300', '48305', '48308', '48284', '48303']",PIPELINE_STALL,0.1,True,1.0,0.0,0.0,4,0,0,56
16,21,"['48267', '48270', '48273', '48274', '48278', '48289', '48307', '48290', '48291', '48293', '48295', '48300', '48305', '48308', '48284', '48303']",COMPUTE_UNDERUTILIZATION,0.16,True,0.989247311827957,0.0714285714285714,0.0,46,1,0,13
16,21,"['48267', '48270', '48273', '48274', '48278', '48289', '48307', '48290', '48291', '48293', '48295', '48300', '48305', '48308', '48284', '48303']",PRECISION_WASTE,0.4000000000000001,True,1.0,0.0,0.0,44,0,0,16
16,21,"['48267', '48270', '48273', '48274', '48278', '48289', '48307', '48290', '48291', '48293', '48295', '48300', '48305', '48308', '48284', '48303']",BRANCH_MISPREDICTION,0.05,True,0.9473684210526316,0.0196078431372549,0.0,9,1,0,50
16,21,"['48267', '48270', '48273', '48274', '48278', '48289', '48307', '48290', '48291', '48293', '48295', '48300', '48305', '48308', '48284', '48303']",CACHE_PRESSURE,0.3125,True,0.8484848484848484,0.0,0.2631578947368421,14,0,5,41
16,21,"['48267', '48270', '48273', '48274', '48278', '48289', '48307', '48290', '48291', '48293', '48295', '48300', '48305', '48308', '48284', '48303']",INTRA_NODE_LOAD_IMBALANCE,0.1625,True,0.9655172413793104,0.0,0.0666666666666666,28,0,2,30
16,22,"['48267', '48269', '48270', '48273', '48278', '48307', '48291', '48293', '48295', '48300', '48304', '48305', '48308', '48283', '48284', '48303']",PIPELINE_STALL,0.18,True,0.9846153846153848,0.0,0.0303030303030303,32,0,1,23
16,22,"['48267', '48269', '48270', '48273', '48278', '48307', '48291', '48293', '48295', '48300', '48304', '48305', '48308', '48283', '48284', '48303']",COMPUTE_UNDERUTILIZATION,0.2875,True,1.0,0.0,0.0,34,0,0,22
16,22,"['48267', '48269', '48270', '48273', '48278', '48307', '48291', '48293', '48295', '48300', '48304', '48305', '48308', '48283', '48284', '48303']",PRECISION_WASTE,0.4000000000000001,True,0.88,,0.2142857142857142,44,0,12,0
16,22,"['48267', '48269', '48270', '48273', '48278', '48307', '48291', '48293', '48295', '48300', '48304', '48305', '48308', '48283', '48284', '48303']",BRANCH_MISPREDICTION,0.05,True,0.9473684210526316,0.0212765957446808,0.0,9,1,0,46
16,22,"['48267', '48269', '48270', '48273', '48278', '48307', '48291', '48293', '48295', '48300', '48304', '48305', '48308', '48283', '48284', '48303']",CACHE_PRESSURE,0.6300000000000001,True,0.975609756097561,0.0,0.0476190476190476,20,0,1,35
16,22,"['48267', '48269', '48270', '48273', '48278', '48307', '48291', '48293', '48295', '48300', '48304', '48305', '48308', '48283', '48284', '48303']",INTRA_NODE_LOAD_IMBALANCE,0.05,True,1.0,0.0,0.0,33,0,0,23
16,23,"['48267', '48270', '48274', '48276', '48278', '48289', '48290', '48291', '48293', '48295', '48300', '48304', '48308', '48283', '48284', '48303']",PIPELINE_STALL,0.22,True,0.9387755102040816,0.0967741935483871,0.0,23,3,0,28
16,23,"['48267', '48270', '48274', '48276', '48278', '48289', '48290', '48291', '48293', '48295', '48300', '48304', '48308', '48283', '48284', '48303']",COMPUTE_UNDERUTILIZATION,0.39,True,0.90625,0.24,0.0,29,6,0,19
16,23,"['48267', '48270', '48274', '48276', '48278', '48289', '48290', '48291', '48293', '48295', '48300', '48304', '48308', '48283', '48284', '48303']",PRECISION_WASTE,0.7500000000000001,True,0.9876543209876544,0.0714285714285714,0.0,40,1,0,13
16,23,"['48267', '48270', '48274', '48276', '48278', '48289', '48290', '48291', '48293', '48295', '48300', '48304', '48308', '48283', '48284', '48303']",BRANCH_MISPREDICTION,0.05,True,1.0,0.0,0.0,29,0,0,25
16,23,"['48267', '48270', '48274', '48276', '48278', '48289', '48290', '48291', '48293', '48295', '48300', '48304', '48308', '48283', '48284', '48303']",CACHE_PRESSURE,0.6200000000000001,True,0.1999999999999999,0.3076923076923077,0.0,2,16,0,36
16,23,"['48267', '48270', '48274', '48276', '48278', '48289', '48290', '48291', '48293', '48295', '48300', '48304', '48308', '48283', '48284', '48303']",INTRA_NODE_LOAD_IMBALANCE,0.05,True,1.0,0.0,0.0,29,0,0,25
16,24,"['48270', '48276', '48278', '48289', '48307', '48290', '48291', '48293', '48295', '48300', '48304', '48305', '48308', '48283', '48284', '48303']",PIPELINE_STALL,0.32,True,0.9803921568627452,0.0,0.0384615384615384,25,0,1,26
16,24,"['48270', '48276', '48278', '48289', '48307', '48290', '48291', '48293', '48295', '48300', '48304', '48305', '48308', '48283', '48284', '48303']",COMPUTE_UNDERUTILIZATION,0.2625,True,1.0,0.0,0.0,26,0,0,26
16,24,"['48270', '48276', '48278', '48289', '48307', '48290', '48291', '48293', '48295', '48300', '48304', '48305', '48308', '48283', '48284', '48303']",PRECISION_WASTE,0.2625,True,0.8125000000000001,0.0,0.3157894736842105,26,0,12,14
16,24,"['48270', '48276', '48278', '48289', '48307', '48290', '48291', '48293', '48295', '48300', '48304', '48305', '48308', '48283', '48284', '48303']",BRANCH_MISPREDICTION,0.05,True,1.0,0.0,0.0,14,0,0,38
16,24,"['48270', '48276', '48278', '48289', '48307', '48290', '48291', '48293', '48295', '48300', '48304', '48305', '48308', '48283', '48284', '48303']",CACHE_PRESSURE,0.7250000000000001,True,1.0,0.0,0.0,13,0,0,39
16,24,"['48270', '48276', '48278', '48289', '48307', '48290', '48291', '48293', '48295', '48300', '48304', '48305', '48308', '48283', '48284', '48303']",INTRA_NODE_LOAD_IMBALANCE,0.05,True,1.0,0.0,0.0,26,0,0,26
16,25,"['48267', '48269', '48270', '48276', '48278', '48289', '48307', '48290', '48291', '48293', '48295', '48300', '48304', '48305', '48283', '48284']",PIPELINE_STALL,0.23,True,0.9090909090909092,0.0,0.1666666666666666,25,0,5,23
16,25,"['48267', '48269', '48270', '48276', '48278', '48289', '48307', '48290', '48291', '48293', '48295', '48300', '48304', '48305', '48283', '48284']",COMPUTE_UNDERUTILIZATION,0.2,True,1.0,,0.0,53,0,0,0
16,25,"['48267', '48269', '48270', '48276', '48278', '48289', '48307', '48290', '48291', '48293', '48295', '48300', '48304', '48305', '48283', '48284']",PRECISION_WASTE,0.0833333333333333,True,,0.0,1.0,0,0,28,25
16,25,"['48267', '48269', '48270', '48276', '48278', '48289', '48307', '48290', '48291', '48293', '48295', '48300', '48304', '48305', '48283', '48284']",BRANCH_MISPREDICTION,0.05,True,1.0,0.0,0.0,14,0,0,39
16,25,"['48267', '48269', '48270', '48276', '48278', '48289', '48307', '48290', '48291', '48293', '48295', '48300', '48304', '48305', '48283', '48284']",CACHE_PRESSURE,0.3,True,1.0,0.0,0.0,4,0,0,49
16,25,"['48267', '48269', '48270', '48276', '48278', '48289', '48307', '48290', '48291', '48293', '48295', '48300', '48304', '48305', '48283', '48284']",INTRA_NODE_LOAD_IMBALANCE,0.05,True,1.0,0.0,0.0,32,0,0,21
16,26,"['48267', '48269', '48270', '48273', '48274', '48276', '48278', '48289', '48307', '48290', '48291', '48293', '48300', '48308', '48284', '48303']",PIPELINE_STALL,0.29,True,1.0,0.0,0.0,4,0,0,51
16,26,"['48267', '48269', '48270', '48273', '48274', '48276', '48278', '48289', '48307', '48290', '48291', '48293', '48300', '48308', '48284', '48303']",COMPUTE_UNDERUTILIZATION,0.05,True,0.8936170212765957,0.7692307692307693,0.0,42,10,0,3
16,26,"['48267', '48269', '48270', '48273', '48274', '48276', '48278', '48289', '48307', '48290', '48291', '48293', '48300', '48308', '48284', '48303']",PRECISION_WASTE,0.4000000000000001,True,1.0,0.0,0.0,27,0,0,28
16,26,"['48267', '48269', '48270', '48273', '48274', '48276', '48278', '48289', '48307', '48290', '48291', '48293', '48300', '48308', '48284', '48303']",BRANCH_MISPREDICTION,0.05,True,,0.0,,0,0,0,55
16,26,"['48267', '48269', '48270', '48273', '48274', '48276', '48278', '48289', '48307', '48290', '48291', '48293', '48300', '48308', '48284', '48303']",CACHE_PRESSURE,0.125,True,0.8307692307692308,0.2608695652173913,0.15625,27,6,5,17
16,26,"['48267', '48269', '48270', '48273', '48274', '48276', '48278', '48289', '48307', '48290', '48291', '48293', '48300', '48308', '48284', '48303']",INTRA_NODE_LOAD_IMBALANCE,0.05,True,0.9285714285714286,0.0,0.1333333333333333,13,0,2,40
16,27,"['48267', '48269', '48270', '48273', '48274', '48289', '48307', '48290', '48291', '48293', '48295', '48305', '48308', '48283', '48284', '48303']",PIPELINE_STALL,0.36,True,0.888888888888889,0.0178571428571428,0.0,4,1,0,55
16,27,"['48267', '48269', '48270', '48273', '48274', '48289', '48307', '48290', '48291', '48293', '48295', '48305', '48308', '48283', '48284', '48303']",COMPUTE_UNDERUTILIZATION,0.17,True,0.983050847457627,1.0,0.0,58,2,0,0
16,27,"['48267', '48269', '48270', '48273', '48274', '48289', '48307', '48290', '48291', '48293', '48295', '48305', '48308', '48283', '48284', '48303']",PRECISION_WASTE,0.05,True,0.989247311827957,0.0714285714285714,0.0,46,1,0,13
16,27,"['48267', '48269', '48270', '48273', '48274', '48289', '48307', '48290', '48291', '48293', '48295', '48305', '48308', '48283', '48284', '48303']",BRANCH_MISPREDICTION,0.05,True,0.9803921568627452,0.0285714285714285,0.0,25,1,0,34
16,27,"['48267', '48269', '48270', '48273', '48274', '48289', '48307', '48290', '48291', '48293', '48295', '48305', '48308', '48283', '48284', '48303']",CACHE_PRESSURE,0.33,True,0.7142857142857143,0.2666666666666666,0.0,15,12,0,33
16,27,"['48267', '48269', '48270', '48273', '48274', '48289', '48307', '48290', '48291', '48293', '48295', '48305', '48308', '48283', '48284', '48303']",INTRA_NODE_LOAD_IMBALANCE,0.05,True,1.0,0.0,0.0,31,0,0,29
16,28,"['48267', '48270', '48273', '48274', '48278', '48289', '48307', '48290', '48293', '48295', '48300', '48304', '48305', '48308', '48284', '48303']",PIPELINE_STALL,0.06,True,1.0,0.0,0.0,20,0,0,41
16,28,"['48267', '48270', '48273', '48274', '48278', '48289', '48307', '48290', '48293', '48295', '48300', '48304', '48305', '48308', '48284', '48303']",COMPUTE_UNDERUTILIZATION,0.2,True,0.984126984126984,0.0333333333333333,0.0,31,1,0,29
16,28,"['48267', '48270', '48273', '48274', '48278', '48289', '48307', '48290', '48293', '48295', '48300', '48304', '48305', '48308', '48284', '48303']",PRECISION_WASTE,0.0666666666666666,True,1.0,0.0,0.0,45,0,0,16
16,28,"['48267', '48270', '48273', '48274', '48278', '48289', '48307', '48290', '48293', '48295', '48300', '48304', '48305', '48308', '48284', '48303']",BRANCH_MISPREDICTION,0.05,True,0.9473684210526316,0.0192307692307692,0.0,9,1,0,51
16,28,"['48267', '48270', '48273', '48274', '48278', '48289', '48307', '48290', '48293', '48295', '48300', '48304', '48305', '48308', '48284', '48303']",CACHE_PRESSURE,0.1,True,,0.0,1.0,0,0,19,42
16,28,"['48267', '48270', '48273', '48274', '48278', '48289', '48307', '48290', '48293', '48295', '48300', '48304', '48305', '48308', '48284', '48303']",INTRA_NODE_LOAD_IMBALANCE,0.05,True,0.9655172413793104,0.0,0.0666666666666666,28,0,2,31
16,29,"['48267', '48269', '48273', '48274', '48278', '48289', '48307', '48290', '48293', '48300', '48304', '48305', '48308', '48283', '48284', '48303']",PIPELINE_STALL,0.2,True,0.962962962962963,0.064516129032258,0.0,26,2,0,29
16,29,"['48267', '48269', '48273', '48274', '48278', '48289', '48307', '48290', '48293', '48300', '48304', '48305', '48308', '48283', '48284', '48303']",COMPUTE_UNDERUTILIZATION,0.19,True,0.7887323943661972,0.5172413793103449,0.0,28,15,0,14
16,29,"['48267', '48269', '48273', '48274', '48278', '48289', '48307', '48290', '48293', '48300', '48304', '48305', '48308', '48283', '48284', '48303']",PRECISION_WASTE,0.225,True,1.0,0.0,0.0,45,0,0,12
16,29,"['48267', '48269', '48273', '48274', '48278', '48289', '48307', '48290', '48293', '48300', '48304', '48305', '48308', '48283', '48284', '48303']",BRANCH_MISPREDICTION,0.05,True,0.2,0.0714285714285714,0.8666666666666667,2,3,13,39
16,29,"['48267', '48269', '48273', '48274', '48278', '48289', '48307', '48290', '48293', '48300', '48304', '48305', '48308', '48283', '48284', '48303']",CACHE_PRESSURE,0.2700000000000001,True,0.6111111111111112,0.0,0.56,11,0,14,32
16,29,"['48267', '48269', '48273', '48274', '48278', '48289', '48307', '48290', '48293', '48300', '48304', '48305', '48308', '48283', '48284', '48303']",INTRA_NODE_LOAD_IMBALANCE,0.05,True,1.0,0.0,0.0,28,0,0,29
16,30,"['48267', '48269', '48270', '48276', '48278', '48289', '48307', '48290', '48291', '48293', '48295', '48300', '48304', '48305', '48308', '48284']",PIPELINE_STALL,0.19,True,0.6923076923076924,0.0,0.4705882352941176,18,0,16,19
16,30,"['48267', '48269', '48270', '48276', '48278', '48289', '48307', '48290', '48291', '48293', '48295', '48300', '48304', '48305', '48308', '48284']",COMPUTE_UNDERUTILIZATION,0.16,True,0.9904761904761904,1.0,0.0,52,1,0,0
16,30,"['48267', '48269', '48270', '48276', '48278', '48289', '48307', '48290', '48291', '48293', '48295', '48300', '48304', '48305', '48308', '48284']",PRECISION_WASTE,0.3166666666666667,True,0.7142857142857143,0.1463414634146341,0.1666666666666666,10,6,2,35
16,30,"['48267', '48269', '48270', '48276', '48278', '48289', '48307', '48290', '48291', '48293', '48295', '48300', '48304', '48305', '48308', '48284']",BRANCH_MISPREDICTION,0.05,True,1.0,0.0,0.0,14,0,0,39
16,30,"['48267', '48269', '48270', '48276', '48278', '48289', '48307', '48290', '48291', '48293', '48295', '48300', '48304', '48305', '48308', '48284']",CACHE_PRESSURE,0.3375,True,0.6153846153846153,0.0,0.5555555555555556,4,0,5,44
16,30,"['48267', '48269', '48270', '48276', '48278', '48289', '48307', '48290', '48291', '48293', '48295', '48300', '48304', '48305', '48308', '48284']",INTRA_NODE_LOAD_IMBALANCE,0.05,True,0.967032967032967,0.0,0.0638297872340425,44,0,3,6
16,31,"['48267', '48269', '48270', '48273', '48274', '48278', '48307', '48291', '48293', '48300', '48304', '48305', '48308', '48283', '48284', '48303']",PIPELINE_STALL,0.23,True,1.0,0.0,0.0,21,0,0,35
16,31,"['48267', '48269', '48270', '48273', '48274', '48278', '48307', '48291', '48293', '48300', '48304', '48305', '48308', '48283', '48284', '48303']",COMPUTE_UNDERUTILIZATION,0.275,True,1.0,0.0,0.0,34,0,0,22
16,31,"['48267', '48269', '48270', '48273', '48274', '48278', '48307', '48291', '48293', '48300', '48304', '48305', '48308', '48283', '48284', '48303']",PRECISION_WASTE,0.4000000000000001,True,1.0,0.0,0.0,44,0,0,12
16,31,"['48267', '48269', '48270', '48273', '48274', '48278', '48307', '48291', '48293', '48300', '48304', '48305', '48308', '48283', '48284', '48303']",BRANCH_MISPREDICTION,0.05,True,0.9473684210526316,0.0212765957446808,0.0,9,1,0,46
16,31,"['48267', '48269', '48270', '48273', '48274', '48278', '48307', '48291', '48293', '48300', '48304', '48305', '48308', '48283', '48284', '48303']",CACHE_PRESSURE,0.6625000000000001,True,1.0,0.0,0.0,32,0,0,24
16,31,"['48267', '48269', '48270', '48273', '48274', '48278', '48307', '48291', '48293', '48300', '48304', '48305', '48308', '48283', '48284', '48303']",INTRA_NODE_LOAD_IMBALANCE,0.05,True,1.0,0.0,0.0,21,0,0,35
16,32,"['48267', '48269', '48270', '48273', '48278', '48289', '48307', '48290', '48291', '48295', '48304', '48305', '48308', '48283', '48284', '48303']",PIPELINE_STALL,0.2,True,,0.0625,1.0,0,3,12,45
16,32,"['48267', '48269', '48270', '48273', '48278', '48289', '48307', '48290', '48291', '48295', '48304', '48305', '48308', '48283', '48284', '48303']",COMPUTE_UNDERUTILIZATION,0.23,True,1.0,0.0,0.0,44,0,0,16
16,32,"['48267', '48269', '48270', '48273', '48278', '48289', '48307', '48290', '48291', '48295', '48304', '48305', '48308', '48283', '48284', '48303']",PRECISION_WASTE,0.05,True,0.983050847457627,1.0,0.0,58,2,0,0
16,32,"['48267', '48269', '48270', '48273', '48278', '48289', '48307', '48290', '48291', '48295', '48304', '48305', '48308', '48283', '48284', '48303']",BRANCH_MISPREDICTION,0.05,True,0.9803921568627452,0.0285714285714285,0.0,25,1,0,34
16,32,"['48267', '48269', '48270', '48273', '48278', '48289', '48307', '48290', '48291', '48295', '48304', '48305', '48308', '48283', '48284', '48303']",CACHE_PRESSURE,0.64,True,1.0,0.0,0.0,14,0,0,46
16,32,"['48267', '48269', '48270', '48273', '48278', '48289', '48307', '48290', '48291', '48295', '48304', '48305', '48308', '48283', '48284', '48303']",INTRA_NODE_LOAD_IMBALANCE,0.05,True,1.0,0.0,0.0,58,0,0,2
16,33,"['48267', '48269', '48273', '48274', '48278', '48289', '48307', '48290', '48291', '48293', '48295', '48300', '48305', '48283', '48284', '48303']",PIPELINE_STALL,0.18,True,0.8695652173913044,0.06,0.0,10,3,0,47
16,33,"['48267', '48269', '48273', '48274', '48278', '48289', '48307', '48290', '48291', '48293', '48295', '48300', '48305', '48283', '48284', '48303']",COMPUTE_UNDERUTILIZATION,0.37,True,0.9690721649484536,0.2307692307692307,0.0,47,3,0,10
16,33,"['48267', '48269', '48273', '48274', '48278', '48289', '48307', '48290', '48291', '48293', '48295', '48300', '48305', '48283', '48284', '48303']",PRECISION_WASTE,0.2299999999999999,True,0.846153846153846,,0.2666666666666666,44,0,16,0
16,33,"['48267', '48269', '48273', '48274', '48278', '48289', '48307', '48290', '48291', '48293', '48295', '48300', '48305', '48283', '48284', '48303']",BRANCH_MISPREDICTION,0.05,True,0.2,0.0666666666666666,0.8666666666666667,2,3,13,42
16,33,"['48267', '48269', '48273', '48274', '48278', '48289', '48307', '48290', '48291', '48293', '48295', '48300', '48305', '48283', '48284', '48303']",CACHE_PRESSURE,0.6,True,1.0,0.0,0.0,14,0,0,46
16,33,"['48267', '48269', '48273', '48274', '48278', '48289', '48307', '48290', '48291', '48293', '48295', '48300', '48305', '48283', '48284', '48303']",INTRA_NODE_LOAD_IMBALANCE,0.05,True,1.0,0.0,0.0,28,0,0,32
16,34,"['48267', '48269', '48270', '48273', '48274', '48276', '48289', '48307', '48291', '48293', '48295', '48300', '48304', '48305', '48308', '48303']",PIPELINE_STALL,0.32,True,0.7450980392156863,0.3428571428571428,0.05,19,12,1,23
16,34,"['48267', '48269', '48270', '48273', '48274', '48276', '48289', '48307', '48291', '48293', '48295', '48300', '48304', '48305', '48308', '48303']",COMPUTE_UNDERUTILIZATION,0.05,True,0.963855421686747,0.2,0.0,40,3,0,12
16,34,"['48267', '48269', '48270', '48273', '48274', '48276', '48289', '48307', '48291', '48293', '48295', '48300', '48304', '48305', '48308', '48303']",PRECISION_WASTE,0.2625,True,1.0,0.0,0.0,12,0,0,43
16,34,"['48267', '48269', '48270', '48273', '48274', '48276', '48289', '48307', '48291', '48293', '48295', '48300', '48304', '48305', '48308', '48303']",BRANCH_MISPREDICTION,0.05,True,1.0,0.0,0.0,14,0,0,41
16,34,"['48267', '48269', '48270', '48273', '48274', '48276', '48289', '48307', '48291', '48293', '48295', '48300', '48304', '48305', '48308', '48303']",CACHE_PRESSURE,0.05,True,0.7586206896551725,0.0,0.3888888888888889,11,0,7,37
16,34,"['48267', '48269', '48270', '48273', '48274', '48276', '48289', '48307', '48291', '48293', '48295', '48300', '48304', '48305', '48308', '48303']",INTRA_NODE_LOAD_IMBALANCE,0.05,True,0.9642857142857144,0.0,0.0689655172413793,27,0,2,26
16,35,"['48267', '48269', '48270', '48273', '48274', '48276', '48289', '48307', '48290', '48291', '48293', '48300', '48304', '48283', '48284', '48303']",PIPELINE_STALL,0.36,True,1.0,0.0,0.0,4,0,0,49
16,35,"['48267', '48269', '48270', '48273', '48274', '48276', '48289', '48307', '48290', '48291', '48293', '48300', '48304', '48283', '48284', '48303']",COMPUTE_UNDERUTILIZATION,0.23,True,0.9069767441860463,0.5714285714285714,0.0,39,8,0,6
16,35,"['48267', '48269', '48270', '48273', '48274', '48276', '48289', '48307', '48290', '48291', '48293', '48300', '48304', '48283', '48284', '48303']",PRECISION_WASTE,0.4,True,0.6,0.0,0.5714285714285714,12,0,16,25
16,35,"['48267', '48269', '48270', '48273', '48274', '48276', '48289', '48307', '48290', '48291', '48293', '48300', '48304', '48283', '48284', '48303']",BRANCH_MISPREDICTION,0.05,True,,0.0,,0,0,0,53
16,35,"['48267', '48269', '48270', '48273', '48274', '48276', '48289', '48307', '48290', '48291', '48293', '48300', '48304', '48283', '48284', '48303']",CACHE_PRESSURE,0.2,True,0.5957446808510638,0.4871794871794871,0.0,14,19,0,20
16,35,"['48267', '48269', '48270', '48273', '48274', '48276', '48289', '48307', '48290', '48291', '48293', '48300', '48304', '48283', '48284', '48303']",INTRA_NODE_LOAD_IMBALANCE,0.05,True,,0.0,,0,0,0,53
16,36,"['48267', '48270', '48273', '48274', '48276', '48278', '48289', '48307', '48290', '48291', '48293', '48304', '48305', '48308', '48284', '48303']",PIPELINE_STALL,0.12,True,1.0,0.0,0.0,4,0,0,53
16,36,"['48267', '48270', '48273', '48274', '48276', '48278', '48289', '48307', '48290', '48291', '48293', '48304', '48305', '48308', '48284', '48303']",COMPUTE_UNDERUTILIZATION,0.1599999999999999,True,0.9885057471264368,0.0714285714285714,0.0,43,1,0,13
16,36,"['48267', '48270', '48273', '48274', '48276', '48278', '48289', '48307', '48290', '48291', '48293', '48304', '48305', '48308', '48284', '48303']",PRECISION_WASTE,0.3500000000000001,True,0.9824561403508772,0.0344827586206896,0.0,28,1,0,28
16,36,"['48267', '48270', '48273', '48274', '48276', '48278', '48289', '48307', '48290', '48291', '48293', '48304', '48305', '48308', '48284', '48303']",BRANCH_MISPREDICTION,0.05,True,1.0,0.0,0.0,16,0,0,41
16,36,"['48267', '48270', '48273', '48274', '48276', '48278', '48289', '48307', '48290', '48291', '48293', '48304', '48305', '48308', '48284', '48303']",CACHE_PRESSURE,0.36,True,0.8148148148148148,0.0,0.3125,11,0,5,41
16,36,"['48267', '48270', '48273', '48274', '48276', '48278', '48289', '48307', '48290', '48291', '48293', '48304', '48305', '48308', '48284', '48303']",INTRA_NODE_LOAD_IMBALANCE,0.05,True,0.9666666666666666,0.0,0.064516129032258,29,0,2,26
16,37,"['48267', '48269', '48270', '48273', '48274', '48276', '48289', '48307', '48290', '48291', '48300', '48304', '48305', '48308', '48283', '48284']",PIPELINE_STALL,0.15,True,0.6153846153846154,0.0227272727272727,0.5,4,1,4,43
16,37,"['48267', '48269', '48270', '48273', '48274', '48276', '48289', '48307', '48290', '48291', '48300', '48304', '48305', '48308', '48283', '48284']",COMPUTE_UNDERUTILIZATION,0.22,True,0.9714285714285714,0.1111111111111111,0.0,34,2,0,16
16,37,"['48267', '48269', '48270', '48273', '48274', '48276', '48289', '48307', '48290', '48291', '48300', '48304', '48305', '48308', '48283', '48284']",PRECISION_WASTE,0.2833333333333334,True,0.5357142857142857,0.7027027027027027,0.0,15,26,0,11
16,37,"['48267', '48269', '48270', '48273', '48274', '48276', '48289', '48307', '48290', '48291', '48300', '48304', '48305', '48308', '48283', '48284']",BRANCH_MISPREDICTION,0.05,True,,0.0,,0,0,0,52
16,37,"['48267', '48269', '48270', '48273', '48274', '48276', '48289', '48307', '48290', '48291', '48300', '48304', '48305', '48308', '48283', '48284']",CACHE_PRESSURE,0.3,True,0.8333333333333333,0.5454545454545454,0.0,30,12,0,10
16,37,"['48267', '48269', '48270', '48273', '48274', '48276', '48289', '48307', '48290', '48291', '48300', '48304', '48305', '48308', '48283', '48284']",INTRA_NODE_LOAD_IMBALANCE,0.05,True,1.0,0.0,0.0,21,0,0,31
16,38,"['48267', '48269', '48274', '48276', '48278', '48289', '48307', '48290', '48291', '48293', '48295', '48300', '48304', '48305', '48308', '48283']",PIPELINE_STALL,0.0699999999999999,True,0.7868852459016394,0.375,0.1428571428571428,24,9,4,15
16,38,"['48267', '48269', '48274', '48276', '48278', '48289', '48307', '48290', '48291', '48293', '48295', '48300', '48304', '48305', '48308', '48283']",COMPUTE_UNDERUTILIZATION,0.21,True,0.8571428571428571,1.0,0.0,39,13,0,0
16,38,"['48267', '48269', '48274', '48276', '48278', '48289', '48307', '48290', '48291', '48293', '48295', '48300', '48304', '48305', '48308', '48283']",PRECISION_WASTE,0.5166666666666667,True,0.4126984126984127,0.9487179487179488,0.0,13,37,0,2
16,38,"['48267', '48269', '48274', '48276', '48278', '48289', '48307', '48290', '48291', '48293', '48295', '48300', '48304', '48305', '48308', '48283']",BRANCH_MISPREDICTION,0.275,True,0.9850746268656716,0.0,0.0294117647058823,33,0,1,18
16,38,"['48267', '48269', '48274', '48276', '48278', '48289', '48307', '48290', '48291', '48293', '48295', '48300', '48304', '48305', '48308', '48283']",CACHE_PRESSURE,0.6125,True,1.0,0.0,0.0,4,0,0,48
16,38,"['48267', '48269', '48274', '48276', '48278', '48289', '48307', '48290', '48291', '48293', '48295', '48300', '48304', '48305', '48308', '48283']",INTRA_NODE_LOAD_IMBALANCE,0.05,True,1.0,0.0,0.0,47,0,0,5
16,39,"['48267', '48269', '48273', '48274', '48278', '48307', '48290', '48291', '48293', '48300', '48304', '48305', '48308', '48283', '48284', '48303']",PIPELINE_STALL,0.23,True,0.9268292682926828,0.0789473684210526,0.0,19,3,0,35
16,39,"['48267', '48269', '48273', '48274', '48278', '48307', '48290', '48291', '48293', '48300', '48304', '48305', '48308', '48283', '48284', '48303']",COMPUTE_UNDERUTILIZATION,0.1875,True,0.9577464788732396,0.1304347826086956,0.0,34,3,0,20
16,39,"['48267', '48269', '48273', '48274', '48278', '48307', '48290', '48291', '48293', '48300', '48304', '48305', '48308', '48283', '48284', '48303']",PRECISION_WASTE,0.2875,True,1.0,0.0,0.0,45,0,0,12
16,39,"['48267', '48269', '48273', '48274', '48278', '48307', '48290', '48291', '48293', '48300', '48304', '48305', '48308', '48283', '48284', '48303']",BRANCH_MISPREDICTION,0.05,True,0.2,0.0714285714285714,0.8666666666666667,2,3,13,39
16,39,"['48267', '48269', '48273', '48274', '48278', '48307', '48290', '48291', '48293', '48300', '48304', '48305', '48308', '48283', '48284', '48303']",CACHE_PRESSURE,0.4,True,0.975609756097561,0.027027027027027,0.0,20,1,0,36
16,39,"['48267', '48269', '48273', '48274', '48278', '48307', '48290', '48291', '48293', '48300', '48304', '48305', '48308', '48283', '48284', '48303']",INTRA_NODE_LOAD_IMBALANCE,0.05,True,1.0,0.0,0.0,34,0,0,23
16,40,"['48267', '48269', '48270', '48274', '48276', '48289', '48290', '48291', '48293', '48295', '48300', '48305', '48308', '48283', '48284', '48303']",PIPELINE_STALL,0.0625,True,0.9473684210526316,0.1,0.0,27,3,0,27
16,40,"['48267', '48269', '48270', '48274', '48276', '48289', '48290', '48291', '48293', '48295', '48300', '48305', '48308', '48283', '48284', '48303']",COMPUTE_UNDERUTILIZATION,0.3333333333333334,True,0.9821428571428572,1.0,0.0,55,2,0,0
16,40,"['48267', '48269', '48270', '48274', '48276', '48289', '48290', '48291', '48293', '48295', '48300', '48305', '48308', '48283', '48284', '48303']",PRECISION_WASTE,0.35,True,1.0,0.0,0.0,30,0,0,27
16,40,"['48267', '48269', '48270', '48274', '48276', '48289', '48290', '48291', '48293', '48295', '48300', '48305', '48308', '48283', '48284', '48303']",BRANCH_MISPREDICTION,0.05,True,1.0,0.0,0.0,29,0,0,28
16,40,"['48267', '48269', '48270', '48274', '48276', '48289', '48290', '48291', '48293', '48295', '48300', '48305', '48308', '48283', '48284', '48303']",CACHE_PRESSURE,0.23,True,0.6976744186046512,0.3095238095238095,0.0,15,13,0,29
16,40,"['48267', '48269', '48270', '48274', '48276', '48289', '48290', '48291', '48293', '48295', '48300', '48305', '48308', '48283', '48284', '48303']",INTRA_NODE_LOAD_IMBALANCE,0.05,True,1.0,0.0,0.0,29,0,0,28
16,41,"['48267', '48269', '48270', '48273', '48274', '48276', '48278', '48289', '48290', '48291', '48293', '48295', '48304', '48305', '48284', '48303']",PIPELINE_STALL,0.22,True,0.8666666666666666,0.08,0.0,13,4,0,46
16,41,"['48267', '48269', '48270', '48273', '48274', '48276', '48278', '48289', '48290', '48291', '48293', '48295', '48304', '48305', '48284', '48303']",COMPUTE_UNDERUTILIZATION,0.29,True,0.992,1.0,0.0,62,1,0,0
16,41,"['48267', '48269', '48270', '48273', '48274', '48276', '48278', '48289', '48290', '48291', '48293', '48295', '48304', '48305', '48284', '48303']",PRECISION_WASTE,0.075,True,0.810126582278481,0.0588235294117647,0.3043478260869565,32,1,14,16
16,41,"['48267', '48269', '48270', '48273', '48274', '48276', '48278', '48289', '48290', '48291', '48293', '48295', '48304', '48305', '48284', '48303']",BRANCH_MISPREDICTION,0.05,True,1.0,0.0,0.0,31,0,0,32
16,41,"['48267', '48269', '48270', '48273', '48274', '48276', '48278', '48289', '48290', '48291', '48293', '48295', '48304', '48305', '48284', '48303']",CACHE_PRESSURE,0.32,True,,0.0,1.0,0,0,5,58
16,41,"['48267', '48269', '48270', '48273', '48274', '48276', '48278', '48289', '48290', '48291', '48293', '48295', '48304', '48305', '48284', '48303']",INTRA_NODE_LOAD_IMBALANCE,0.05,True,0.9777777777777776,0.0,0.0434782608695652,44,0,2,17
16,42,"['48267', '48273', '48274', '48276', '48278', '48289', '48307', '48290', '48291', '48293', '48300', '48304', '48305', '48308', '48284', '48303']",PIPELINE_STALL,0.0699999999999999,True,0.9032258064516128,0.075,0.0,14,3,0,37
16,42,"['48267', '48273', '48274', '48276', '48278', '48289', '48307', '48290', '48291', '48293', '48300', '48304', '48305', '48308', '48284', '48303']",COMPUTE_UNDERUTILIZATION,0.25,True,0.7941176470588235,0.5185185185185185,0.0,27,14,0,13
16,42,"['48267', '48273', '48274', '48276', '48278', '48289', '48307', '48290', '48291', '48293', '48300', '48304', '48305', '48308', '48284', '48303']",PRECISION_WASTE,0.5500000000000002,True,1.0,0.0,0.0,26,0,0,28
16,42,"['48267', '48273', '48274', '48276', '48278', '48289', '48307', '48290', '48291', '48293', '48300', '48304', '48305', '48308', '48284', '48303']",BRANCH_MISPREDICTION,0.1625,True,0.9090909090909092,0.0,0.1666666666666666,5,0,1,48
16,42,"['48267', '48273', '48274', '48276', '48278', '48289', '48307', '48290', '48291', '48293', '48300', '48304', '48305', '48308', '48284', '48303']",CACHE_PRESSURE,0.19,True,0.8148148148148148,0.0,0.3125,11,0,5,38
16,42,"['48267', '48273', '48274', '48276', '48278', '48289', '48307', '48290', '48291', '48293', '48300', '48304', '48305', '48308', '48284', '48303']",INTRA_NODE_LOAD_IMBALANCE,0.05,True,0.962962962962963,0.0,0.0714285714285714,26,0,2,26
16,43,"['48269', '48270', '48273', '48276', '48278', '48289', '48290', '48291', '48293', '48295', '48304', '48305', '48308', '48283', '48284', '48303']",PIPELINE_STALL,0.17,True,0.909090909090909,0.0857142857142857,0.0476190476190476,20,3,1,32
16,43,"['48269', '48270', '48273', '48276', '48278', '48289', '48290', '48291', '48293', '48295', '48304', '48305', '48308', '48283', '48284', '48303']",COMPUTE_UNDERUTILIZATION,0.25,True,1.0,0.0,0.0,43,0,0,13
16,43,"['48269', '48270', '48273', '48276', '48278', '48289', '48290', '48291', '48293', '48295', '48304', '48305', '48308', '48283', '48284', '48303']",PRECISION_WASTE,0.05,True,0.9724770642201834,1.0,0.0363636363636363,53,1,2,0
16,43,"['48269', '48270', '48273', '48276', '48278', '48289', '48290', '48291', '48293', '48295', '48304', '48305', '48308', '48283', '48284', '48303']",BRANCH_MISPREDICTION,0.05,True,1.0,0.0,0.0,31,0,0,25
16,43,"['48269', '48270', '48273', '48276', '48278', '48289', '48290', '48291', '48293', '48295', '48304', '48305', '48308', '48283', '48284', '48303']",CACHE_PRESSURE,0.55,True,1.0,0.0,0.0,13,0,0,43
16,43,"['48269', '48270', '48273', '48276', '48278', '48289', '48290', '48291', '48293', '48295', '48304', '48305', '48308', '48283', '48284', '48303']",INTRA_NODE_LOAD_IMBALANCE,0.05,True,1.0,0.0,0.0,43,0,0,13
16,44,"['48267', '48269', '48270', '48273', '48274', '48278', '48289', '48307', '48290', '48291', '48293', '48295', '48304', '48305', '48308', '48284']",PIPELINE_STALL,0.22,True,1.0,0.0,0.0,8,0,0,51
16,44,"['48267', '48269', '48270', '48273', '48274', '48278', '48289', '48307', '48290', '48291', '48293', '48295', '48304', '48305', '48308', '48284']",COMPUTE_UNDERUTILIZATION,0.18,True,0.9914529914529916,1.0,0.0,58,1,0,0
16,44,"['48267', '48269', '48270', '48273', '48274', '48278', '48289', '48307', '48290', '48291', '48293', '48295', '48304', '48305', '48308', '48284']",PRECISION_WASTE,0.3166666666666667,True,0.898550724637681,0.25,0.0,31,7,0,21
16,44,"['48267', '48269', '48270', '48273', '48274', '48278', '48289', '48307', '48290', '48291', '48293', '48295', '48304', '48305', '48308', '48284']",BRANCH_MISPREDICTION,0.05,True,0.9803921568627452,0.0294117647058823,0.0,25,1,0,33
16,44,"['48267', '48269', '48270', '48273', '48274', '48278', '48289', '48307', '48290', '48291', '48293', '48295', '48304', '48305', '48308', '48284']",CACHE_PRESSURE,0.34,True,0.6153846153846153,0.0,0.5555555555555556,4,0,5,50
16,44,"['48267', '48269', '48270', '48273', '48274', '48278', '48289', '48307', '48290', '48291', '48293', '48295', '48304', '48305', '48308', '48284']",INTRA_NODE_LOAD_IMBALANCE,0.05,True,0.9803921568627452,0.0,0.0384615384615384,50,0,2,7
16,45,"['48267', '48270', '48273', '48274', '48276', '48278', '48289', '48307', '48290', '48291', '48293', '48300', '48304', '48305', '48284', '48303']",PIPELINE_STALL,0.22,True,1.0,0.0,0.0,4,0,0,53
16,45,"['48267', '48270', '48273', '48274', '48276', '48278', '48289', '48307', '48290', '48291', '48293', '48300', '48304', '48305', '48284', '48303']",COMPUTE_UNDERUTILIZATION,0.2625,True,0.9885057471264368,0.0714285714285714,0.0,43,1,0,13
16,45,"['48267', '48270', '48273', '48274', '48276', '48278', '48289', '48307', '48290', '48291', '48293', '48300', '48304', '48305', '48284', '48303']",PRECISION_WASTE,0.4,True,0.6190476190476191,0.0,0.5517241379310345,13,0,16,28
16,45,"['48267', '48270', '48273', '48274', '48276', '48278', '48289', '48307', '48290', '48291', '48293', '48300', '48304', '48305', '48284', '48303']",BRANCH_MISPREDICTION,0.05,True,,0.0,,0,0,0,57
16,45,"['48267', '48270', '48273', '48274', '48276', '48278', '48289', '48307', '48290', '48291', '48293', '48300', '48304', '48305', '48284', '48303']",CACHE_PRESSURE,0.15,True,0.8148148148148148,0.0,0.3125,11,0,5,41
16,45,"['48267', '48270', '48273', '48274', '48276', '48278', '48289', '48307', '48290', '48291', '48293', '48300', '48304', '48305', '48284', '48303']",INTRA_NODE_LOAD_IMBALANCE,0.05,True,0.9285714285714286,0.0,0.1333333333333333,13,0,2,42
16,46,"['48267', '48269', '48270', '48273', '48274', '48276', '48278', '48307', '48291', '48295', '48300', '48304', '48305', '48308', '48284', '48303']",PIPELINE_STALL,0.15,True,1.0,0.0,0.0,25,0,0,35
16,46,"['48267', '48269', '48270', '48273', '48274', '48276', '48278', '48307', '48291', '48295', '48300', '48304', '48305', '48308', '48284', '48303']",COMPUTE_UNDERUTILIZATION,0.25,True,0.9767441860465116,0.0256410256410256,0.0,21,1,0,38
16,46,"['48267', '48269', '48270', '48273', '48274', '48276', '48278', '48307', '48291', '48295', '48300', '48304', '48305', '48308', '48284', '48303']",PRECISION_WASTE,0.0625,True,0.9885057471264368,0.0588235294117647,0.0,43,1,0,16
16,46,"['48267', '48269', '48270', '48273', '48274', '48276', '48278', '48307', '48291', '48295', '48300', '48304', '48305', '48308', '48284', '48303']",BRANCH_MISPREDICTION,0.05,True,,0.0,,0,0,0,60
16,46,"['48267', '48269', '48270', '48273', '48274', '48276', '48278', '48307', '48291', '48295', '48300', '48304', '48305', '48308', '48284', '48303']",CACHE_PRESSURE,0.28,True,0.9090909090909092,0.1,0.125,35,2,5,18
16,46,"['48267', '48269', '48270', '48273', '48274', '48276', '48278', '48307', '48291', '48295', '48300', '48304', '48305', '48308', '48284', '48303']",INTRA_NODE_LOAD_IMBALANCE,0.05,True,0.9714285714285714,0.0,0.0555555555555555,34,0,2,24
16,47,"['48269', '48270', '48274', '48276', '48289', '48307', '48290', '48291', '48295', '48300', '48304', '48305', '48308', '48283', '48284', '48303']",PIPELINE_STALL,0.0999999999999999,True,0.6792452830188679,0.4473684210526316,0.0,18,17,0,21
16,47,"['48269', '48270', '48274', '48276', '48289', '48307', '48290', '48291', '48295', '48300', '48304', '48305', '48308', '48283', '48284', '48303']",COMPUTE_UNDERUTILIZATION,0.05,True,0.9615384615384616,0.064516129032258,0.0,25,2,0,29
16,47,"['48269', '48270', '48274', '48276', '48289', '48307', '48290', '48291', '48295', '48300', '48304', '48305', '48308', '48283', '48284', '48303']",PRECISION_WASTE,0.3666666666666667,True,0.9824561403508772,0.0357142857142857,0.0,28,1,0,27
16,47,"['48269', '48270', '48274', '48276', '48289', '48307', '48290', '48291', '48295', '48300', '48304', '48305', '48308', '48283', '48284', '48303']",BRANCH_MISPREDICTION,0.05,True,1.0,0.0,0.0,14,0,0,42
16,47,"['48269', '48270', '48274', '48276', '48289', '48307', '48290', '48291', '48295', '48300', '48304', '48305', '48308', '48283', '48284', '48303']",CACHE_PRESSURE,0.6200000000000001,True,0.835820895522388,0.3928571428571428,0.0,28,11,0,17
16,47,"['48269', '48270', '48274', '48276', '48289', '48307', '48290', '48291', '48295', '48300', '48304', '48305', '48308', '48283', '48284', '48303']",INTRA_NODE_LOAD_IMBALANCE,0.05,True,1.0,0.0,0.0,29,0,0,27
16,48,"['48267', '48269', '48273', '48274', '48276', '48278', '48289', '48307', '48290', '48291', '48293', '48295', '48304', '48305', '48308', '48284']",PIPELINE_STALL,0.14,True,0.7999999999999999,0.0789473684210526,0.2222222222222222,14,3,4,35
16,48,"['48267', '48269', '48273', '48274', '48276', '48278', '48289', '48307', '48290', '48291', '48293', '48295', '48304', '48305', '48308', '48284']",COMPUTE_UNDERUTILIZATION,0.4625000000000001,True,0.8571428571428571,1.0,0.0,42,14,0,0
16,48,"['48267', '48269', '48273', '48274', '48276', '48278', '48289', '48307', '48290', '48291', '48293', '48295', '48304', '48305', '48308', '48284']",PRECISION_WASTE,0.3166666666666667,True,0.8750000000000001,0.2857142857142857,0.0,28,8,0,20
16,48,"['48267', '48269', '48273', '48274', '48276', '48278', '48289', '48307', '48290', '48291', '48293', '48295', '48304', '48305', '48308', '48284']",BRANCH_MISPREDICTION,0.05,True,0.9767441860465116,0.0,0.0454545454545454,21,0,1,34
16,48,"['48267', '48269', '48273', '48274', '48276', '48278', '48289', '48307', '48290', '48291', '48293', '48295', '48304', '48305', '48308', '48284']",CACHE_PRESSURE,0.16,True,0.6153846153846153,0.0,0.5555555555555556,4,0,5,47
16,48,"['48267', '48269', '48273', '48274', '48276', '48278', '48289', '48307', '48290', '48291', '48293', '48295', '48304', '48305', '48308', '48284']",INTRA_NODE_LOAD_IMBALANCE,0.05,True,0.979591836734694,0.0,0.04,48,0,2,6
16,49,"['48267', '48269', '48274', '48276', '48278', '48289', '48307', '48290', '48291', '48293', '48300', '48304', '48305', '48308', '48283', '48303']",PIPELINE_STALL,0.22,True,0.8421052631578948,0.3103448275862069,0.0,24,9,0,20
16,49,"['48267', '48269', '48274', '48276', '48278', '48289', '48307', '48290', '48291', '48293', '48300', '48304', '48305', '48308', '48283', '48303']",COMPUTE_UNDERUTILIZATION,0.24,True,0.8602150537634409,1.0,0.0,40,13,0,0
16,49,"['48267', '48269', '48274', '48276', '48278', '48289', '48307', '48290', '48291', '48293', '48300', '48304', '48305', '48308', '48283', '48303']",PRECISION_WASTE,0.5250000000000001,True,0.4905660377358491,0.675,0.0,13,27,0,13
16,49,"['48267', '48269', '48274', '48276', '48278', '48289', '48307', '48290', '48291', '48293', '48300', '48304', '48305', '48308', '48283', '48303']",BRANCH_MISPREDICTION,0.2,True,0.9850746268656716,0.0,0.0294117647058823,33,0,1,19
16,49,"['48267', '48269', '48274', '48276', '48278', '48289', '48307', '48290', '48291', '48293', '48300', '48304', '48305', '48308', '48283', '48303']",CACHE_PRESSURE,0.24,True,1.0,0.0,0.0,11,0,0,42
16,49,"['48267', '48269', '48274', '48276', '48278', '48289', '48307', '48290', '48291', '48293', '48300', '48304', '48305', '48308', '48283', '48303']",INTRA_NODE_LOAD_IMBALANCE,0.05,True,1.0,0.0,0.0,41,0,0,12
