n_train_apps,combo_idx,train_apps,bottleneck_type,threshold_used,cv_enabled,f1,false_alarm_rate,miss_rate,tp,fp,fn,tn
2,0,"['48295', '48304']",PRECISION_WASTE,0.5,False,0.75,0.5142857142857142,0.2826086956521739,132,36,52,34
2,0,"['48295', '48304']",CACHE_PRESSURE,0.5,False,0.4576802507836991,0.9555555555555556,0.0135135135135135,73,172,1,8
2,1,"['48269', '48293']",PRECISION_WASTE,0.5,False,0.8056872037914692,1.0,0.0058479532163742,170,81,1,0
2,1,"['48269', '48293']",CACHE_PRESSURE,0.5,False,0.3739837398373983,0.0898203592814371,0.7294117647058823,23,15,62,152
2,1,"['48269', '48293']",INTRA_NODE_LOAD_IMBALANCE,0.5,False,,0.0952380952380952,1.0,0,12,126,114
2,2,"['48267', '48289']",PIPELINE_STALL,0.5,False,0.247787610619469,0.0838323353293413,0.8352941176470589,14,14,71,153
2,2,"['48267', '48289']",COMPUTE_UNDERUTILIZATION,0.5,False,0.7862068965517242,0.1058823529411764,0.3173652694610778,114,9,53,76
2,2,"['48267', '48289']",CACHE_PRESSURE,0.5,False,0.7461139896373057,0.2514285714285714,0.0649350649350649,72,44,5,131
2,2,"['48267', '48289']",INTRA_NODE_LOAD_IMBALANCE,0.5,False,0.8294573643410853,0.1367521367521367,0.2074074074074074,107,16,28,101
2,3,"['48274', '48276']",PIPELINE_STALL,0.5,False,0.0530973451327433,0.1637426900584795,0.9634146341463414,3,28,79,143
2,3,"['48274', '48276']",BRANCH_MISPREDICTION,0.5,False,0.907563025210084,0.0,0.1692307692307692,54,0,11,188
2,3,"['48274', '48276']",INTRA_NODE_LOAD_IMBALANCE,0.5,False,0.6212534059945504,1.0,0.0,114,139,0,0
2,4,"['48273', '48295']",PIPELINE_STALL,0.5,False,0.4403669724770642,0.5142857142857142,0.4,48,90,32,85
2,4,"['48273', '48295']",BRANCH_MISPREDICTION,0.5,False,0.6060606060606061,0.4,0.0,60,78,0,117
2,4,"['48273', '48295']",CACHE_PRESSURE,0.5,False,0.8074534161490683,0.0479041916167664,0.2613636363636363,65,8,23,159
2,4,"['48273', '48295']",INTRA_NODE_LOAD_IMBALANCE,0.5,False,0.7547169811320755,0.296875,0.2125984251968504,100,38,27,90
2,5,"['48273', '48289']",PIPELINE_STALL,0.5,False,0.4896551724137931,0.8222222222222222,0.0,71,148,0,32
2,5,"['48273', '48289']",COMPUTE_UNDERUTILIZATION,0.5,False,0.8085106382978724,0.1530612244897959,0.2549019607843137,114,15,39,83
2,5,"['48273', '48289']",PRECISION_WASTE,0.5,False,0.7885117493472584,0.7205882352941176,0.174863387978142,151,49,32,19
2,5,"['48273', '48289']",BRANCH_MISPREDICTION,0.5,False,0.8288288288288289,0.0261780104712041,0.2333333333333333,46,5,14,186
2,5,"['48273', '48289']",CACHE_PRESSURE,0.5,False,0.484375,0.0434782608695652,0.6555555555555556,31,7,59,154
2,5,"['48273', '48289']",INTRA_NODE_LOAD_IMBALANCE,0.5,False,0.84,0.1846153846153846,0.1322314049586777,105,24,16,106
2,6,"['48269', '48284']",COMPUTE_UNDERUTILIZATION,0.5,False,0.676923076923077,0.1368421052631579,0.4465408805031446,88,13,71,82
2,6,"['48269', '48284']",PRECISION_WASTE,0.5,False,0.6430678466076697,0.6470588235294118,0.4139784946236559,109,44,77,24
2,6,"['48269', '48284']",BRANCH_MISPREDICTION,0.5,False,0.7453416149068323,0.211340206185567,0.0,60,41,0,153
2,6,"['48269', '48284']",INTRA_NODE_LOAD_IMBALANCE,0.5,False,0.8771929824561404,0.0078740157480314,0.2125984251968504,100,1,27,126
2,7,"['48269', '48290']",PIPELINE_STALL,0.5,False,0.4342105263157895,0.2126436781609195,0.5975609756097561,33,37,49,137
2,7,"['48269', '48290']",CACHE_PRESSURE,0.5,False,0.6751592356687899,0.1005917159763313,0.3908045977011494,53,17,34,152
2,8,"['48300', '48284']",PRECISION_WASTE,0.5,False,0.0631578947368421,0.0,0.967391304347826,6,0,178,67
2,9,"['48290', '48304']",PIPELINE_STALL,0.5,False,0.2068965517241379,0.127906976744186,0.8536585365853658,12,22,70,150
2,9,"['48290', '48304']",COMPUTE_UNDERUTILIZATION,0.5,False,0.8179419525065962,0.6875,0.0189873417721519,155,66,3,30
2,9,"['48290', '48304']",CACHE_PRESSURE,0.5,False,0.4464831804281345,1.0,0.0,73,181,0,0
2,10,"['48269', '48276']",COMPUTE_UNDERUTILIZATION,0.5,False,0.6770428015564202,0.1368421052631579,0.445859872611465,87,13,70,82
2,10,"['48269', '48276']",BRANCH_MISPREDICTION,0.5,False,0.8793103448275863,0.0,0.2153846153846154,51,0,14,187
2,10,"['48269', '48276']",INTRA_NODE_LOAD_IMBALANCE,0.5,False,0.7884615384615385,0.0,0.3492063492063492,82,0,44,126
2,11,"['48291', '48283']",PIPELINE_STALL,0.5,False,0.5196078431372549,0.44,0.2837837837837837,53,77,21,98
2,11,"['48291', '48283']",COMPUTE_UNDERUTILIZATION,0.5,False,0.7096774193548387,0.0219780219780219,0.4430379746835443,88,2,70,89
2,11,"['48291', '48283']",PRECISION_WASTE,0.5,False,0.7042253521126761,0.0151515151515151,0.453551912568306,100,1,83,65
2,11,"['48291', '48283']",CACHE_PRESSURE,0.5,False,0.8333333333333333,0.1893491124260355,0.0,80,32,0,137
2,11,"['48291', '48283']",INTRA_NODE_LOAD_IMBALANCE,0.5,False,0.0759493670886076,0.2113821138211382,0.9523809523809524,6,26,120,97
2,12,"['48278', '48308']",PIPELINE_STALL,0.5,False,0.0219780219780219,0.0,0.9888888888888888,1,0,89,162
2,12,"['48278', '48308']",COMPUTE_UNDERUTILIZATION,0.5,False,0.7336683417085427,1.0,0.0,146,106,0,0
2,12,"['48278', '48308']",PRECISION_WASTE,0.5,False,0.8905852417302799,0.5072463768115942,0.0437158469945355,175,35,8,34
2,12,"['48278', '48308']",CACHE_PRESSURE,0.5,False,,0.0,1.0,0,0,98,154
2,13,"['48267', '48290']",PIPELINE_STALL,0.5,False,0.3846153846153846,0.3735632183908046,0.573170731707317,35,65,47,109
2,14,"['48267', '48307']",PIPELINE_STALL,0.5,False,0.1318681318681318,0.0,0.9294117647058824,6,0,79,168
2,14,"['48267', '48307']",COMPUTE_UNDERUTILIZATION,0.5,False,0.725925925925926,0.1473684210526315,0.379746835443038,98,14,60,81
2,14,"['48267', '48307']",BRANCH_MISPREDICTION,0.5,False,0.6900584795321637,0.2731958762886597,0.0,59,53,0,141
2,14,"['48267', '48307']",CACHE_PRESSURE,0.5,False,0.7456140350877194,0.3413173652694611,0.0116279069767441,85,57,1,110
2,14,"['48267', '48307']",INTRA_NODE_LOAD_IMBALANCE,0.5,False,0.8907563025210083,0.0472440944881889,0.1587301587301587,106,6,20,121
2,15,"['48269', '48278']",PIPELINE_STALL,0.5,False,,0.006060606060606,1.0,0,1,90,164
2,15,"['48269', '48278']",COMPUTE_UNDERUTILIZATION,0.5,False,0.4423076923076923,0.0,0.7160493827160493,46,0,116,93
2,15,"['48269', '48278']",PRECISION_WASTE,0.5,False,0.8627450980392158,0.6666666666666666,0.053763440860215,176,46,10,23
2,15,"['48269', '48278']",CACHE_PRESSURE,0.5,False,,0.0,1.0,0,0,98,157
2,16,"['48273', '48276']",PIPELINE_STALL,0.5,False,0.1221374045801526,0.2514619883040935,0.9,8,43,72,128
2,16,"['48273', '48276']",PRECISION_WASTE,0.5,False,0.9479166666666669,0.2794117647058823,0.0054644808743169,182,19,1,49
2,16,"['48273', '48276']",BRANCH_MISPREDICTION,0.5,False,0.8947368421052632,0.06,0.0,51,12,0,188
2,16,"['48273', '48276']",INTRA_NODE_LOAD_IMBALANCE,0.5,False,0.6170798898071626,1.0,0.0,112,139,0,0
2,17,"['48273', '48290']",COMPUTE_UNDERUTILIZATION,0.5,False,0.6896551724137931,0.125,0.4339622641509434,90,12,69,84
2,17,"['48273', '48290']",PRECISION_WASTE,0.5,False,0.7683284457478006,0.3382352941176471,0.2994652406417112,131,23,56,45
2,17,"['48273', '48290']",BRANCH_MISPREDICTION,0.5,False,0.7037037037037037,0.2307692307692307,0.05,57,45,3,150
2,17,"['48273', '48290']",CACHE_PRESSURE,0.5,False,0.6721991701244813,0.4345238095238095,0.0689655172413793,81,73,6,95
2,17,"['48273', '48290']",INTRA_NODE_LOAD_IMBALANCE,0.5,False,0.7423580786026202,0.1328125,0.3307086614173228,85,17,42,111
2,18,"['48307', '48304']",PIPELINE_STALL,0.5,False,0.2653061224489796,0.0,0.8470588235294118,13,0,72,166
2,18,"['48307', '48304']",BRANCH_MISPREDICTION,0.5,False,0.592964824120603,0.421875,0.0,59,81,0,111
2,18,"['48307', '48304']",CACHE_PRESSURE,0.5,False,0.7171717171717171,0.253012048192771,0.1647058823529411,71,42,14,124
2,18,"['48307', '48304']",INTRA_NODE_LOAD_IMBALANCE,0.5,False,0.8345864661654137,0.232,0.119047619047619,111,29,15,96
2,19,"['48293', '48295']",COMPUTE_UNDERUTILIZATION,0.5,False,0.3298969072164948,0.0108695652173913,0.8012422360248447,32,1,129,91
2,19,"['48293', '48295']",PRECISION_WASTE,0.5,False,0.4137931034482758,0.0,0.7391304347826086,48,0,136,69
2,19,"['48293', '48295']",CACHE_PRESSURE,0.5,False,0.6534653465346535,0.3463687150837989,0.1081081081081081,66,62,8,117
2,19,"['48293', '48295']",INTRA_NODE_LOAD_IMBALANCE,0.5,False,0.0410958904109589,0.1338582677165354,0.9761904761904762,3,17,123,110
2,20,"['48283', '48284']",PIPELINE_STALL,0.5,False,0.0434782608695652,0.0,0.9777777777777776,2,0,88,161
2,20,"['48283', '48284']",COMPUTE_UNDERUTILIZATION,0.5,False,0.7351351351351352,0.8411214953271028,0.0555555555555555,136,90,8,17
2,20,"['48283', '48284']",BRANCH_MISPREDICTION,0.5,False,0.7407407407407407,0.2198952879581152,0.0,60,42,0,149
2,20,"['48283', '48284']",CACHE_PRESSURE,0.5,False,0.8355555555555555,0.2356687898089172,0.0,94,37,0,120
2,20,"['48283', '48284']",INTRA_NODE_LOAD_IMBALANCE,0.5,False,0.6170798898071626,1.0,0.0,112,139,0,0
2,21,"['48290', '48284']",PIPELINE_STALL,0.5,False,0.3534482758620689,0.630057803468208,0.5,41,109,41,64
2,21,"['48290', '48284']",COMPUTE_UNDERUTILIZATION,0.5,False,0.6842105263157894,0.1666666666666666,0.4276729559748428,91,16,68,80
2,21,"['48290', '48284']",PRECISION_WASTE,0.5,False,0.7537091988130564,0.3382352941176471,0.320855614973262,127,23,60,45
2,21,"['48290', '48284']",BRANCH_MISPREDICTION,0.5,False,0.7185628742514969,0.241025641025641,0.0,60,47,0,148
2,21,"['48290', '48284']",CACHE_PRESSURE,0.5,False,0.6835443037974683,0.4107142857142857,0.0689655172413793,81,69,6,99
2,21,"['48290', '48284']",INTRA_NODE_LOAD_IMBALANCE,0.5,False,0.7692307692307693,0.1328125,0.2913385826771653,90,17,37,111
2,22,"['48270', '48308']",PIPELINE_STALL,0.5,False,0.576271186440678,0.0,0.5952380952380952,34,0,50,168
2,22,"['48270', '48308']",COMPUTE_UNDERUTILIZATION,0.5,False,0.4776119402985074,0.4947368421052631,0.5923566878980892,64,47,93,48
2,22,"['48270', '48308']",BRANCH_MISPREDICTION,0.5,False,0.8103448275862069,0.0054347826086956,0.3088235294117647,47,1,21,183
2,22,"['48270', '48308']",INTRA_NODE_LOAD_IMBALANCE,0.5,False,0.6788321167883211,0.4274193548387097,0.2734375,93,53,35,71
2,23,"['48295', '48283']",PIPELINE_STALL,0.5,False,0.0434782608695652,0.0,0.9777777777777776,2,0,88,163
2,23,"['48295', '48283']",COMPUTE_UNDERUTILIZATION,0.5,False,0.731829573934837,1.0,0.0,146,107,0,0
2,23,"['48295', '48283']",CACHE_PRESSURE,0.5,False,0.8097560975609756,0.2294117647058823,0.0,83,39,0,131
2,23,"['48295', '48283']",INTRA_NODE_LOAD_IMBALANCE,0.5,False,0.8424908424908424,0.2519685039370078,0.0873015873015873,115,32,11,95
2,24,"['48305', '48308']",COMPUTE_UNDERUTILIZATION,0.5,False,0.6422764227642277,0.1041666666666666,0.4968152866242038,79,10,78,86
2,24,"['48305', '48308']",CACHE_PRESSURE,0.5,False,0.68,0.0128205128205128,0.4742268041237113,51,2,46,154
2,25,"['48278', '48305']",PIPELINE_STALL,0.5,False,,0.0,1.0,0,0,90,166
2,25,"['48278', '48305']",COMPUTE_UNDERUTILIZATION,0.5,False,0.7091633466135459,0.0,0.4506172839506173,89,0,73,94
2,25,"['48278', '48305']",PRECISION_WASTE,0.5,False,0.941798941798942,0.1884057971014492,0.0481283422459893,178,13,9,56
2,25,"['48278', '48305']",CACHE_PRESSURE,0.5,False,0.697986577181208,0.00625,0.4583333333333333,52,1,44,159
2,26,"['48273', '48278']",PIPELINE_STALL,0.5,False,0.4620938628158845,0.7696629213483146,0.1578947368421052,64,137,12,41
2,26,"['48273', '48278']",COMPUTE_UNDERUTILIZATION,0.5,False,0.7916666666666666,0.2452830188679245,0.2297297297297297,114,26,34,80
2,26,"['48273', '48278']",BRANCH_MISPREDICTION,0.5,False,0.6896551724137931,0.2783505154639175,0.0,60,54,0,140
2,26,"['48273', '48278']",CACHE_PRESSURE,0.5,False,,0.0,1.0,0,0,98,156
2,26,"['48273', '48278']",INTRA_NODE_LOAD_IMBALANCE,0.5,False,0.8049792531120331,0.1338582677165354,0.2362204724409448,97,17,30,110
2,27,"['48289', '48291']",PIPELINE_STALL,0.5,False,0.2298850574712643,0.4722222222222222,0.7101449275362319,20,85,49,95
2,27,"['48289', '48291']",COMPUTE_UNDERUTILIZATION,0.5,False,0.7163120567375887,0.1707317073170731,0.3952095808383233,101,14,66,68
2,27,"['48289', '48291']",CACHE_PRESSURE,0.5,False,0.7555555555555555,0.2080924855491329,0.1052631578947368,68,36,8,137
2,27,"['48289', '48291']",INTRA_NODE_LOAD_IMBALANCE,0.5,False,0.912,0.0087719298245614,0.1555555555555555,114,1,21,113
2,28,"['48291', '48308']",PIPELINE_STALL,0.5,False,0.3502824858757062,0.3976608187134502,0.6025641025641025,31,68,47,103
2,28,"['48291', '48308']",COMPUTE_UNDERUTILIZATION,0.5,False,0.8903225806451612,0.1630434782608695,0.1210191082802547,138,15,19,77
2,28,"['48291', '48308']",CACHE_PRESSURE,0.5,False,0.7234042553191489,0.0304878048780487,0.4,51,5,34,159
2,29,"['48274', '48278']",PIPELINE_STALL,0.5,False,0.4583333333333333,0.8089887640449438,0.1538461538461538,66,144,12,34
2,29,"['48274', '48278']",COMPUTE_UNDERUTILIZATION,0.5,False,0.7389162561576355,1.0,0.0,150,106,0,0
2,29,"['48274', '48278']",PRECISION_WASTE,0.5,False,0.5490196078431372,0.5072463768115942,0.5508021390374331,84,35,103,34
2,29,"['48274', '48278']",CACHE_PRESSURE,0.5,False,,0.0,1.0,0,0,98,158
2,29,"['48274', '48278']",INTRA_NODE_LOAD_IMBALANCE,0.5,False,0.7983870967741935,0.1574803149606299,0.2325581395348837,99,20,30,107
2,30,"['48267', '48270']",PIPELINE_STALL,0.5,False,0.3511450381679389,0.1403508771929824,0.7261904761904762,23,24,61,147
2,30,"['48267', '48270']",BRANCH_MISPREDICTION,0.5,False,0.8499999999999999,0.0053475935828877,0.25,51,1,17,186
2,30,"['48267', '48270']",CACHE_PRESSURE,0.5,False,0.7722772277227723,0.2248520710059171,0.0930232558139534,78,38,8,131
2,30,"['48267', '48270']",INTRA_NODE_LOAD_IMBALANCE,0.5,False,0.8327137546468402,0.2283464566929134,0.125,112,29,16,98
2,31,"['48270', '48278']",PIPELINE_STALL,0.5,False,0.3781094527363184,0.4742857142857143,0.525,38,83,42,92
2,31,"['48270', '48278']",COMPUTE_UNDERUTILIZATION,0.5,False,0.3212435233160621,0.0,0.808641975308642,31,0,131,93
2,31,"['48270', '48278']",PRECISION_WASTE,0.5,False,0.7386363636363636,0.5217391304347826,0.3010752688172043,130,36,56,33
2,31,"['48270', '48278']",BRANCH_MISPREDICTION,0.5,False,0.6923076923076924,0.0,0.4705882352941176,36,0,32,187
2,31,"['48270', '48278']",CACHE_PRESSURE,0.5,False,,0.0,1.0,0,0,98,157
2,31,"['48270', '48278']",INTRA_NODE_LOAD_IMBALANCE,0.5,False,0.761904761904762,0.4251968503937008,0.125,112,54,16,73
2,32,"['48304', '48283']",PIPELINE_STALL,0.5,False,0.0434782608695652,0.0,0.9777777777777776,2,0,88,160
2,32,"['48304', '48283']",COMPUTE_UNDERUTILIZATION,0.5,False,0.727735368956743,1.0,0.0,143,107,0,0
2,32,"['48304', '48283']",PRECISION_WASTE,0.5,False,0.7012987012987013,0.2424242424242424,0.4130434782608695,108,16,76,50
2,32,"['48304', '48283']",CACHE_PRESSURE,0.5,False,0.7729468599033816,0.2764705882352941,0.0,80,47,0,123
2,32,"['48304', '48283']",INTRA_NODE_LOAD_IMBALANCE,0.5,False,0.7843137254901961,0.2338709677419354,0.2063492063492063,100,29,26,95
2,33,"['48276', '48307']",PIPELINE_STALL,0.5,False,0.4615384615384615,0.4545454545454545,0.4352941176470588,48,75,37,90
2,33,"['48276', '48307']",BRANCH_MISPREDICTION,0.5,False,1.0,0.0,0.0,50,0,0,200
2,33,"['48276', '48307']",INTRA_NODE_LOAD_IMBALANCE,0.5,False,0.6149584487534626,1.0,0.0,111,139,0,0
2,34,"['48293', '48284']",COMPUTE_UNDERUTILIZATION,0.5,False,0.7536231884057971,0.1413043478260869,0.3459119496855345,104,13,55,79
2,34,"['48293', '48284']",PRECISION_WASTE,0.5,False,0.6181818181818182,0.0895522388059701,0.5380434782608695,85,6,99,61
2,34,"['48293', '48284']",BRANCH_MISPREDICTION,0.5,False,0.6779661016949152,0.2984293193717277,0.0,60,57,0,134
2,34,"['48293', '48284']",CACHE_PRESSURE,0.5,False,0.6242038216560509,0.1385542168674698,0.4235294117647059,49,23,36,143
2,34,"['48293', '48284']",INTRA_NODE_LOAD_IMBALANCE,0.5,False,0.6170798898071626,1.0,0.0,112,139,0,0
2,35,"['48270', '48276']",PIPELINE_STALL,0.5,False,0.4662576687116564,0.244047619047619,0.5476190476190477,38,41,46,127
2,35,"['48270', '48276']",COMPUTE_UNDERUTILIZATION,0.5,False,0.8692579505300352,0.031578947368421,0.2165605095541401,123,3,34,92
2,35,"['48270', '48276']",BRANCH_MISPREDICTION,0.5,False,0.9464285714285716,0.0,0.1016949152542373,53,0,6,193
2,35,"['48270', '48276']",INTRA_NODE_LOAD_IMBALANCE,0.5,False,0.6191780821917808,1.0,0.0,113,139,0,0
2,36,"['48305', '48283']",PIPELINE_STALL,0.5,False,0.0434782608695652,0.0,0.9777777777777776,2,0,88,163
2,36,"['48305', '48283']",COMPUTE_UNDERUTILIZATION,0.5,False,0.7272727272727273,0.1789473684210526,0.3670886075949367,100,17,58,78
2,36,"['48305', '48283']",PRECISION_WASTE,0.5,False,0.6498194945848376,0.0,0.5187165775401069,90,0,97,66
2,36,"['48305', '48283']",CACHE_PRESSURE,0.5,False,0.7058823529411765,0.0434782608695652,0.4130434782608695,54,7,38,154
2,36,"['48305', '48283']",INTRA_NODE_LOAD_IMBALANCE,0.5,False,0.8284518828451883,0.1102362204724409,0.2142857142857142,99,14,27,113
2,37,"['48276', '48289']",PIPELINE_STALL,0.5,False,0.4057971014492753,0.1524390243902439,0.6705882352941176,28,25,57,139
2,37,"['48276', '48289']",COMPUTE_UNDERUTILIZATION,0.5,False,0.8222996515679443,0.1836734693877551,0.2185430463576159,118,18,33,80
2,37,"['48276', '48289']",BRANCH_MISPREDICTION,0.5,False,0.8181818181818181,0.0,0.3076923076923077,45,0,20,184
2,37,"['48276', '48289']",CACHE_PRESSURE,0.5,False,0.6293706293706294,0.050314465408805,0.5,45,8,45,151
2,37,"['48276', '48289']",INTRA_NODE_LOAD_IMBALANCE,0.5,False,0.8207171314741035,0.2170542635658914,0.1416666666666666,103,28,17,101
2,38,"['48305', '48284']",COMPUTE_UNDERUTILIZATION,0.5,False,0.6793893129770991,0.1458333333333333,0.440251572327044,89,14,70,82
2,38,"['48305', '48284']",PRECISION_WASTE,0.5,False,0.7448680351906158,0.3970588235294117,0.320855614973262,127,27,60,41
2,38,"['48305', '48284']",BRANCH_MISPREDICTION,0.5,False,0.7361963190184049,0.2205128205128205,0.0,60,43,0,152
2,38,"['48305', '48284']",CACHE_PRESSURE,0.5,False,0.7066666666666667,0.0,0.4536082474226804,53,0,44,158
2,38,"['48305', '48284']",INTRA_NODE_LOAD_IMBALANCE,0.5,False,0.8260869565217391,0.0625,0.2519685039370078,95,8,32,120
2,39,"['48300', '48303']",PIPELINE_STALL,0.5,False,0.2857142857142857,0.2926829268292683,0.7444444444444445,23,48,67,116
2,39,"['48300', '48303']",PRECISION_WASTE,0.5,False,0.0108108108108108,0.0,0.9945652173913044,1,0,183,70
2,39,"['48300', '48303']",BRANCH_MISPREDICTION,0.5,False,0.4626865671641791,0.2295918367346938,0.4655172413793103,31,45,27,151
2,39,"['48300', '48303']",CACHE_PRESSURE,0.5,False,0.8313253012048194,0.0125786163522012,0.2736842105263158,69,2,26,157
2,39,"['48300', '48303']",INTRA_NODE_LOAD_IMBALANCE,0.5,False,0.7857142857142857,0.2518518518518518,0.1680672268907563,99,34,20,101
2,40,"['48276', '48284']",PRECISION_WASTE,0.5,False,0.8351063829787233,0.5294117647058824,0.1420765027322404,157,36,26,32
2,40,"['48276', '48284']",BRANCH_MISPREDICTION,0.5,False,0.8571428571428571,0.085,0.0,51,17,0,183
2,40,"['48276', '48284']",INTRA_NODE_LOAD_IMBALANCE,0.5,False,0.6170798898071626,1.0,0.0,112,139,0,0
2,41,"['48269', '48289']",PIPELINE_STALL,0.5,False,0.2456140350877192,0.0898203592814371,0.8352941176470589,14,15,71,152
2,41,"['48269', '48289']",COMPUTE_UNDERUTILIZATION,0.5,False,0.7919463087248322,0.1529411764705882,0.2934131736526946,118,13,49,72
2,41,"['48269', '48289']",CACHE_PRESSURE,0.5,False,0.4873949579831933,0.0,0.6777777777777778,29,0,61,162
2,41,"['48269', '48289']",INTRA_NODE_LOAD_IMBALANCE,0.5,False,0.8646616541353385,0.1367521367521367,0.1481481481481481,115,16,20,101
2,42,"['48276', '48295']",PRECISION_WASTE,0.5,False,0.8491879350348028,0.9285714285714286,0.0,183,65,0,5
2,42,"['48276', '48295']",BRANCH_MISPREDICTION,0.5,False,0.9256198347107438,0.0,0.1384615384615384,56,0,9,188
2,42,"['48276', '48295']",CACHE_PRESSURE,0.5,False,0.8383233532934132,0.0545454545454545,0.2045454545454545,70,9,18,156
2,42,"['48276', '48295']",INTRA_NODE_LOAD_IMBALANCE,0.5,False,0.7452229299363058,0.5590551181102362,0.0714285714285714,117,71,9,56
2,43,"['48276', '48290']",PIPELINE_STALL,0.5,False,0.2788461538461538,0.5672514619883041,0.6463414634146342,29,97,53,74
2,43,"['48276', '48290']",COMPUTE_UNDERUTILIZATION,0.5,False,0.7816901408450705,0.1666666666666666,0.2929936305732484,111,16,46,80
2,43,"['48276', '48290']",BRANCH_MISPREDICTION,0.5,False,0.8596491228070176,0.0,0.2461538461538461,49,0,16,188
2,43,"['48276', '48290']",CACHE_PRESSURE,0.5,False,0.7605633802816901,0.2710843373493976,0.0689655172413793,81,45,6,121
2,43,"['48276', '48290']",INTRA_NODE_LOAD_IMBALANCE,0.5,False,0.8733624454148472,0.0236220472440944,0.2063492063492063,100,3,26,124
2,44,"['48273', '48283']",PIPELINE_STALL,0.5,False,0.4571428571428571,0.9542857142857144,0.0526315789473684,72,167,4,8
2,44,"['48273', '48283']",COMPUTE_UNDERUTILIZATION,0.5,False,0.7613636363636364,0.6915887850467289,0.0694444444444444,134,74,10,33
2,44,"['48273', '48283']",BRANCH_MISPREDICTION,0.5,False,0.7643312101910829,0.193717277486911,0.0,60,37,0,154
2,44,"['48273', '48283']",CACHE_PRESSURE,0.5,False,0.8392857142857142,0.2292993630573248,0.0,94,36,0,121
2,44,"['48273', '48283']",INTRA_NODE_LOAD_IMBALANCE,0.5,False,0.6170798898071626,1.0,0.0,112,139,0,0
2,45,"['48267', '48295']",COMPUTE_UNDERUTILIZATION,0.5,False,0.7896678966789669,0.031578947368421,0.3354037267080745,107,3,54,92
2,45,"['48267', '48295']",PRECISION_WASTE,0.5,False,0.8597014925373134,0.0714285714285714,0.2258064516129032,144,5,42,65
2,45,"['48267', '48295']",CACHE_PRESSURE,0.5,False,0.4531722054380664,1.0,0.0,75,181,0,0
2,46,"['48289', '48300']",PIPELINE_STALL,0.5,False,0.2439024390243902,0.1402439024390244,0.8235294117647058,15,23,70,141
2,46,"['48289', '48300']",COMPUTE_UNDERUTILIZATION,0.5,False,0.8391608391608391,0.1530612244897959,0.2052980132450331,120,15,31,83
2,46,"['48289', '48300']",PRECISION_WASTE,0.5,False,0.7961165048543689,0.9876543209876544,0.0238095238095238,164,80,4,1
2,46,"['48289', '48300']",BRANCH_MISPREDICTION,0.5,False,0.8750000000000001,0.0732984293193717,0.0344827586206896,56,14,2,177
2,46,"['48289', '48300']",CACHE_PRESSURE,0.5,False,0.484375,0.0440251572327044,0.6555555555555556,31,7,59,152
2,46,"['48289', '48300']",INTRA_NODE_LOAD_IMBALANCE,0.5,False,0.8188976377952756,0.2384615384615384,0.1260504201680672,104,31,15,99
2,47,"['48290', '48295']",PIPELINE_STALL,0.5,False,0.4311377245508982,0.28,0.5609756097560976,36,49,46,126
2,47,"['48290', '48295']",COMPUTE_UNDERUTILIZATION,0.5,False,0.942942942942943,0.15625,0.0248447204968944,157,15,4,81
2,47,"['48290', '48295']",PRECISION_WASTE,0.5,False,0.5808823529411765,0.0857142857142857,0.5775401069518716,79,6,108,64
2,47,"['48290', '48295']",CACHE_PRESSURE,0.5,False,0.4564564564564564,1.0,0.0,76,181,0,0
2,48,"['48269', '48304']",COMPUTE_UNDERUTILIZATION,0.5,False,0.1269841269841269,0.2,0.9240506329113924,12,19,146,76
2,48,"['48269', '48304']",CACHE_PRESSURE,0.5,False,0.7741935483870968,0.0595238095238095,0.2941176470588235,60,10,25,158
2,49,"['48276', '48283']",PIPELINE_STALL,0.5,False,0.0219780219780219,0.0,0.9888888888888888,1,0,89,159
2,49,"['48276', '48283']",COMPUTE_UNDERUTILIZATION,0.5,False,0.763076923076923,0.5514018691588785,0.1267605633802817,124,59,18,48
2,49,"['48276', '48283']",PRECISION_WASTE,0.5,False,0.5418060200668896,0.5303030303030303,0.5573770491803278,81,35,102,31
2,49,"['48276', '48283']",BRANCH_MISPREDICTION,0.5,False,0.7735849056603773,0.0,0.3692307692307692,41,0,24,184
2,49,"['48276', '48283']",CACHE_PRESSURE,0.5,False,0.8355555555555555,0.2387096774193548,0.0,94,37,0,118
2,49,"['48276', '48283']",INTRA_NODE_LOAD_IMBALANCE,0.5,False,0.6145251396648044,0.9927536231884058,0.009009009009009,110,137,1,1
4,0,"['48267', '48278', '48291', '48284']",PIPELINE_STALL,0.2,True,0.453125,0.1655629139072847,0.6081081081081081,29,25,45,126
4,0,"['48267', '48278', '48291', '48284']",COMPUTE_UNDERUTILIZATION,0.05,True,0.8596491228070176,0.6103896103896104,0.0067567567567567,147,47,1,30
4,0,"['48267', '48278', '48291', '48284']",PRECISION_WASTE,0.5,True,0.7653429602888088,0.0181818181818181,0.3764705882352941,106,1,64,54
4,0,"['48267', '48278', '48291', '48284']",BRANCH_MISPREDICTION,0.5,True,0.8571428571428571,0.1212121212121212,0.0,60,20,0,145
4,0,"['48267', '48278', '48291', '48284']",CACHE_PRESSURE,0.45,True,0.7027027027027027,0.3181818181818182,0.0845070422535211,65,49,6,105
4,0,"['48267', '48278', '48291', '48284']",INTRA_NODE_LOAD_IMBALANCE,0.5,True,0.7632850241545894,0.010204081632653,0.3779527559055118,79,1,48,97
4,1,"['48290', '48291', '48293', '48303']",PIPELINE_STALL,0.8,True,0.2535211267605634,0.0,0.8548387096774194,9,0,53,164
4,1,"['48290', '48291', '48293', '48303']",COMPUTE_UNDERUTILIZATION,0.5,True,0.9538461538461538,0.125,0.0432098765432098,155,8,7,56
4,1,"['48290', '48291', '48293', '48303']",PRECISION_WASTE,0.05,True,0.8432432432432433,0.8285714285714286,0.0,156,58,0,12
4,1,"['48290', '48291', '48293', '48303']",CACHE_PRESSURE,0.4833333333333334,True,0.6950354609929079,0.2163742690058479,0.109090909090909,49,37,6,134
4,1,"['48290', '48291', '48293', '48303']",INTRA_NODE_LOAD_IMBALANCE,0.125,True,0.7142857142857143,0.9056603773584906,0.0,120,96,0,10
4,2,"['48270', '48293', '48305', '48284']",PIPELINE_STALL,0.5,True,0.2680412371134021,0.0,0.8452380952380952,13,0,71,142
4,2,"['48270', '48293', '48305', '48284']",COMPUTE_UNDERUTILIZATION,0.5,True,0.3737373737373737,0.0298507462686567,0.7672955974842768,37,2,122,65
4,2,"['48270', '48293', '48305', '48284']",PRECISION_WASTE,0.05,True,0.8259740259740259,1.0,0.0,159,67,0,0
4,2,"['48270', '48293', '48305', '48284']",BRANCH_MISPREDICTION,0.05,True,0.5625,0.4883720930232558,0.0,54,84,0,88
4,2,"['48270', '48293', '48305', '48284']",CACHE_PRESSURE,0.375,True,0.8571428571428571,0.0069930069930069,0.2409638554216867,63,1,20,142
4,2,"['48270', '48293', '48305', '48284']",INTRA_NODE_LOAD_IMBALANCE,0.05,True,0.6092307692307692,1.0,0.0,99,127,0,0
4,3,"['48273', '48293', '48305', '48303']",PIPELINE_STALL,0.05,True,0.6058091286307055,0.6052631578947368,0.0394736842105263,73,92,3,60
4,3,"['48273', '48293', '48305', '48303']",COMPUTE_UNDERUTILIZATION,0.5,True,0.8721311475409836,0.3,0.1013513513513513,133,24,15,56
4,3,"['48273', '48293', '48305', '48303']",PRECISION_WASTE,0.05,True,0.8958333333333334,0.7142857142857143,0.0,172,40,0,16
4,3,"['48273', '48293', '48305', '48303']",BRANCH_MISPREDICTION,0.5,True,0.7676767676767675,0.0059523809523809,0.3666666666666666,38,1,22,167
4,3,"['48273', '48293', '48305', '48303']",CACHE_PRESSURE,0.3833333333333333,True,0.855072463768116,0.0,0.2531645569620253,59,0,20,149
4,3,"['48273', '48293', '48305', '48303']",INTRA_NODE_LOAD_IMBALANCE,0.3,True,0.7851851851851851,0.4754098360655737,0.0,106,58,0,64
4,4,"['48293', '48295', '48304', '48303']",PIPELINE_STALL,0.5,True,0.3636363636363636,0.0,0.7777777777777778,20,0,70,137
4,4,"['48293', '48295', '48304', '48303']",COMPUTE_UNDERUTILIZATION,0.5,True,0.7458563535911602,1.0,0.0,135,92,0,0
4,4,"['48293', '48295', '48304', '48303']",PRECISION_WASTE,0.05,True,0.9184782608695652,0.5172413793103449,0.0,169,30,0,28
4,4,"['48293', '48295', '48304', '48303']",CACHE_PRESSURE,0.225,True,0.6410256410256411,0.2923976608187134,0.1071428571428571,50,50,6,121
4,4,"['48293', '48295', '48304', '48303']",INTRA_NODE_LOAD_IMBALANCE,0.05,True,0.6916426512968299,1.0,0.0,120,107,0,0
4,5,"['48269', '48307', '48291', '48293']",PIPELINE_STALL,0.05,True,0.5111111111111112,0.868421052631579,0.0,69,132,0,20
4,5,"['48269', '48307', '48291', '48293']",COMPUTE_UNDERUTILIZATION,0.5,True,0.5925925925925926,0.2063492063492063,0.5443037974683544,72,13,86,50
4,5,"['48269', '48307', '48291', '48293']",PRECISION_WASTE,0.5,True,0.775623268698061,1.0,0.0,140,81,0,0
4,5,"['48269', '48307', '48291', '48293']",BRANCH_MISPREDICTION,0.5,True,0.8194444444444444,0.1604938271604938,0.0,59,26,0,136
4,5,"['48269', '48307', '48291', '48293']",CACHE_PRESSURE,0.325,True,0.9130434782608696,0.0266666666666666,0.1126760563380281,63,4,8,146
4,5,"['48269', '48307', '48291', '48293']",INTRA_NODE_LOAD_IMBALANCE,0.05,True,0.7184466019417475,0.7909090909090909,0.0,111,87,0,23
4,6,"['48267', '48276', '48293', '48295']",COMPUTE_UNDERUTILIZATION,0.5,True,0.8896321070234113,0.2658227848101265,0.0827586206896551,133,21,12,58
4,6,"['48267', '48276', '48293', '48295']",PRECISION_WASTE,0.6500000000000001,True,0.6576271186440679,0.6231884057971014,0.3741935483870968,97,43,58,26
4,6,"['48267', '48276', '48293', '48295']",BRANCH_MISPREDICTION,0.5,True,0.8181818181818181,0.0,0.3076923076923077,45,0,20,159
4,6,"['48267', '48276', '48293', '48295']",CACHE_PRESSURE,0.45,True,0.7913669064748202,0.1411042944785276,0.0983606557377049,55,23,6,140
4,6,"['48267', '48276', '48293', '48295']",INTRA_NODE_LOAD_IMBALANCE,0.05,True,0.6646706586826348,0.991150442477876,0.0,111,112,0,1
4,7,"['48267', '48273', '48293', '48304']",PIPELINE_STALL,0.5,True,0.2451612903225806,0.3916083916083916,0.7625,19,56,61,87
4,7,"['48267', '48273', '48293', '48304']",COMPUTE_UNDERUTILIZATION,0.5,True,0.8507936507936509,0.4683544303797468,0.0694444444444444,134,37,10,42
4,7,"['48267', '48273', '48293', '48304']",PRECISION_WASTE,0.7500000000000001,True,0.6071428571428571,0.0,0.5641025641025641,68,0,88,67
4,7,"['48267', '48273', '48293', '48304']",BRANCH_MISPREDICTION,0.5,True,0.888888888888889,0.0920245398773006,0.0,60,15,0,148
4,7,"['48267', '48273', '48293', '48304']",CACHE_PRESSURE,0.5750000000000001,True,0.7846153846153847,0.1272727272727272,0.1206896551724138,51,21,7,144
4,7,"['48267', '48273', '48293', '48304']",INTRA_NODE_LOAD_IMBALANCE,0.05,True,0.6746987951807228,0.972972972972973,0.0,112,108,0,3
4,8,"['48270', '48273', '48291', '48283']",PIPELINE_STALL,0.425,True,0.423728813559322,0.7906976744186046,0.0,50,136,0,36
4,8,"['48270', '48273', '48291', '48283']",COMPUTE_UNDERUTILIZATION,0.05,True,0.8834355828220859,0.4871794871794871,0.0,144,38,0,40
4,8,"['48270', '48273', '48291', '48283']",PRECISION_WASTE,0.5,True,0.7653429602888088,0.0192307692307692,0.3764705882352941,106,1,64,51
4,8,"['48270', '48273', '48291', '48283']",BRANCH_MISPREDICTION,0.05,True,0.6708074534161491,0.3154761904761904,0.0,54,53,0,115
4,8,"['48270', '48273', '48291', '48283']",CACHE_PRESSURE,0.325,True,0.8,0.2816901408450704,0.0,80,40,0,102
4,8,"['48270', '48273', '48291', '48283']",INTRA_NODE_LOAD_IMBALANCE,0.05,True,0.616822429906542,1.0,0.0,99,123,0,0
4,9,"['48270', '48291', '48304', '48303']",PIPELINE_STALL,0.4750000000000001,True,0.5696202531645569,0.3024691358024691,0.296875,45,49,19,113
4,9,"['48270', '48291', '48304', '48303']",COMPUTE_UNDERUTILIZATION,0.5,True,0.8802395209580839,0.5063291139240507,0.0,147,40,0,39
4,9,"['48270', '48291', '48304', '48303']",PRECISION_WASTE,0.5,True,0.8857142857142858,0.0140845070422535,0.2,124,1,31,70
4,9,"['48270', '48291', '48304', '48303']",BRANCH_MISPREDICTION,0.5,True,0.887218045112782,0.0379746835443038,0.1323529411764706,59,6,9,152
4,9,"['48270', '48291', '48304', '48303']",CACHE_PRESSURE,0.25,True,0.6896551724137931,0.2955974842767295,0.1044776119402985,60,47,7,112
4,9,"['48270', '48291', '48304', '48303']",INTRA_NODE_LOAD_IMBALANCE,0.3,True,0.8106060606060606,0.3365384615384615,0.1229508196721311,107,35,15,69
4,10,"['48267', '48278', '48293', '48284']",PIPELINE_STALL,0.5,True,0.0434782608695652,0.0,0.9777777777777776,2,0,88,135
4,10,"['48267', '48278', '48293', '48284']",COMPUTE_UNDERUTILIZATION,0.05,True,0.8,0.961038961038961,0.0,148,74,0,3
4,10,"['48267', '48278', '48293', '48284']",PRECISION_WASTE,0.6000000000000001,True,0.5194805194805194,0.0,0.6491228070175439,60,0,111,54
4,10,"['48267', '48278', '48293', '48284']",BRANCH_MISPREDICTION,0.5,True,0.8633093525179857,0.1151515151515151,0.0,60,19,0,146
4,10,"['48267', '48278', '48293', '48284']",CACHE_PRESSURE,0.375,True,0.8148148148148148,0.1623376623376623,0.0704225352112676,66,25,5,129
4,10,"['48267', '48278', '48293', '48284']",INTRA_NODE_LOAD_IMBALANCE,0.2,True,0.6787878787878788,0.9380530973451328,0.0,112,106,0,7
4,11,"['48270', '48274', '48276', '48307']",PIPELINE_STALL,0.125,True,0.4598540145985401,0.9135802469135802,0.0,63,148,0,14
4,11,"['48270', '48274', '48276', '48307']",COMPUTE_UNDERUTILIZATION,0.5,True,0.7439613526570048,0.0,0.4076923076923077,77,0,53,95
4,11,"['48270', '48274', '48276', '48307']",BRANCH_MISPREDICTION,0.425,True,1.0,0.0,0.0,44,0,0,181
4,11,"['48270', '48274', '48276', '48307']",INTRA_NODE_LOAD_IMBALANCE,0.5,True,0.5566343042071198,0.9856115107913668,0.0,86,137,0,2
4,12,"['48267', '48290', '48295', '48303']",PIPELINE_STALL,0.3,True,0.5454545454545455,0.1161290322580645,0.5384615384615384,36,18,42,137
4,12,"['48267', '48290', '48295', '48303']",COMPUTE_UNDERUTILIZATION,0.5,True,0.8970099667774086,0.1927710843373494,0.1,135,16,15,67
4,12,"['48267', '48290', '48295', '48303']",PRECISION_WASTE,0.5,True,0.625,0.0338983050847457,0.5402298850574713,80,2,94,57
4,12,"['48267', '48290', '48295', '48303']",CACHE_PRESSURE,0.7000000000000001,True,0.7500000000000001,0.0344827586206896,0.3389830508474576,39,6,20,168
4,12,"['48267', '48290', '48295', '48303']",INTRA_NODE_LOAD_IMBALANCE,0.5,True,0.8713692946058091,0.010204081632653,0.2222222222222222,105,1,30,97
4,13,"['48274', '48276', '48283', '48284']",PIPELINE_STALL,0.5,True,0.0869565217391304,0.2206896551724138,0.935897435897436,5,32,73,113
4,13,"['48274', '48276', '48283', '48284']",COMPUTE_UNDERUTILIZATION,0.5,True,0.6666666666666667,0.5233644859813084,0.2586206896551724,86,56,30,51
4,13,"['48274', '48276', '48283', '48284']",PRECISION_WASTE,0.5,True,0.8916408668730651,0.1538461538461538,0.1578947368421052,144,8,27,44
4,13,"['48274', '48276', '48283', '48284']",BRANCH_MISPREDICTION,0.05,True,0.419753086419753,0.8197674418604651,0.0,51,141,0,31
4,13,"['48274', '48276', '48283', '48284']",CACHE_PRESSURE,0.5,True,0.8256880733944956,0.2635658914728682,0.0425531914893617,90,34,4,95
4,13,"['48274', '48276', '48283', '48284']",INTRA_NODE_LOAD_IMBALANCE,0.05,True,0.551948051948052,1.0,0.0,85,138,0,0
4,14,"['48270', '48307', '48295', '48284']",PIPELINE_STALL,0.15,True,0.6310679611650485,0.4342105263157895,0.1333333333333333,65,66,10,86
4,14,"['48270', '48307', '48295', '48284']",COMPUTE_UNDERUTILIZATION,0.5,True,0.9395017793594308,0.1789473684210526,0.0,132,17,0,78
4,14,"['48270', '48307', '48295', '48284']",PRECISION_WASTE,0.5,True,0.9593023255813954,0.1428571428571428,0.0350877192982456,165,8,6,48
4,14,"['48270', '48307', '48295', '48284']",BRANCH_MISPREDICTION,0.05,True,0.2932330827067669,1.0,0.0,39,188,0,0
4,14,"['48270', '48307', '48295', '48284']",CACHE_PRESSURE,0.5,True,0.0416666666666666,0.0431654676258992,0.9772727272727272,2,6,86,133
4,14,"['48270', '48307', '48295', '48284']",INTRA_NODE_LOAD_IMBALANCE,0.5,True,0.7304347826086957,0.3671875,0.1515151515151515,84,47,15,81
4,15,"['48276', '48290', '48305', '48308']",PIPELINE_STALL,0.5,True,,0.0,1.0,0,0,82,143
4,15,"['48276', '48290', '48305', '48308']",COMPUTE_UNDERUTILIZATION,0.5,True,0.7667984189723321,0.1785714285714285,0.3120567375886525,97,15,44,69
4,15,"['48276', '48290', '48305', '48308']",BRANCH_MISPREDICTION,0.5,True,0.673469387755102,0.0,0.4923076923076923,33,0,32,160
4,15,"['48276', '48290', '48305', '48308']",CACHE_PRESSURE,0.7000000000000001,True,0.4821428571428571,0.0,0.6823529411764706,27,0,58,140
4,15,"['48276', '48290', '48305', '48308']",INTRA_NODE_LOAD_IMBALANCE,0.5,True,0.7142857142857143,0.0,0.4444444444444444,70,0,56,99
4,16,"['48273', '48295', '48283', '48303']",PIPELINE_STALL,0.275,True,0.6,0.6153846153846154,0.0,72,96,0,60
4,16,"['48273', '48295', '48283', '48303']",COMPUTE_UNDERUTILIZATION,0.5,True,0.6974063400576369,0.9813084112149532,0.0,121,105,0,2
4,16,"['48273', '48295', '48283', '48303']",BRANCH_MISPREDICTION,0.5,True,0.6813186813186815,0.0,0.4833333333333333,31,0,29,168
4,16,"['48273', '48295', '48283', '48303']",CACHE_PRESSURE,0.3333333333333333,True,0.8229166666666666,0.2281879194630872,0.0,79,34,0,115
4,16,"['48273', '48295', '48283', '48303']",INTRA_NODE_LOAD_IMBALANCE,0.25,True,0.7323943661971831,0.6065573770491803,0.0188679245283018,104,74,2,48
4,17,"['48269', '48276', '48278', '48290']",PIPELINE_STALL,0.25,True,0.6176470588235294,0.1073825503355704,0.4615384615384615,42,16,36,133
4,17,"['48269', '48276', '48278', '48290']",COMPUTE_UNDERUTILIZATION,0.05,True,0.8613569321533924,0.5802469135802469,0.0,146,47,0,34
4,17,"['48269', '48276', '48278', '48290']",PRECISION_WASTE,0.5,True,0.8381962864721485,0.8840579710144928,0.0,158,61,0,8
4,17,"['48269', '48276', '48278', '48290']",BRANCH_MISPREDICTION,0.5,True,0.8288288288288288,0.0,0.2923076923076923,46,0,19,162
4,17,"['48269', '48276', '48278', '48290']",CACHE_PRESSURE,0.4,True,0.640625,0.0070921985815602,0.5232558139534884,41,1,45,140
4,17,"['48269', '48276', '48278', '48290']",INTRA_NODE_LOAD_IMBALANCE,0.5,True,0.7942583732057417,0.0,0.3412698412698413,83,0,43,101
4,18,"['48274', '48276', '48278', '48304']",PIPELINE_STALL,0.4,True,0.0493827160493827,0.0068027210884353,0.9743589743589745,2,1,76,146
4,18,"['48274', '48276', '48278', '48304']",COMPUTE_UNDERUTILIZATION,0.5,True,0.691860465116279,1.0,0.0,119,106,0,0
4,18,"['48274', '48276', '48278', '48304']",PRECISION_WASTE,0.5,True,0.810958904109589,0.8840579710144928,0.0512820512820512,148,61,8,8
4,18,"['48274', '48276', '48278', '48304']",BRANCH_MISPREDICTION,0.5,True,0.8181818181818181,0.0,0.3076923076923077,45,0,20,160
4,18,"['48274', '48276', '48278', '48304']",CACHE_PRESSURE,0.25,True,0.7339449541284403,0.3829787234042553,0.0476190476190476,80,54,4,87
4,18,"['48274', '48276', '48278', '48304']",INTRA_NODE_LOAD_IMBALANCE,0.05,True,0.6785714285714285,0.972972972972973,0.0,114,108,0,3
4,19,"['48273', '48291', '48293', '48283']",PIPELINE_STALL,0.05,True,0.4332129963898917,0.9874213836477987,0.0,60,157,0,2
4,19,"['48273', '48291', '48293', '48283']",COMPUTE_UNDERUTILIZATION,0.05,True,0.8135593220338984,0.88,0.0,144,66,0,9
4,19,"['48273', '48291', '48293', '48283']",PRECISION_WASTE,0.5,True,0.6403162055335968,0.0784313725490196,0.5178571428571429,81,4,87,47
4,19,"['48273', '48291', '48293', '48283']",BRANCH_MISPREDICTION,0.5,True,0.8219178082191781,0.1635220125786163,0.0,60,26,0,133
4,19,"['48273', '48291', '48293', '48283']",CACHE_PRESSURE,0.4333333333333333,True,0.6984126984126985,0.3725490196078431,0.0,66,57,0,96
4,19,"['48273', '48291', '48293', '48283']",INTRA_NODE_LOAD_IMBALANCE,0.325,True,0.6139240506329114,1.0,0.0,97,122,0,0
4,20,"['48269', '48293', '48304', '48283']",PIPELINE_STALL,0.5,True,0.064516129032258,0.0,0.9666666666666668,3,0,87,131
4,20,"['48269', '48293', '48304', '48283']",COMPUTE_UNDERUTILIZATION,0.05,True,0.8125000000000001,0.8461538461538461,0.0,143,66,0,12
4,20,"['48269', '48293', '48304', '48283']",PRECISION_WASTE,0.05,True,0.8275862068965517,1.0,0.0,156,65,0,0
4,20,"['48269', '48293', '48304', '48283']",CACHE_PRESSURE,0.4166666666666667,True,0.7819548872180451,0.0967741935483871,0.2121212121212121,52,15,14,140
4,20,"['48269', '48293', '48304', '48283']",INTRA_NODE_LOAD_IMBALANCE,0.05,True,0.691588785046729,0.9,0.0,111,99,0,11
4,21,"['48270', '48289', '48307', '48283']",PIPELINE_STALL,0.3375,True,0.5700000000000001,0.5094339622641509,0.0806451612903225,57,81,5,78
4,21,"['48270', '48289', '48307', '48283']",COMPUTE_UNDERUTILIZATION,0.275,True,0.9614035087719298,0.1309523809523809,0.0,137,11,0,73
4,21,"['48270', '48289', '48307', '48283']",PRECISION_WASTE,0.5,True,0.8555555555555556,0.7727272727272727,0.0064516129032258,154,51,1,15
4,21,"['48270', '48289', '48307', '48283']",BRANCH_MISPREDICTION,0.05,True,0.6751592356687898,0.3035714285714285,0.0,53,51,0,117
4,21,"['48270', '48289', '48307', '48283']",CACHE_PRESSURE,0.45,True,0.85,0.2205882352941176,0.0,85,30,0,106
4,21,"['48270', '48289', '48307', '48283']",INTRA_NODE_LOAD_IMBALANCE,0.05,True,0.5878594249201278,1.0,0.0,92,129,0,0
4,22,"['48267', '48276', '48300', '48304']",COMPUTE_UNDERUTILIZATION,0.5,True,0.851985559566787,0.3473684210526316,0.0634920634920634,118,33,8,62
4,22,"['48267', '48276', '48300', '48304']",PRECISION_WASTE,0.5,True,0.7777777777777778,0.9876543209876544,0.0,140,80,0,1
4,22,"['48267', '48276', '48300', '48304']",BRANCH_MISPREDICTION,0.05,True,0.547486033519553,0.4709302325581395,0.0,49,81,0,91
4,22,"['48267', '48276', '48300', '48304']",CACHE_PRESSURE,0.6000000000000001,True,0.8101265822784809,0.1476510067114094,0.1111111111111111,64,22,8,127
4,22,"['48267', '48276', '48300', '48304']",INTRA_NODE_LOAD_IMBALANCE,0.05,True,0.6686930091185409,0.981981981981982,0.0,110,109,0,2
4,23,"['48269', '48276', '48300', '48305']",COMPUTE_UNDERUTILIZATION,0.5,True,0.6491228070175438,0.1566265060240964,0.475177304964539,74,13,67,70
4,23,"['48269', '48276', '48300', '48305']",PRECISION_WASTE,0.5,True,0.7814207650273224,0.9876543209876544,0.0,143,80,0,1
4,23,"['48269', '48276', '48300', '48305']",BRANCH_MISPREDICTION,0.05,True,0.5730994152046784,0.4171428571428571,0.0,49,73,0,102
4,23,"['48269', '48276', '48300', '48305']",CACHE_PRESSURE,0.5,True,0.8121212121212121,0.0078740157480314,0.3092783505154639,67,1,30,126
4,23,"['48269', '48276', '48300', '48305']",INTRA_NODE_LOAD_IMBALANCE,0.05,True,0.6708860759493671,0.8771929824561403,0.0363636363636363,106,100,4,14
4,24,"['48307', '48290', '48300', '48305']",PIPELINE_STALL,0.5,True,0.6666666666666666,0.0326797385620915,0.4657534246575342,39,5,34,148
4,24,"['48307', '48290', '48300', '48305']",COMPUTE_UNDERUTILIZATION,0.5,True,0.6637931034482759,0.1547619047619047,0.4577464788732394,77,13,65,71
4,24,"['48307', '48290', '48300', '48305']",PRECISION_WASTE,0.5,True,0.7837837837837839,0.9876543209876544,0.0,145,80,0,1
4,24,"['48307', '48290', '48300', '48305']",BRANCH_MISPREDICTION,0.5,True,0.6466165413533834,0.2568306010928962,0.0,43,47,0,136
4,24,"['48307', '48290', '48300', '48305']",CACHE_PRESSURE,0.7000000000000001,True,0.4821428571428571,0.0,0.6823529411764706,27,0,58,141
4,24,"['48307', '48290', '48300', '48305']",INTRA_NODE_LOAD_IMBALANCE,0.5,True,0.87,0.0258620689655172,0.209090909090909,87,3,23,113
4,25,"['48270', '48274', '48308', '48284']",PIPELINE_STALL,0.05,True,0.4848484848484848,0.9935064935064936,0.0,72,153,0,1
4,25,"['48270', '48274', '48308', '48284']",COMPUTE_UNDERUTILIZATION,0.5,True,0.9193548387096776,0.031578947368421,0.1297709923664122,114,3,17,92
4,25,"['48270', '48274', '48308', '48284']",PRECISION_WASTE,0.5,True,0.8926553672316384,0.5588235294117647,0.0,158,38,0,30
4,25,"['48270', '48274', '48308', '48284']",BRANCH_MISPREDICTION,0.05,True,0.3857142857142857,1.0,0.0,54,172,0,0
4,25,"['48270', '48274', '48308', '48284']",INTRA_NODE_LOAD_IMBALANCE,0.5,True,0.8073394495412843,0.2258064516129032,0.1372549019607843,88,28,14,96
4,26,"['48269', '48276', '48278', '48305']",PIPELINE_STALL,0.5,True,,0.0,1.0,0,0,90,137
4,26,"['48269', '48276', '48278', '48305']",COMPUTE_UNDERUTILIZATION,0.05,True,0.8067226890756304,0.8271604938271605,0.0136986301369863,144,67,2,14
4,26,"['48269', '48276', '48278', '48305']",PRECISION_WASTE,0.5,True,0.8253968253968254,0.927536231884058,0.0126582278481012,156,64,2,5
4,26,"['48269', '48276', '48278', '48305']",BRANCH_MISPREDICTION,0.5,True,0.8495575221238938,0.0,0.2615384615384615,48,0,17,162
4,26,"['48269', '48276', '48278', '48305']",CACHE_PRESSURE,0.125,True,0.9424083769633508,0.0381679389312977,0.0625,90,5,6,126
4,26,"['48269', '48276', '48278', '48305']",INTRA_NODE_LOAD_IMBALANCE,0.5,True,0.822429906542056,0.0,0.3015873015873015,88,0,38,101
4,27,"['48276', '48293', '48283', '48303']",PIPELINE_STALL,0.05,True,0.6267281105990783,0.4632352941176471,0.2093023255813953,68,63,18,73
4,27,"['48276', '48293', '48283', '48303']",COMPUTE_UNDERUTILIZATION,0.05,True,0.7422096317280453,1.0,0.0,131,91,0,0
4,27,"['48276', '48293', '48283', '48303']",PRECISION_WASTE,0.15,True,0.9520958083832336,0.1296296296296296,0.0535714285714285,159,7,9,47
4,27,"['48276', '48293', '48283', '48303']",BRANCH_MISPREDICTION,0.5,True,0.761904761904762,0.0,0.3846153846153846,40,0,25,157
4,27,"['48276', '48293', '48283', '48303']",CACHE_PRESSURE,0.4333333333333334,True,0.8444444444444443,0.1917808219178082,0.0,76,28,0,118
4,27,"['48276', '48293', '48283', '48303']",INTRA_NODE_LOAD_IMBALANCE,0.325,True,0.6228373702422145,0.8257575757575758,0.0,90,109,0,23
4,28,"['48274', '48276', '48305', '48284']",PIPELINE_STALL,0.5,True,,0.0,1.0,0,0,82,145
4,28,"['48274', '48276', '48305', '48284']",COMPUTE_UNDERUTILIZATION,0.5,True,0.7951807228915663,0.1979166666666666,0.2442748091603053,99,19,32,77
4,28,"['48274', '48276', '48305', '48284']",PRECISION_WASTE,0.5,True,0.9217391304347826,0.3970588235294117,0.0,159,27,0,41
4,28,"['48274', '48276', '48305', '48284']",BRANCH_MISPREDICTION,0.05,True,0.6296296296296297,0.3409090909090909,0.0,51,60,0,116
4,28,"['48274', '48276', '48305', '48284']",CACHE_PRESSURE,0.5,True,0.8735632183908045,0.0076923076923076,0.2164948453608247,76,1,21,129
4,28,"['48274', '48276', '48305', '48284']",INTRA_NODE_LOAD_IMBALANCE,0.05,True,0.6116207951070337,1.0,0.0,100,127,0,0
4,29,"['48270', '48289', '48293', '48304']",PIPELINE_STALL,0.05,True,0.6547085201793722,0.5136986301369864,0.0266666666666666,73,75,2,71
4,29,"['48270', '48289', '48293', '48304']",COMPUTE_UNDERUTILIZATION,0.2,True,0.881159420289855,0.5942028985507246,0.0,152,41,0,28
4,29,"['48270', '48289', '48293', '48304']",PRECISION_WASTE,0.5,True,0.775623268698061,1.0,0.0,140,81,0,0
4,29,"['48270', '48289', '48293', '48304']",BRANCH_MISPREDICTION,0.5,True,0.8992248062015503,0.0196078431372549,0.1470588235294117,58,3,10,150
4,29,"['48270', '48289', '48293', '48304']",CACHE_PRESSURE,0.3666666666666667,True,0.7105263157894737,0.2264150943396226,0.1290322580645161,54,36,8,123
4,29,"['48270', '48289', '48293', '48304']",INTRA_NODE_LOAD_IMBALANCE,0.275,True,0.7867647058823529,0.5087719298245614,0.0,107,58,0,56
4,30,"['48290', '48293', '48300', '48284']",PIPELINE_STALL,0.5,True,0.4380952380952381,0.0,0.7195121951219512,23,0,59,141
4,30,"['48290', '48293', '48300', '48284']",COMPUTE_UNDERUTILIZATION,0.5,True,0.6723404255319148,0.1625,0.4475524475524475,79,13,64,67
4,30,"['48290', '48293', '48300', '48284']",PRECISION_WASTE,0.375,True,0.8190476190476191,0.4393939393939394,0.1783439490445859,129,29,28,37
4,30,"['48290', '48293', '48300', '48284']",BRANCH_MISPREDICTION,0.5,True,0.6470588235294118,0.2681564245810056,0.0,44,48,0,131
4,30,"['48290', '48293', '48300', '48284']",CACHE_PRESSURE,0.6500000000000001,True,0.6495726495726495,0.04,0.4794520547945205,38,6,35,144
4,30,"['48290', '48293', '48300', '48284']",INTRA_NODE_LOAD_IMBALANCE,0.05,True,0.6018808777429467,1.0,0.0,96,127,0,0
4,31,"['48270', '48273', '48274', '48303']",PIPELINE_STALL,0.275,True,0.4075471698113207,0.8870056497175142,0.0,54,157,0,20
4,31,"['48270', '48273', '48274', '48303']",COMPUTE_UNDERUTILIZATION,0.5,True,0.9855072463768116,0.0421052631578947,0.0,136,4,0,91
4,31,"['48270', '48273', '48274', '48303']",PRECISION_WASTE,0.5,True,0.9268292682926828,0.0350877192982456,0.1264367816091954,152,2,22,55
4,31,"['48270', '48273', '48274', '48303']",BRANCH_MISPREDICTION,0.3,True,0.9310344827586208,0.0451977401129943,0.0,54,8,0,169
4,31,"['48270', '48273', '48274', '48303']",CACHE_PRESSURE,0.5,True,0.872093023255814,0.0147058823529411,0.2105263157894736,75,2,20,134
4,31,"['48270', '48273', '48274', '48303']",INTRA_NODE_LOAD_IMBALANCE,0.5,True,0.7232142857142857,0.3481481481481481,0.15625,81,47,15,88
4,32,"['48273', '48276', '48308', '48284']",PIPELINE_STALL,0.5,True,0.2803738317757009,0.0851063829787234,0.8125,15,12,65,129
4,32,"['48273', '48276', '48308', '48284']",PRECISION_WASTE,0.5,True,0.8328767123287671,0.8518518518518519,0.0898203592814371,152,46,15,8
4,32,"['48273', '48276', '48308', '48284']",BRANCH_MISPREDICTION,0.05,True,0.2868217054263565,1.0,0.0,37,184,0,0
4,32,"['48273', '48276', '48308', '48284']",INTRA_NODE_LOAD_IMBALANCE,0.05,True,0.6144200626959248,1.0,0.0,98,123,0,0
4,33,"['48267', '48274', '48307', '48303']",PIPELINE_STALL,0.05,True,0.5227272727272727,0.782608695652174,0.0,69,126,0,35
4,33,"['48267', '48274', '48307', '48303']",COMPUTE_UNDERUTILIZATION,0.5,True,0.8461538461538463,0.4736842105263157,0.0222222222222222,132,45,3,50
4,33,"['48267', '48274', '48307', '48303']",PRECISION_WASTE,0.5,True,0.967741935483871,0.0140845070422535,0.0566037735849056,150,1,9,70
4,33,"['48267', '48274', '48307', '48303']",BRANCH_MISPREDICTION,0.5,True,0.8923076923076924,0.0760233918128654,0.0169491525423728,58,13,1,158
4,33,"['48267', '48274', '48307', '48303']",CACHE_PRESSURE,0.5,True,0.8415300546448087,0.1621621621621621,0.0609756097560975,77,24,5,124
4,33,"['48267', '48274', '48307', '48303']",INTRA_NODE_LOAD_IMBALANCE,0.55,True,0.8095238095238095,0.1393442622950819,0.2129629629629629,85,17,23,105
4,34,"['48270', '48273', '48293', '48303']",PIPELINE_STALL,0.25,True,0.5,0.782608695652174,0.0303030303030303,64,126,2,35
4,34,"['48270', '48273', '48293', '48303']",COMPUTE_UNDERUTILIZATION,0.5,True,0.8814814814814814,0.0379746835443038,0.1959459459459459,119,3,29,76
4,34,"['48270', '48273', '48293', '48303']",PRECISION_WASTE,0.6000000000000001,True,0.5508474576271186,0.0,0.6198830409356725,65,0,106,56
4,34,"['48270', '48273', '48293', '48303']",BRANCH_MISPREDICTION,0.45,True,0.8411214953271028,0.0462427745664739,0.1666666666666666,45,8,9,165
4,34,"['48270', '48273', '48293', '48303']",CACHE_PRESSURE,0.275,True,0.77720207253886,0.2534246575342466,0.074074074074074,75,37,6,109
4,34,"['48270', '48273', '48293', '48303']",INTRA_NODE_LOAD_IMBALANCE,0.4750000000000001,True,0.6992481203007519,0.5970149253731343,0.0,93,80,0,54
4,35,"['48267', '48270', '48295', '48304']",PIPELINE_STALL,0.5,True,0.3165467625899281,0.2291666666666666,0.7380952380952381,22,33,62,111
4,35,"['48267', '48270', '48295', '48304']",COMPUTE_UNDERUTILIZATION,0.5,True,,0.2317073170731707,1.0,0,19,146,63
4,35,"['48267', '48270', '48295', '48304']",PRECISION_WASTE,0.5,True,0.8186528497409327,1.0,0.0,158,70,0,0
4,35,"['48267', '48270', '48295', '48304']",BRANCH_MISPREDICTION,0.5,True,0.8709677419354839,0.0125,0.2058823529411764,54,2,14,158
4,35,"['48267', '48270', '48295', '48304']",CACHE_PRESSURE,0.425,True,0.7088607594936709,0.2455089820359281,0.081967213114754,56,41,5,126
4,35,"['48267', '48270', '48295', '48304']",INTRA_NODE_LOAD_IMBALANCE,0.5,True,0.8634361233480176,0.01,0.234375,98,1,30,99
4,36,"['48273', '48276', '48289', '48290']",PIPELINE_STALL,0.7000000000000001,True,0.4561403508771929,0.1768292682926829,0.559322033898305,26,29,33,135
4,36,"['48273', '48276', '48289', '48290']",COMPUTE_UNDERUTILIZATION,0.3,True,0.8867313915857604,0.4069767441860465,0.0,137,35,0,51
4,36,"['48273', '48276', '48289', '48290']",PRECISION_WASTE,0.5,True,0.8539944903581267,0.7794117647058824,0.0,155,53,0,15
4,36,"['48273', '48276', '48289', '48290']",BRANCH_MISPREDICTION,0.05,True,0.4163265306122449,0.8313953488372093,0.0,51,143,0,29
4,36,"['48273', '48276', '48289', '48290']",CACHE_PRESSURE,0.7500000000000001,True,0.3225806451612903,0.0,0.8076923076923077,15,0,63,145
4,36,"['48273', '48276', '48289', '48290']",INTRA_NODE_LOAD_IMBALANCE,0.625,True,0.8222222222222222,0.0,0.3018867924528302,74,0,32,117
4,37,"['48274', '48307', '48293', '48303']",PIPELINE_STALL,0.075,True,0.4210526315789474,0.8924050632911392,0.1884057971014492,56,141,13,17
4,37,"['48274', '48307', '48293', '48303']",COMPUTE_UNDERUTILIZATION,0.5,True,0.7499999999999999,0.9782608695652174,0.0,135,90,0,2
4,37,"['48274', '48307', '48293', '48303']",PRECISION_WASTE,0.05,True,0.8440860215053763,0.8285714285714286,0.0,157,58,0,12
4,37,"['48274', '48307', '48293', '48303']",BRANCH_MISPREDICTION,0.5,True,0.890625,0.0714285714285714,0.0338983050847457,57,12,2,156
4,37,"['48274', '48307', '48293', '48303']",CACHE_PRESSURE,0.225,True,0.7731958762886598,0.2602739726027397,0.074074074074074,75,38,6,108
4,37,"['48274', '48307', '48293', '48303']",INTRA_NODE_LOAD_IMBALANCE,0.4750000000000001,True,0.6595744680851063,0.7164179104477612,0.0,93,96,0,38
4,38,"['48270', '48289', '48290', '48300']",PIPELINE_STALL,0.5,True,0.3174603174603174,0.2670807453416149,0.6825396825396826,20,43,43,118
4,38,"['48270', '48289', '48290', '48300']",COMPUTE_UNDERUTILIZATION,0.2,True,0.9735099337748344,0.0547945205479452,0.0264900662251655,147,4,4,69
4,38,"['48270', '48289', '48290', '48300']",PRECISION_WASTE,0.5,True,0.7835616438356164,0.9753086419753086,0.0,143,79,0,2
4,38,"['48270', '48289', '48290', '48300']",BRANCH_MISPREDICTION,0.6000000000000001,True,0.9387755102040816,0.0,0.1153846153846153,46,0,6,172
4,38,"['48270', '48289', '48290', '48300']",CACHE_PRESSURE,0.8,True,0.3043478260869565,0.0,0.8205128205128205,14,0,64,146
4,38,"['48270', '48289', '48290', '48300']",INTRA_NODE_LOAD_IMBALANCE,0.25,True,0.6501766784452297,0.7203389830508474,0.1320754716981132,92,85,14,33
4,39,"['48267', '48276', '48307', '48295']",PIPELINE_STALL,0.5,True,,0.0,1.0,0,0,85,140
4,39,"['48267', '48276', '48307', '48295']",COMPUTE_UNDERUTILIZATION,0.5,True,0.8620689655172413,0.3684210526315789,0.0384615384615384,125,35,5,60
4,39,"['48267', '48276', '48307', '48295']",PRECISION_WASTE,0.5,True,0.8157894736842105,1.0,0.0,155,70,0,0
4,39,"['48267', '48276', '48307', '48295']",BRANCH_MISPREDICTION,0.05,True,0.591715976331361,0.3942857142857143,0.0,50,69,0,106
4,39,"['48267', '48276', '48307', '48295']",CACHE_PRESSURE,0.6500000000000001,True,0.7415730337078652,0.2466666666666666,0.12,66,37,9,113
4,39,"['48267', '48276', '48307', '48295']",INTRA_NODE_LOAD_IMBALANCE,0.8500000000000001,True,0.6545454545454547,0.0,0.5135135135135135,54,0,57,114
4,40,"['48269', '48293', '48284', '48303']",PIPELINE_STALL,0.5,True,0.3486238532110092,0.0,0.7888888888888889,19,0,71,137
4,40,"['48269', '48293', '48284', '48303']",COMPUTE_UNDERUTILIZATION,0.5,True,0.8956228956228955,0.2025316455696202,0.1013513513513513,133,16,15,63
4,40,"['48269', '48293', '48284', '48303']",PRECISION_WASTE,0.7500000000000001,True,0.3069306930693069,0.0,0.8187134502923976,31,0,140,56
4,40,"['48269', '48293', '48284', '48303']",BRANCH_MISPREDICTION,0.5,True,0.8854961832061069,0.0778443113772455,0.0333333333333333,58,13,2,154
4,40,"['48269', '48293', '48284', '48303']",CACHE_PRESSURE,0.175,True,0.8104575163398693,0.0684931506849315,0.2345679012345679,62,10,19,136
4,40,"['48269', '48293', '48284', '48303']",INTRA_NODE_LOAD_IMBALANCE,0.25,True,0.8249027237354086,0.371900826446281,0.0,106,45,0,76
4,41,"['48291', '48293', '48300', '48284']",PIPELINE_STALL,0.5,True,,0.0354609929078014,1.0,0,5,78,136
4,41,"['48291', '48293', '48300', '48284']",COMPUTE_UNDERUTILIZATION,0.5,True,0.7053941908713693,0.1710526315789473,0.4055944055944055,85,13,58,63
4,41,"['48291', '48293', '48300', '48284']",PRECISION_WASTE,0.375,True,0.8143322475570034,0.4393939393939394,0.1830065359477124,125,29,28,37
4,41,"['48291', '48293', '48300', '48284']",BRANCH_MISPREDICTION,0.5,True,0.6197183098591549,0.3085714285714285,0.0,44,54,0,121
4,41,"['48291', '48293', '48300', '48284']",CACHE_PRESSURE,0.35,True,0.7071823204419889,0.3108108108108108,0.0985915492957746,64,46,7,102
4,41,"['48291', '48293', '48300', '48284']",INTRA_NODE_LOAD_IMBALANCE,0.05,True,0.6095238095238095,1.0,0.0,96,123,0,0
4,42,"['48273', '48276', '48278', '48304']",PIPELINE_STALL,0.05,True,0.5608856088560886,0.8095238095238095,0.0,76,119,0,28
4,42,"['48273', '48276', '48278', '48304']",COMPUTE_UNDERUTILIZATION,0.5,True,0.6882352941176471,1.0,0.0,117,106,0,0
4,42,"['48273', '48276', '48278', '48304']",PRECISION_WASTE,0.5,True,0.9739130434782608,0.1636363636363636,0.0,168,9,0,46
4,42,"['48273', '48276', '48278', '48304']",BRANCH_MISPREDICTION,0.05,True,0.6335403726708074,0.3430232558139535,0.0,51,59,0,113
4,42,"['48273', '48276', '48278', '48304']",CACHE_PRESSURE,0.275,True,0.7314814814814815,0.381294964028777,0.0595238095238095,79,53,5,86
4,42,"['48273', '48276', '48278', '48304']",INTRA_NODE_LOAD_IMBALANCE,0.05,True,0.6706586826347305,0.990990990990991,0.0,112,110,0,1
4,43,"['48269', '48295', '48305', '48283']",PIPELINE_STALL,0.5,True,0.0434782608695652,0.0,0.9777777777777776,2,0,88,138
4,43,"['48269', '48295', '48305', '48283']",COMPUTE_UNDERUTILIZATION,0.05,True,0.7967032967032966,0.8902439024390244,0.0068493150684931,145,73,1,9
4,43,"['48269', '48295', '48305', '48283']",PRECISION_WASTE,0.5,True,0.7676056338028169,0.0185185185185185,0.3735632183908046,109,1,65,53
4,43,"['48269', '48295', '48305', '48283']",CACHE_PRESSURE,0.35,True,0.8535031847133758,0.0612244897959183,0.1728395061728395,67,9,14,138
4,43,"['48269', '48295', '48305', '48283']",INTRA_NODE_LOAD_IMBALANCE,0.5,True,0.6091370558375635,0.1078431372549019,0.5238095238095238,60,11,66,91
4,44,"['48278', '48295', '48308', '48283']",PIPELINE_STALL,0.225,True,,0.0,1.0,0,0,86,138
4,44,"['48278', '48295', '48308', '48283']",COMPUTE_UNDERUTILIZATION,0.425,True,0.6938775510204082,1.0,0.0,119,105,0,0
4,44,"['48278', '48295', '48308', '48283']",PRECISION_WASTE,0.5,True,0.0427807486631016,0.0,0.9781420765027322,4,0,179,41
4,44,"['48278', '48295', '48308', '48283']",CACHE_PRESSURE,0.2666666666666667,True,0.7627906976744185,0.3591549295774648,0.0,82,51,0,91
4,44,"['48278', '48295', '48308', '48283']",INTRA_NODE_LOAD_IMBALANCE,0.5,True,0.8761061946902654,0.010204081632653,0.2142857142857142,99,1,27,97
4,45,"['48274', '48289', '48300', '48308']",PIPELINE_STALL,0.05,True,0.5509433962264151,0.8040540540540541,0.0,73,119,0,29
4,45,"['48274', '48289', '48300', '48308']",COMPUTE_UNDERUTILIZATION,0.5,True,0.7258064516129032,0.3571428571428571,0.2682926829268293,90,35,33,63
4,45,"['48274', '48289', '48300', '48308']",PRECISION_WASTE,0.5,True,0.775623268698061,1.0,0.0,140,81,0,0
4,45,"['48274', '48289', '48300', '48308']",BRANCH_MISPREDICTION,0.5,True,0.8316831683168318,0.0061349693251533,0.2758620689655172,42,1,16,162
4,45,"['48274', '48289', '48300', '48308']",CACHE_PRESSURE,0.5,True,0.4873949579831933,0.0,0.6777777777777778,29,0,61,131
4,45,"['48274', '48289', '48300', '48308']",INTRA_NODE_LOAD_IMBALANCE,0.45,True,0.9154228855721392,0.0175438596491228,0.1401869158878504,92,2,15,112
4,46,"['48276', '48291', '48283', '48303']",PIPELINE_STALL,0.35,True,0.4593301435406698,0.5986842105263158,0.3142857142857143,48,91,22,61
4,46,"['48276', '48291', '48283', '48303']",COMPUTE_UNDERUTILIZATION,0.05,True,0.7422096317280453,1.0,0.0,131,91,0,0
4,46,"['48276', '48291', '48283', '48303']",PRECISION_WASTE,0.5,True,0.9025974025974026,0.0363636363636363,0.1676646706586826,139,2,28,53
4,46,"['48276', '48291', '48283', '48303']",BRANCH_MISPREDICTION,0.5,True,0.686868686868687,0.0,0.4769230769230769,34,0,31,157
4,46,"['48276', '48291', '48283', '48303']",CACHE_PRESSURE,0.35,True,0.8172043010752689,0.2328767123287671,0.0,76,34,0,112
4,46,"['48276', '48291', '48283', '48303']",INTRA_NODE_LOAD_IMBALANCE,0.3,True,0.6618181818181819,0.6752136752136753,0.1333333333333333,91,79,14,38
4,47,"['48269', '48273', '48290', '48291']",PIPELINE_STALL,0.5,True,0.4952380952380952,0.6091954022988506,0.0,52,106,0,68
4,47,"['48269', '48273', '48290', '48291']",COMPUTE_UNDERUTILIZATION,0.5,True,0.3523316062176166,0.0,0.7861635220125787,34,0,125,67
4,47,"['48269', '48273', '48290', '48291']",PRECISION_WASTE,0.5,True,0.8148148148148149,0.7352941176470589,0.0949367088607595,143,50,15,18
4,47,"['48269', '48273', '48290', '48291']",BRANCH_MISPREDICTION,0.5,True,0.574468085106383,0.0421686746987951,0.55,27,7,33,159
4,47,"['48269', '48273', '48290', '48291']",CACHE_PRESSURE,0.4,True,0.9066666666666664,0.0588235294117647,0.0684931506849315,68,9,5,144
4,47,"['48269', '48273', '48290', '48291']",INTRA_NODE_LOAD_IMBALANCE,0.5,True,0.422360248447205,0.0,0.7322834645669292,34,0,93,99
4,48,"['48270', '48278', '48305', '48308']",PIPELINE_STALL,0.1,True,0.6173913043478261,0.5374149659863946,0.1125,71,79,9,68
4,48,"['48270', '48278', '48305', '48308']",COMPUTE_UNDERUTILIZATION,0.05,True,0.8488745980707396,0.4074074074074074,0.0958904109589041,132,33,14,48
4,48,"['48270', '48278', '48305', '48308']",PRECISION_WASTE,0.5,True,0.854054054054054,0.782608695652174,0.0,158,54,0,15
4,48,"['48270', '48278', '48305', '48308']",BRANCH_MISPREDICTION,0.5,True,0.9047619047619048,0.0062893081761006,0.1617647058823529,57,1,11,158
4,48,"['48270', '48278', '48305', '48308']",CACHE_PRESSURE,0.175,True,0.8926553672316384,0.015267175572519,0.1770833333333333,79,2,17,129
4,48,"['48270', '48278', '48305', '48308']",INTRA_NODE_LOAD_IMBALANCE,0.5,True,0.729064039408867,0.0101010101010101,0.421875,74,1,54,98
4,49,"['48269', '48273', '48278', '48308']",PIPELINE_STALL,0.35,True,0.2890173410404624,0.4832214765100671,0.6710526315789473,25,72,51,77
4,49,"['48269', '48273', '48278', '48308']",COMPUTE_UNDERUTILIZATION,0.05,True,0.7394957983193278,1.0,0.0,132,93,0,0
4,49,"['48269', '48273', '48278', '48308']",PRECISION_WASTE,0.5,True,0.7697841726618705,0.0181818181818181,0.3705882352941176,107,1,63,54
4,49,"['48269', '48273', '48278', '48308']",BRANCH_MISPREDICTION,0.5,True,0.8955223880597014,0.0848484848484848,0.0,60,14,0,151
4,49,"['48269', '48273', '48278', '48308']",CACHE_PRESSURE,0.5,True,,0.0,1.0,0,0,98,127
4,49,"['48269', '48273', '48278', '48308']",INTRA_NODE_LOAD_IMBALANCE,0.5,True,0.72636815920398,0.010204081632653,0.4251968503937008,73,1,54,97
6,0,"['48269', '48274', '48276', '48300', '48305', '48308']",PIPELINE_STALL,0.5,True,,0.0,1.0,0,0,82,114
6,0,"['48269', '48274', '48276', '48300', '48305', '48308']",COMPUTE_UNDERUTILIZATION,0.45,True,0.6736842105263159,0.1566265060240964,0.4336283185840708,64,13,49,70
6,0,"['48269', '48274', '48276', '48300', '48305', '48308']",PRECISION_WASTE,0.5,True,0.7395498392282959,1.0,0.0,115,81,0,0
6,0,"['48269', '48274', '48276', '48300', '48305', '48308']",BRANCH_MISPREDICTION,0.05,True,0.765625,0.2040816326530612,0.0,49,30,0,117
6,0,"['48269', '48274', '48276', '48300', '48305', '48308']",CACHE_PRESSURE,0.5,True,0.8620689655172413,0.0202020202020202,0.2268041237113402,75,2,22,97
6,0,"['48269', '48274', '48276', '48300', '48305', '48308']",INTRA_NODE_LOAD_IMBALANCE,0.05,True,0.6712328767123288,0.979591836734694,0.0,98,96,0,2
6,1,"['48278', '48290', '48305', '48308', '48284', '48303']",PIPELINE_STALL,0.2,True,0.4929577464788732,0.2558139534883721,0.527027027027027,35,33,39,96
6,1,"['48278', '48290', '48305', '48308', '48284', '48303']",COMPUTE_UNDERUTILIZATION,0.05,True,0.7806451612903226,0.8292682926829268,0.0,121,68,0,14
6,1,"['48278', '48290', '48305', '48308', '48284', '48303']",PRECISION_WASTE,0.5,True,0.6776859504132231,0.0227272727272727,0.4842767295597484,82,1,77,43
6,1,"['48278', '48290', '48305', '48308', '48284', '48303']",BRANCH_MISPREDICTION,0.5,True,0.916030534351145,0.0769230769230769,0.0,60,11,0,132
6,1,"['48278', '48290', '48305', '48308', '48284', '48303']",CACHE_PRESSURE,0.55,True,0.7142857142857144,0.008130081300813,0.4375,45,1,35,122
6,1,"['48278', '48290', '48305', '48308', '48284', '48303']",INTRA_NODE_LOAD_IMBALANCE,0.05,True,0.9236641221374046,0.2439024390243902,0.0,121,20,0,62
6,2,"['48276', '48290', '48291', '48293', '48284', '48303']",PIPELINE_STALL,0.45,True,0.2535211267605634,0.0,0.8548387096774194,9,0,53,134
6,2,"['48276', '48290', '48291', '48293', '48284', '48303']",COMPUTE_UNDERUTILIZATION,0.5,True,0.9078014184397164,0.34375,0.0303030303030303,128,22,4,42
6,2,"['48276', '48290', '48291', '48293', '48284', '48303']",PRECISION_WASTE,0.3,True,0.889763779527559,0.0178571428571428,0.1928571428571428,113,1,27,55
6,2,"['48276', '48290', '48291', '48293', '48284', '48303']",BRANCH_MISPREDICTION,0.8,True,0.813953488372093,0.0,0.3137254901960784,35,0,16,145
6,2,"['48276', '48290', '48291', '48293', '48284', '48303']",CACHE_PRESSURE,0.45,True,0.6950354609929079,0.2624113475177305,0.109090909090909,49,37,6,104
6,2,"['48276', '48290', '48291', '48293', '48284', '48303']",INTRA_NODE_LOAD_IMBALANCE,0.3500000000000001,True,0.7647058823529412,0.5333333333333333,0.0,91,56,0,49
6,3,"['48269', '48276', '48278', '48289', '48291', '48308']",PIPELINE_STALL,0.075,True,0.5241935483870968,0.9365079365079364,0.0,65,118,0,8
6,3,"['48269', '48276', '48278', '48289', '48291', '48308']",COMPUTE_UNDERUTILIZATION,0.1833333333333333,True,0.8633093525179857,0.5074626865671642,0.032258064516129,120,34,4,33
6,3,"['48269', '48276', '48278', '48289', '48291', '48308']",PRECISION_WASTE,0.5,True,0.779552715654952,1.0,0.0,122,69,0,0
6,3,"['48269', '48276', '48278', '48289', '48291', '48308']",BRANCH_MISPREDICTION,0.5,True,0.712871287128713,0.0,0.4461538461538462,36,0,29,126
6,3,"['48269', '48276', '48278', '48289', '48291', '48308']",CACHE_PRESSURE,0.1833333333333333,True,0.9032258064516128,0.0862068965517241,0.0666666666666666,70,10,5,106
6,3,"['48269', '48276', '48278', '48289', '48291', '48308']",INTRA_NODE_LOAD_IMBALANCE,0.075,True,0.933852140077821,0.2394366197183098,0.0,120,17,0,54
6,4,"['48290', '48291', '48293', '48295', '48305', '48284']",PIPELINE_STALL,0.4,True,0.5154639175257731,0.0451127819548872,0.6212121212121212,25,6,41,127
6,4,"['48290', '48291', '48293', '48295', '48305', '48284']",COMPUTE_UNDERUTILIZATION,0.05,True,0.9102167182662538,0.5576923076923077,0.0,147,29,0,23
6,4,"['48290', '48291', '48293', '48295', '48305', '48284']",PRECISION_WASTE,0.675,True,0.8923076923076924,0.0,0.1944444444444444,116,0,28,55
6,4,"['48290', '48291', '48293', '48295', '48305', '48284']",BRANCH_MISPREDICTION,0.5,True,0.8053691275167786,0.2086330935251798,0.0,60,29,0,110
6,4,"['48290', '48291', '48293', '48295', '48305', '48284']",CACHE_PRESSURE,0.31,True,0.8039215686274508,0.0980392156862745,0.108695652173913,41,15,5,138
6,4,"['48290', '48291', '48293', '48295', '48305', '48284']",INTRA_NODE_LOAD_IMBALANCE,0.05,True,0.7915194346289752,0.6781609195402298,0.0,112,59,0,28
6,5,"['48273', '48276', '48289', '48307', '48304', '48283']",PIPELINE_STALL,0.2166666666666667,True,0.6338797814207651,0.5114503816793893,0.0,58,67,0,64
6,5,"['48273', '48276', '48289', '48307', '48304', '48283']",COMPUTE_UNDERUTILIZATION,0.45,True,0.775330396475771,0.4845360824742268,0.0434782608695652,88,47,4,50
6,5,"['48273', '48276', '48289', '48307', '48304', '48283']",PRECISION_WASTE,0.5,True,0.9716312056737588,0.1538461538461538,0.0,137,8,0,44
6,5,"['48273', '48276', '48289', '48307', '48304', '48283']",BRANCH_MISPREDICTION,0.15,True,0.9863013698630138,0.0065359477124183,0.0,36,1,0,152
6,5,"['48273', '48276', '48289', '48307', '48304', '48283']",CACHE_PRESSURE,0.4166666666666667,True,0.8352941176470587,0.2372881355932203,0.0,71,28,0,90
6,5,"['48273', '48276', '48289', '48307', '48304', '48283']",INTRA_NODE_LOAD_IMBALANCE,0.1666666666666666,True,0.646288209606987,0.6991150442477876,0.0263157894736842,74,79,2,34
6,6,"['48307', '48295', '48300', '48304', '48305', '48308']",PIPELINE_STALL,0.5,True,,0.0,1.0,0,0,85,110
6,6,"['48307', '48295', '48300', '48304', '48305', '48308']",COMPUTE_UNDERUTILIZATION,0.5,True,0.7071428571428572,0.8541666666666666,0.0,99,82,0,14
6,6,"['48307', '48295', '48300', '48304', '48305', '48308']",PRECISION_WASTE,0.05,True,0.7850467289719627,1.0,0.0,126,69,0,0
6,6,"['48307', '48295', '48300', '48304', '48305', '48308']",BRANCH_MISPREDICTION,0.25,True,0.6277372262773723,0.3355263157894737,0.0,43,51,0,101
6,6,"['48307', '48295', '48300', '48304', '48305', '48308']",CACHE_PRESSURE,0.45,True,0.8387096774193548,0.0,0.2777777777777778,52,0,20,123
6,6,"['48307', '48295', '48300', '48304', '48305', '48308']",INTRA_NODE_LOAD_IMBALANCE,0.25,True,0.8627450980392157,0.0705882352941176,0.2,88,6,22,79
6,7,"['48270', '48291', '48293', '48304', '48283', '48284']",PIPELINE_STALL,0.225,True,0.8421052631578947,0.0157480314960629,0.25,48,2,16,125
6,7,"['48270', '48291', '48293', '48304', '48283', '48284']",COMPUTE_UNDERUTILIZATION,0.275,True,0.8958333333333334,0.4838709677419355,0.0,129,30,0,32
6,7,"['48270', '48291', '48293', '48304', '48283', '48284']",PRECISION_WASTE,0.2,True,0.9790209790209792,0.1176470588235294,0.0,140,6,0,45
6,7,"['48270', '48291', '48293', '48304', '48283', '48284']",BRANCH_MISPREDICTION,0.5,True,0.9473684210526316,0.0437956204379562,0.0,54,6,0,131
6,7,"['48270', '48291', '48293', '48304', '48283', '48284']",CACHE_PRESSURE,0.4125,True,0.707482993197279,0.3093525179856115,0.0,52,43,0,96
6,7,"['48270', '48291', '48293', '48304', '48283', '48284']",INTRA_NODE_LOAD_IMBALANCE,0.05,True,0.610909090909091,1.0,0.0,84,107,0,0
6,8,"['48270', '48276', '48289', '48290', '48291', '48295']",PIPELINE_STALL,0.425,True,0.0779220779220779,0.1812080536912751,0.9361702127659576,3,27,44,122
6,8,"['48270', '48276', '48289', '48290', '48291', '48295']",COMPUTE_UNDERUTILIZATION,0.1,True,0.8660436137071651,0.7543859649122807,0.0,139,43,0,14
6,8,"['48270', '48276', '48289', '48290', '48291', '48295']",PRECISION_WASTE,0.5,True,0.782608695652174,1.0,0.0,126,70,0,0
6,8,"['48270', '48276', '48289', '48290', '48291', '48295']",BRANCH_MISPREDICTION,0.25,True,1.0,0.0,0.0,59,0,0,137
6,8,"['48270', '48276', '48289', '48290', '48291', '48295']",CACHE_PRESSURE,0.4166666666666667,True,0.6713286713286712,0.2937062937062937,0.0943396226415094,48,42,5,101
6,8,"['48270', '48276', '48289', '48290', '48291', '48295']",INTRA_NODE_LOAD_IMBALANCE,0.5000000000000001,True,0.8969072164948454,0.0,0.1869158878504672,87,0,20,89
6,9,"['48269', '48273', '48274', '48291', '48308', '48283']",PIPELINE_STALL,0.8,True,0.5233644859813085,0.2123287671232876,0.4166666666666667,28,31,20,115
6,9,"['48269', '48273', '48274', '48291', '48308', '48283']",COMPUTE_UNDERUTILIZATION,0.6000000000000001,True,0.7813953488372093,0.1923076923076923,0.2758620689655172,84,15,32,63
6,9,"['48269', '48273', '48274', '48291', '48308', '48283']",PRECISION_WASTE,0.7500000000000001,True,0.7000000000000002,0.0192307692307692,0.4577464788732394,77,1,65,51
6,9,"['48269', '48273', '48274', '48291', '48308', '48283']",BRANCH_MISPREDICTION,0.5,True,0.8727272727272728,0.0149253731343283,0.2,48,2,12,132
6,9,"['48269', '48273', '48274', '48291', '48308', '48283']",CACHE_PRESSURE,0.125,True,0.8602150537634409,0.2280701754385964,0.0,80,26,0,88
6,9,"['48269', '48273', '48274', '48291', '48308', '48283']",INTRA_NODE_LOAD_IMBALANCE,0.2,True,0.7926267281105991,0.3297872340425531,0.14,86,31,14,63
6,10,"['48267', '48276', '48289', '48293', '48305', '48308']",PIPELINE_STALL,0.5,True,0.2828282828282828,0.0,0.8352941176470589,14,0,71,107
6,10,"['48267', '48276', '48289', '48293', '48305', '48308']",COMPUTE_UNDERUTILIZATION,0.25,True,0.7903225806451615,0.2631578947368421,0.2740740740740741,98,15,37,42
6,10,"['48267', '48276', '48289', '48293', '48305', '48308']",PRECISION_WASTE,0.5,True,0.7326732673267327,1.0,0.0,111,81,0,0
6,10,"['48267', '48276', '48289', '48293', '48305', '48308']",BRANCH_MISPREDICTION,0.5,True,0.673469387755102,0.0,0.4923076923076923,33,0,32,127
6,10,"['48267', '48276', '48289', '48293', '48305', '48308']",CACHE_PRESSURE,0.45,True,0.8039215686274509,0.0,0.3278688524590163,41,0,20,131
6,10,"['48267', '48276', '48289', '48293', '48305', '48308']",INTRA_NODE_LOAD_IMBALANCE,0.3833333333333333,True,0.9952606635071092,0.0114942528735632,0.0,105,1,0,86
6,11,"['48274', '48290', '48293', '48295', '48308', '48283']",PIPELINE_STALL,0.2,True,0.6804123711340206,0.4732824427480916,0.0,66,62,0,69
6,11,"['48274', '48290', '48293', '48295', '48308', '48283']",COMPUTE_UNDERUTILIZATION,0.05,True,0.7492063492063492,1.0,0.0,118,79,0,0
6,11,"['48274', '48290', '48293', '48295', '48308', '48283']",PRECISION_WASTE,0.05,True,0.8520710059171598,0.9433962264150944,0.0,144,50,0,3
6,11,"['48274', '48290', '48293', '48295', '48308', '48283']",CACHE_PRESSURE,0.4666666666666667,True,0.7916666666666666,0.2142857142857142,0.0,57,30,0,110
6,11,"['48274', '48290', '48293', '48295', '48308', '48283']",INTRA_NODE_LOAD_IMBALANCE,0.05,True,0.7279411764705882,0.7551020408163265,0.0,99,74,0,24
6,12,"['48274', '48278', '48293', '48295', '48300', '48305']",PIPELINE_STALL,0.3,True,0.073170731707317,0.0081967213114754,0.9615384615384616,3,1,75,121
6,12,"['48274', '48278', '48293', '48295', '48300', '48305']",COMPUTE_UNDERUTILIZATION,0.225,True,0.7577639751552795,1.0,0.0,122,78,0,0
6,12,"['48274', '48278', '48293', '48295', '48300', '48305']",PRECISION_WASTE,0.45,True,0.8978328173374613,0.6,0.0,145,33,0,22
6,12,"['48274', '48278', '48293', '48295', '48300', '48305']",BRANCH_MISPREDICTION,0.5,True,0.9074074074074074,0.0070422535211267,0.1551724137931034,49,1,9,141
6,12,"['48274', '48278', '48293', '48295', '48300', '48305']",CACHE_PRESSURE,0.325,True,0.832,0.0155038759689922,0.2676056338028169,52,2,19,127
6,12,"['48274', '48278', '48293', '48295', '48300', '48305']",INTRA_NODE_LOAD_IMBALANCE,0.35,True,0.8049792531120332,0.4509803921568627,0.010204081632653,97,46,1,56
6,13,"['48267', '48273', '48276', '48278', '48300', '48303']",PIPELINE_STALL,0.1,True,0.6127659574468085,0.7222222222222222,0.0,72,91,0,35
6,13,"['48267', '48273', '48276', '48278', '48300', '48303']",COMPUTE_UNDERUTILIZATION,0.45,True,0.7531380753138075,0.4731182795698925,0.1428571428571428,90,44,15,49
6,13,"['48267', '48273', '48276', '48278', '48300', '48303']",PRECISION_WASTE,0.5750000000000001,True,0.900709219858156,0.0,0.1806451612903225,127,0,28,43
6,13,"['48267', '48273', '48276', '48278', '48300', '48303']",BRANCH_MISPREDICTION,0.7000000000000001,True,0.888888888888889,0.0,0.2,28,0,7,163
6,13,"['48267', '48273', '48276', '48278', '48300', '48303']",CACHE_PRESSURE,0.275,True,0.8444444444444444,0.1965811965811965,0.0617283950617283,76,23,5,94
6,13,"['48267', '48273', '48276', '48278', '48300', '48303']",INTRA_NODE_LOAD_IMBALANCE,0.275,True,0.8287292817679559,0.1481481481481481,0.1666666666666666,75,16,15,92
6,14,"['48267', '48270', '48273', '48274', '48289', '48307']",PIPELINE_STALL,0.3666666666666667,True,0.6415094339622641,0.2025316455696202,0.15,34,32,6,126
6,14,"['48267', '48270', '48273', '48274', '48289', '48307']",COMPUTE_UNDERUTILIZATION,0.075,True,0.9692307692307692,0.1111111111111111,0.0,126,8,0,64
6,14,"['48267', '48270', '48273', '48274', '48289', '48307']",PRECISION_WASTE,0.5,True,0.8306709265175719,0.7794117647058824,0.0,130,53,0,15
6,14,"['48267', '48270', '48273', '48274', '48289', '48307']",BRANCH_MISPREDICTION,0.05,True,0.5531914893617021,0.3962264150943396,0.0,39,63,0,96
6,14,"['48267', '48270', '48273', '48274', '48289', '48307']",CACHE_PRESSURE,0.3,True,0.7551020408163266,0.371900826446281,0.0389610389610389,74,45,3,76
6,14,"['48267', '48270', '48273', '48274', '48289', '48307']",INTRA_NODE_LOAD_IMBALANCE,0.525,True,0.7674418604651162,0.2136752136752136,0.1851851851851851,66,25,15,92
6,15,"['48267', '48273', '48293', '48305', '48284', '48303']",PIPELINE_STALL,0.5,True,,0.0,1.0,0,0,76,125
6,15,"['48267', '48273', '48293', '48305', '48284', '48303']",COMPUTE_UNDERUTILIZATION,0.1,True,0.8,1.0,0.0,134,67,0,0
6,15,"['48267', '48273', '48293', '48305', '48284', '48303']",PRECISION_WASTE,0.375,True,0.7769230769230768,0.0,0.3647798742138364,101,0,58,42
6,15,"['48267', '48273', '48293', '48305', '48284', '48303']",BRANCH_MISPREDICTION,0.5,True,0.8543689320388349,0.0838709677419354,0.0434782608695652,44,13,2,142
6,15,"['48267', '48273', '48293', '48305', '48284', '48303']",CACHE_PRESSURE,0.3833333333333333,True,0.8141592920353982,0.0074074074074074,0.303030303030303,46,1,20,134
6,15,"['48267', '48273', '48293', '48305', '48284', '48303']",INTRA_NODE_LOAD_IMBALANCE,0.325,True,0.888888888888889,0.2110091743119266,0.0,92,23,0,86
6,16,"['48267', '48278', '48290', '48291', '48293', '48283']",PIPELINE_STALL,0.4,True,0.8695652173913043,0.0510948905109489,0.1379310344827586,50,7,8,130
6,16,"['48267', '48278', '48290', '48291', '48293', '48283']",COMPUTE_UNDERUTILIZATION,0.5,True,0.7489361702127659,0.0,0.4013605442176871,88,0,59,48
6,16,"['48267', '48278', '48290', '48291', '48293', '48283']",PRECISION_WASTE,0.475,True,0.8821292775665399,0.0769230769230769,0.1888111888111888,116,4,27,48
6,16,"['48267', '48278', '48290', '48291', '48293', '48283']",CACHE_PRESSURE,0.55,True,0.5594405594405594,0.4064516129032258,0.0,40,63,0,92
6,16,"['48267', '48278', '48290', '48291', '48293', '48283']",INTRA_NODE_LOAD_IMBALANCE,0.075,True,0.7872340425531915,0.7142857142857143,0.0,111,60,0,24
6,17,"['48267', '48289', '48307', '48300', '48283', '48303']",PIPELINE_STALL,0.3375,True,0.7445255474452556,0.1428571428571428,0.25,51,18,17,108
6,17,"['48267', '48289', '48307', '48300', '48283', '48303']",COMPUTE_UNDERUTILIZATION,0.3333333333333333,True,0.8029197080291971,0.6428571428571429,0.0,110,54,0,30
6,17,"['48267', '48289', '48307', '48300', '48283', '48303']",PRECISION_WASTE,0.6250000000000001,True,0.888888888888889,0.0,0.2,112,0,28,54
6,17,"['48267', '48289', '48307', '48300', '48283', '48303']",BRANCH_MISPREDICTION,0.5,True,0.86,0.0927152317880794,0.0,43,14,0,137
6,17,"['48267', '48289', '48307', '48300', '48283', '48303']",CACHE_PRESSURE,0.3833333333333333,True,0.8047337278106509,0.2619047619047619,0.0,68,33,0,93
6,17,"['48267', '48289', '48307', '48300', '48283', '48303']",INTRA_NODE_LOAD_IMBALANCE,0.2333333333333333,True,0.6418604651162791,0.5675675675675675,0.1686746987951807,69,63,14,48
6,18,"['48273', '48274', '48293', '48304', '48283', '48284']",PIPELINE_STALL,0.4,True,0.2549019607843137,0.1923076923076923,0.796875,13,25,51,105
6,18,"['48273', '48274', '48293', '48304', '48283', '48284']",COMPUTE_UNDERUTILIZATION,0.05,True,0.6936026936026937,1.0,0.0,103,91,0,0
6,18,"['48273', '48274', '48293', '48304', '48283', '48284']",PRECISION_WASTE,0.7500000000000001,True,0.6465517241379309,0.0,0.5222929936305732,75,0,82,37
6,18,"['48273', '48274', '48293', '48304', '48283', '48284']",BRANCH_MISPREDICTION,0.5,True,0.888888888888889,0.0608108108108108,0.0434782608695652,44,9,2,139
6,18,"['48273', '48274', '48293', '48304', '48283', '48284']",CACHE_PRESSURE,0.4333333333333334,True,0.8198757763975156,0.2265625,0.0,66,29,0,99
6,18,"['48273', '48274', '48293', '48304', '48283', '48284']",INTRA_NODE_LOAD_IMBALANCE,0.05,True,0.5358490566037736,1.0,0.0,71,123,0,0
6,19,"['48267', '48270', '48276', '48289', '48307', '48303']",PIPELINE_STALL,0.225,True,0.7647058823529411,0.1629629629629629,0.1612903225806451,52,22,10,113
6,19,"['48267', '48270', '48276', '48289', '48307', '48303']",COMPUTE_UNDERUTILIZATION,0.125,True,0.9505703422053232,0.1805555555555555,0.0,125,13,0,59
6,19,"['48267', '48270', '48276', '48289', '48307', '48303']",PRECISION_WASTE,0.5,True,0.9243697478991596,0.028169014084507,0.1269841269841269,110,2,16,69
6,19,"['48267', '48270', '48276', '48289', '48307', '48303']",BRANCH_MISPREDICTION,0.275,True,1.0,0.0,0.0,44,0,0,153
6,19,"['48267', '48270', '48276', '48289', '48307', '48303']",CACHE_PRESSURE,0.225,True,0.7157894736842106,0.3951612903225806,0.0684931506849315,68,49,5,75
6,19,"['48267', '48270', '48276', '48289', '48307', '48303']",INTRA_NODE_LOAD_IMBALANCE,0.2,True,0.6605504587155963,0.5405405405405406,0.1627906976744186,72,60,14,51
6,20,"['48270', '48289', '48307', '48295', '48304', '48303']",PIPELINE_STALL,0.2,True,0.5416666666666666,0.5693430656934306,0.1612903225806451,52,78,10,59
6,20,"['48270', '48289', '48307', '48295', '48304', '48303']",COMPUTE_UNDERUTILIZATION,0.5750000000000001,True,0.9579831932773109,0.1176470588235294,0.0,114,10,0,75
6,20,"['48270', '48289', '48307', '48295', '48304', '48303']",PRECISION_WASTE,0.8500000000000001,True,0.8151260504201681,0.0169491525423728,0.3071428571428571,97,1,43,58
6,20,"['48270', '48289', '48307', '48295', '48304', '48303']",BRANCH_MISPREDICTION,0.7500000000000001,True,0.6913580246913581,0.0,0.4716981132075472,28,0,25,146
6,20,"['48270', '48289', '48307', '48295', '48304', '48303']",CACHE_PRESSURE,0.15,True,0.6514285714285715,0.4130434782608695,0.0655737704918032,57,57,4,81
6,20,"['48270', '48289', '48307', '48295', '48304', '48303']",INTRA_NODE_LOAD_IMBALANCE,0.125,True,0.7266187050359711,0.7755102040816326,0.0,101,76,0,22
6,21,"['48270', '48278', '48293', '48304', '48305', '48284']",PIPELINE_STALL,0.3,True,0.5309734513274336,0.0254237288135593,0.625,30,3,50,115
6,21,"['48270', '48278', '48293', '48304', '48305', '48284']",COMPUTE_UNDERUTILIZATION,0.05,True,0.8956228956228957,0.4769230769230769,0.0,133,31,0,34
6,21,"['48270', '48278', '48293', '48304', '48305', '48284']",PRECISION_WASTE,0.525,True,0.8923076923076924,0.0,0.1944444444444444,116,0,28,54
6,21,"['48270', '48278', '48293', '48304', '48305', '48284']",BRANCH_MISPREDICTION,0.5,True,0.9557522123893806,0.0347222222222222,0.0,54,5,0,139
6,21,"['48270', '48278', '48293', '48304', '48305', '48284']",CACHE_PRESSURE,0.35,True,0.8305084745762712,0.0076923076923076,0.2794117647058823,49,1,19,129
6,21,"['48270', '48278', '48293', '48304', '48305', '48284']",INTRA_NODE_LOAD_IMBALANCE,0.25,True,0.7333333333333334,0.7272727272727273,0.0,99,72,0,27
6,22,"['48273', '48293', '48300', '48305', '48283', '48284']",PIPELINE_STALL,0.225,True,0.547008547008547,0.0769230769230769,0.5789473684210527,32,9,44,108
6,22,"['48273', '48293', '48300', '48305', '48283', '48284']",COMPUTE_UNDERUTILIZATION,0.05,True,0.742671009771987,1.0,0.0,114,79,0,0
6,22,"['48273', '48293', '48300', '48305', '48283', '48284']",PRECISION_WASTE,0.3,True,0.990353697749196,0.0,0.019108280254777,154,0,3,36
6,22,"['48273', '48293', '48300', '48305', '48283', '48284']",BRANCH_MISPREDICTION,0.5,True,0.5263157894736842,0.3312883435582822,0.0,30,54,0,109
6,22,"['48273', '48293', '48300', '48305', '48283', '48284']",CACHE_PRESSURE,0.4666666666666666,True,0.847682119205298,0.0782608695652174,0.1794871794871795,64,9,14,106
6,22,"['48273', '48293', '48300', '48305', '48283', '48284']",INTRA_NODE_LOAD_IMBALANCE,0.05,True,0.5153846153846154,1.0,0.0,67,126,0,0
6,23,"['48276', '48289', '48290', '48293', '48295', '48284']",PIPELINE_STALL,0.15,True,0.5517241379310345,0.0901639344262295,0.5616438356164384,32,11,41,111
6,23,"['48276', '48289', '48290', '48293', '48295', '48284']",COMPUTE_UNDERUTILIZATION,0.4,True,0.8960573476702508,0.4142857142857143,0.0,125,29,0,41
6,23,"['48276', '48289', '48290', '48293', '48295', '48284']",PRECISION_WASTE,0.45,True,0.930909090909091,0.1272727272727272,0.0857142857142857,128,7,12,48
6,23,"['48276', '48289', '48290', '48293', '48295', '48284']",BRANCH_MISPREDICTION,0.5,True,0.9375,0.0,0.1176470588235294,45,0,6,144
6,23,"['48276', '48289', '48290', '48293', '48295', '48284']",CACHE_PRESSURE,0.4833333333333334,True,0.6875,0.0704225352112676,0.3773584905660377,33,10,20,132
6,23,"['48276', '48289', '48290', '48293', '48295', '48284']",INTRA_NODE_LOAD_IMBALANCE,0.35,True,0.7647058823529412,0.5384615384615384,0.0,91,56,0,48
6,24,"['48269', '48274', '48278', '48308', '48284', '48303']",PIPELINE_STALL,0.175,True,0.655367231638418,0.3515625,0.2162162162162162,58,45,16,83
6,24,"['48269', '48274', '48278', '48308', '48284', '48303']",COMPUTE_UNDERUTILIZATION,0.4750000000000001,True,0.9396551724137931,0.1505376344086021,0.0,109,14,0,79
6,24,"['48269', '48274', '48278', '48308', '48284', '48303']",PRECISION_WASTE,0.25,True,0.8642857142857142,0.0227272727272727,0.2341772151898734,121,1,37,43
6,24,"['48269', '48274', '48278', '48308', '48284', '48303']",BRANCH_MISPREDICTION,0.5,True,0.7096774193548387,0.0,0.45,33,0,27,142
6,24,"['48269', '48274', '48278', '48308', '48284', '48303']",CACHE_PRESSURE,0.15,True,0.900523560209424,0.1018518518518518,0.0851063829787234,86,11,8,97
6,24,"['48269', '48274', '48278', '48308', '48284', '48303']",INTRA_NODE_LOAD_IMBALANCE,0.35,True,0.865979381443299,0.010752688172043,0.2293577981651376,84,1,25,92
6,25,"['48278', '48307', '48290', '48291', '48293', '48308']",PIPELINE_STALL,0.4,True,0.8453608247422681,0.0214285714285714,0.2264150943396226,41,3,12,137
6,25,"['48278', '48307', '48290', '48291', '48293', '48308']",COMPUTE_UNDERUTILIZATION,0.05,True,0.8317460317460318,0.8548387096774194,0.0,131,53,0,9
6,25,"['48278', '48307', '48290', '48291', '48293', '48308']",PRECISION_WASTE,0.25,True,0.7861635220125786,1.0,0.0,125,68,0,0
6,25,"['48278', '48307', '48290', '48291', '48293', '48308']",BRANCH_MISPREDICTION,0.5,True,0.8939393939393939,0.1044776119402985,0.0,59,14,0,120
6,25,"['48278', '48307', '48290', '48291', '48293', '48308']",CACHE_PRESSURE,0.4166666666666667,True,0.7794117647058824,0.1851851851851851,0.0862068965517241,53,25,5,110
6,25,"['48278', '48307', '48290', '48291', '48293', '48308']",INTRA_NODE_LOAD_IMBALANCE,0.05,True,0.7302631578947368,1.0,0.0,111,82,0,0
6,26,"['48267', '48269', '48273', '48274', '48293', '48305']",PIPELINE_STALL,0.5,True,0.2259887005649717,0.6691729323308271,0.7058823529411765,20,89,48,44
6,26,"['48267', '48269', '48273', '48274', '48293', '48305']",COMPUTE_UNDERUTILIZATION,0.5,True,0.75,0.2407407407407407,0.3469387755102041,96,13,51,41
6,26,"['48267', '48269', '48273', '48274', '48293', '48305']",PRECISION_WASTE,0.9000000000000001,True,0.3444444444444444,0.2238805970149253,0.7686567164179104,31,15,103,52
6,26,"['48267', '48269', '48273', '48274', '48293', '48305']",BRANCH_MISPREDICTION,0.5,True,0.3636363636363636,0.0851063829787234,0.7333333333333333,16,12,44,129
6,26,"['48267', '48269', '48273', '48274', '48293', '48305']",CACHE_PRESSURE,0.275,True,0.8031496062992126,0.0458015267175572,0.2714285714285714,51,6,19,125
6,26,"['48267', '48269', '48273', '48274', '48293', '48305']",INTRA_NODE_LOAD_IMBALANCE,0.05,True,0.6993006993006993,0.8514851485148515,0.0,100,86,0,15
6,27,"['48267', '48274', '48276', '48291', '48293', '48305']",PIPELINE_STALL,0.5,True,0.5494505494505494,0.0,0.6212121212121212,25,0,41,130
6,27,"['48267', '48274', '48276', '48291', '48293', '48305']",COMPUTE_UNDERUTILIZATION,0.5,True,0.7154471544715447,0.2549019607843137,0.3931034482758621,88,13,57,38
6,27,"['48267', '48274', '48276', '48291', '48293', '48305']",PRECISION_WASTE,0.5,True,0.7395498392282959,1.0,0.0,115,81,0,0
6,27,"['48267', '48274', '48276', '48291', '48293', '48305']",BRANCH_MISPREDICTION,0.5,True,0.8392857142857142,0.0,0.2769230769230769,47,0,18,131
6,27,"['48267', '48274', '48276', '48291', '48293', '48305']",CACHE_PRESSURE,0.4000000000000001,True,0.8403361344537815,0.0928571428571428,0.1071428571428571,50,13,6,127
6,27,"['48267', '48274', '48276', '48291', '48293', '48305']",INTRA_NODE_LOAD_IMBALANCE,0.375,True,0.8354430379746834,0.4020618556701031,0.0,99,39,0,58
6,28,"['48276', '48307', '48293', '48300', '48304', '48305']",PIPELINE_STALL,0.5,True,0.2828282828282828,0.0,0.8352941176470589,14,0,71,106
6,28,"['48276', '48307', '48293', '48300', '48304', '48305']",COMPUTE_UNDERUTILIZATION,0.7000000000000001,True,0.6594594594594595,0.1625,0.4504504504504504,61,13,50,67
6,28,"['48276', '48307', '48293', '48300', '48304', '48305']",PRECISION_WASTE,0.325,True,0.7350993377483444,1.0,0.0,111,80,0,0
6,28,"['48276', '48307', '48293', '48300', '48304', '48305']",BRANCH_MISPREDICTION,0.25,True,0.8395061728395062,0.0828025477707006,0.0,34,13,0,144
6,28,"['48276', '48307', '48293', '48300', '48304', '48305']",CACHE_PRESSURE,0.3999999999999999,True,0.823529411764706,0.0081967213114754,0.2898550724637681,49,1,20,121
6,28,"['48276', '48307', '48293', '48300', '48304', '48305']",INTRA_NODE_LOAD_IMBALANCE,0.4000000000000001,True,0.6611570247933884,0.7387387387387387,0.0,80,82,0,29
6,29,"['48269', '48276', '48289', '48307', '48290', '48283']",PIPELINE_STALL,0.2333333333333333,True,0.6060606060606061,0.5864661654135338,0.0,60,78,0,55
6,29,"['48269', '48276', '48289', '48307', '48290', '48283']",COMPUTE_UNDERUTILIZATION,0.275,True,0.7894736842105263,0.2361111111111111,0.256198347107438,90,17,31,55
6,29,"['48269', '48276', '48289', '48307', '48290', '48283']",PRECISION_WASTE,0.5,True,0.8610169491525423,0.6212121212121212,0.0,127,41,0,25
6,29,"['48269', '48276', '48289', '48307', '48290', '48283']",BRANCH_MISPREDICTION,0.05,True,0.9009009009009008,0.0769230769230769,0.0,50,11,0,132
6,29,"['48269', '48276', '48289', '48307', '48290', '48283']",CACHE_PRESSURE,0.4750000000000001,True,0.8309859154929579,0.0833333333333333,0.1917808219178082,59,10,14,110
6,29,"['48269', '48276', '48289', '48307', '48290', '48283']",INTRA_NODE_LOAD_IMBALANCE,0.5666666666666668,True,0.8181818181818181,0.0097087378640776,0.3,63,1,27,102
6,30,"['48270', '48274', '48276', '48291', '48283', '48284']",PIPELINE_STALL,0.525,True,0.4057971014492754,0.4084507042253521,0.4615384615384615,28,58,24,84
6,30,"['48270', '48274', '48276', '48291', '48283', '48284']",COMPUTE_UNDERUTILIZATION,0.45,True,0.9223744292237444,0.0256410256410256,0.1293103448275862,101,2,15,76
6,30,"['48270', '48274', '48276', '48291', '48283', '48284']",PRECISION_WASTE,0.9000000000000001,True,0.948905109489051,0.0384615384615384,0.0845070422535211,130,2,12,50
6,30,"['48270', '48274', '48276', '48291', '48283', '48284']",BRANCH_MISPREDICTION,0.375,True,1.0,0.0,0.0,45,0,0,149
6,30,"['48270', '48274', '48276', '48291', '48283', '48284']",CACHE_PRESSURE,0.3,True,0.8,0.3508771929824561,0.0,80,40,0,74
6,30,"['48270', '48274', '48276', '48291', '48283', '48284']",INTRA_NODE_LOAD_IMBALANCE,0.05,True,0.5413533834586466,1.0,0.0,72,122,0,0
6,31,"['48267', '48274', '48276', '48278', '48295', '48300']",PIPELINE_STALL,0.1,True,0.8342245989304813,0.256198347107438,0.0,78,31,0,90
6,31,"['48267', '48274', '48276', '48278', '48295', '48300']",COMPUTE_UNDERUTILIZATION,0.05,True,0.6973684210526315,0.989247311827957,0.0,106,92,0,1
6,31,"['48267', '48274', '48276', '48278', '48295', '48300']",PRECISION_WASTE,0.05,True,0.8362573099415204,1.0,0.0,143,56,0,0
6,31,"['48267', '48274', '48276', '48278', '48295', '48300']",BRANCH_MISPREDICTION,0.175,True,0.8828828828828829,0.0866666666666666,0.0,49,13,0,137
6,31,"['48267', '48274', '48276', '48278', '48295', '48300']",CACHE_PRESSURE,0.2833333333333334,True,0.745945945945946,0.336,0.0675675675675675,69,42,5,83
6,31,"['48267', '48274', '48276', '48278', '48295', '48300']",INTRA_NODE_LOAD_IMBALANCE,0.225,True,0.8205128205128205,0.1683168316831683,0.1836734693877551,80,17,18,84
6,32,"['48269', '48289', '48291', '48295', '48305', '48283']",PIPELINE_STALL,0.25,True,0.6878306878306878,0.4503816793893129,0.0,65,59,0,72
6,32,"['48269', '48289', '48291', '48295', '48305', '48283']",COMPUTE_UNDERUTILIZATION,0.35,True,0.7652173913043477,0.0357142857142857,0.3714285714285714,88,2,52,54
6,32,"['48269', '48289', '48291', '48295', '48305', '48283']",PRECISION_WASTE,0.7500000000000001,True,0.9323843416370108,0.1481481481481481,0.0774647887323943,131,8,11,46
6,32,"['48269', '48289', '48291', '48295', '48305', '48283']",CACHE_PRESSURE,0.37,True,0.9206349206349206,0.072463768115942,0.0,58,10,0,128
6,32,"['48269', '48289', '48291', '48295', '48305', '48283']",INTRA_NODE_LOAD_IMBALANCE,0.2,True,0.823529411764706,0.3947368421052631,0.125,105,30,15,46
6,33,"['48273', '48276', '48290', '48295', '48304', '48283']",PIPELINE_STALL,0.05,True,0.5289256198347108,0.8636363636363636,0.0,64,114,0,18
6,33,"['48273', '48276', '48290', '48295', '48304', '48283']",COMPUTE_UNDERUTILIZATION,0.05,True,0.68013468013468,1.0,0.0,101,95,0,0
6,33,"['48273', '48276', '48290', '48295', '48304', '48283']",PRECISION_WASTE,0.5,True,0.962962962962963,0.3,0.0,156,12,0,28
6,33,"['48273', '48276', '48290', '48295', '48304', '48283']",BRANCH_MISPREDICTION,0.425,True,0.9263157894736842,0.0,0.1372549019607843,44,0,7,145
6,33,"['48273', '48276', '48290', '48295', '48304', '48283']",CACHE_PRESSURE,0.5166666666666667,True,0.8085106382978724,0.1942446043165467,0.0,57,27,0,112
6,33,"['48273', '48276', '48290', '48295', '48304', '48283']",INTRA_NODE_LOAD_IMBALANCE,0.425,True,0.7846889952153109,0.303030303030303,0.1546391752577319,82,30,15,69
6,34,"['48267', '48289', '48307', '48290', '48300', '48304']",PIPELINE_STALL,0.25,True,0.7862068965517242,0.1846153846153846,0.109375,57,24,7,106
6,34,"['48267', '48289', '48307', '48290', '48300', '48304']",COMPUTE_UNDERUTILIZATION,0.35,True,0.8148148148148148,0.7534246575342466,0.0,121,55,0,18
6,34,"['48267', '48289', '48307', '48290', '48300', '48304']",PRECISION_WASTE,0.5,True,0.7361563517915309,1.0,0.0,113,81,0,0
6,34,"['48267', '48289', '48307', '48290', '48300', '48304']",BRANCH_MISPREDICTION,0.5,True,0.86,0.0927152317880794,0.0,43,14,0,137
6,34,"['48267', '48289', '48307', '48290', '48300', '48304']",CACHE_PRESSURE,0.5,True,0.7377049180327869,0.1818181818181818,0.1176470588235294,45,26,6,117
6,34,"['48267', '48289', '48307', '48290', '48300', '48304']",INTRA_NODE_LOAD_IMBALANCE,0.1,True,0.7908745247148289,0.6111111111111112,0.0,104,55,0,35
6,35,"['48273', '48289', '48290', '48304', '48308', '48284']",PIPELINE_STALL,0.275,True,0.6349206349206349,0.2,0.3220338983050847,40,27,19,108
6,35,"['48273', '48289', '48290', '48304', '48308', '48284']",COMPUTE_UNDERUTILIZATION,0.6500000000000001,True,0.8571428571428571,0.2790697674418604,0.0833333333333333,99,24,9,62
6,35,"['48273', '48289', '48290', '48304', '48308', '48284']",PRECISION_WASTE,0.5,True,0.7898089171974522,0.925925925925926,0.1142857142857142,124,50,16,4
6,35,"['48273', '48289', '48290', '48304', '48308', '48284']",BRANCH_MISPREDICTION,0.5,True,0.5151515151515151,0.0202702702702702,0.6304347826086957,17,3,29,145
6,35,"['48273', '48289', '48290', '48304', '48308', '48284']",CACHE_PRESSURE,0.4750000000000001,True,0.7903225806451613,0.0846153846153846,0.234375,49,11,15,119
6,35,"['48273', '48289', '48290', '48304', '48308', '48284']",INTRA_NODE_LOAD_IMBALANCE,0.1,True,0.8051948051948051,0.3563218390804598,0.1308411214953271,93,31,14,56
6,36,"['48267', '48269', '48270', '48274', '48304', '48283']",PIPELINE_STALL,0.15,True,0.6071428571428571,0.6717557251908397,0.0,68,88,0,43
6,36,"['48267', '48269', '48270', '48274', '48304', '48283']",COMPUTE_UNDERUTILIZATION,0.4,True,0.951310861423221,0.1323529411764706,0.0305343511450381,127,9,4,59
6,36,"['48267', '48269', '48270', '48274', '48304', '48283']",PRECISION_WASTE,0.5,True,0.8525641025641026,0.696969696969697,0.0,133,46,0,20
6,36,"['48267', '48269', '48270', '48274', '48304', '48283']",BRANCH_MISPREDICTION,0.5,True,0.9032258064516128,0.0,0.1764705882352941,56,0,12,131
6,36,"['48267', '48269', '48270', '48274', '48304', '48283']",CACHE_PRESSURE,0.075,True,0.7570621468926554,0.3257575757575757,0.0,67,43,0,89
6,36,"['48267', '48269', '48270', '48274', '48304', '48283']",INTRA_NODE_LOAD_IMBALANCE,0.15,True,0.6965517241379311,0.8979591836734694,0.0,101,88,0,10
6,37,"['48269', '48276', '48278', '48307', '48290', '48295']",PIPELINE_STALL,0.05,True,0.6026200873362446,0.6946564885496184,0.0,69,91,0,40
6,37,"['48269', '48276', '48278', '48307', '48290', '48295']",COMPUTE_UNDERUTILIZATION,0.05,True,0.7986577181208053,0.7407407407407407,0.0,119,60,0,21
6,37,"['48269', '48276', '48278', '48307', '48290', '48295']",PRECISION_WASTE,0.7500000000000001,True,0.9662162162162162,0.175438596491228,0.0,143,10,0,47
6,37,"['48269', '48276', '48278', '48307', '48290', '48295']",BRANCH_MISPREDICTION,0.05,True,0.7575757575757575,0.2133333333333333,0.0,50,32,0,118
6,37,"['48269', '48276', '48278', '48307', '48290', '48295']",CACHE_PRESSURE,0.525,True,0.7887323943661971,0.088,0.2533333333333333,56,11,19,114
6,37,"['48269', '48276', '48278', '48307', '48290', '48295']",INTRA_NODE_LOAD_IMBALANCE,0.05,True,0.8705882352941177,0.3707865168539326,0.0,111,33,0,56
6,38,"['48274', '48289', '48291', '48300', '48304', '48303']",PIPELINE_STALL,0.25,True,0.2119205298013244,0.5774647887323944,0.6981132075471698,16,82,37,60
6,38,"['48274', '48289', '48291', '48300', '48304', '48303']",COMPUTE_UNDERUTILIZATION,0.8,True,0.9074074074074074,0.0609756097560975,0.1327433628318584,98,5,15,77
6,38,"['48274', '48289', '48291', '48300', '48304', '48303']",PRECISION_WASTE,0.05,True,0.8223684210526315,0.7714285714285715,0.0,125,54,0,16
6,38,"['48274', '48289', '48291', '48300', '48304', '48303']",BRANCH_MISPREDICTION,0.5,True,0.888888888888889,0.0510948905109489,0.1034482758620689,52,7,6,130
6,38,"['48274', '48289', '48291', '48300', '48304', '48303']",CACHE_PRESSURE,0.225,True,0.6986301369863014,0.2700729927007299,0.1206896551724138,51,37,7,100
6,38,"['48274', '48289', '48291', '48300', '48304', '48303']",INTRA_NODE_LOAD_IMBALANCE,0.15,True,0.7674418604651161,0.6170212765957447,0.0198019801980198,99,58,2,36
6,39,"['48269', '48270', '48273', '48274', '48295', '48308']",PIPELINE_STALL,0.05,True,0.5272727272727272,0.7272727272727273,0.0,58,104,0,39
6,39,"['48269', '48270', '48273', '48274', '48295', '48308']",COMPUTE_UNDERUTILIZATION,0.4,True,0.5977011494252873,0.0365853658536585,0.5630252100840336,52,3,67,79
6,39,"['48269', '48270', '48273', '48274', '48295', '48308']",PRECISION_WASTE,0.5,True,0.9731543624161072,0.1428571428571428,0.0,145,8,0,48
6,39,"['48269', '48270', '48273', '48274', '48295', '48308']",BRANCH_MISPREDICTION,0.45,True,0.7959183673469388,0.0340136054421768,0.2777777777777778,39,5,15,142
6,39,"['48269', '48270', '48273', '48274', '48295', '48308']",CACHE_PRESSURE,0.5,True,0.3486238532110092,0.0176991150442477,0.7840909090909091,19,2,69,111
6,39,"['48269', '48270', '48273', '48274', '48295', '48308']",INTRA_NODE_LOAD_IMBALANCE,0.5,True,0.861878453038674,0.0101010101010101,0.2352941176470588,78,1,24,98
6,40,"['48274', '48307', '48300', '48305', '48283', '48284']",PIPELINE_STALL,0.2,True,0.6068965517241379,0.2519685039370078,0.3623188405797101,44,32,25,95
6,40,"['48274', '48307', '48300', '48305', '48283', '48284']",COMPUTE_UNDERUTILIZATION,0.05,True,0.68013468013468,1.0,0.0,101,95,0,0
6,40,"['48274', '48307', '48300', '48305', '48283', '48284']",PRECISION_WASTE,0.3,True,0.9634551495016612,0.2156862745098039,0.0,145,11,0,40
6,40,"['48274', '48307', '48300', '48305', '48283', '48284']",BRANCH_MISPREDICTION,0.6500000000000001,True,0.7796610169491527,0.0419161676646706,0.2068965517241379,23,7,6,160
6,40,"['48274', '48307', '48300', '48305', '48283', '48284']",CACHE_PRESSURE,0.425,True,0.8070175438596491,0.0961538461538461,0.25,69,10,23,94
6,40,"['48274', '48307', '48300', '48305', '48283', '48284']",INTRA_NODE_LOAD_IMBALANCE,0.05,True,0.5207547169811321,1.0,0.0,69,127,0,0
6,41,"['48267', '48273', '48290', '48293', '48300', '48304']",PIPELINE_STALL,0.5,True,0.6194690265486725,0.0787401574803149,0.4852941176470588,35,10,33,117
6,41,"['48267', '48273', '48290', '48293', '48300', '48304']",COMPUTE_UNDERUTILIZATION,0.15,True,0.7925696594427245,1.0,0.0,128,67,0,0
6,41,"['48267', '48273', '48290', '48293', '48300', '48304']",PRECISION_WASTE,0.475,True,0.8782608695652173,0.0,0.2170542635658914,101,0,28,66
6,41,"['48267', '48273', '48290', '48293', '48300', '48304']",BRANCH_MISPREDICTION,0.5,True,0.6929133858267718,0.2582781456953642,0.0,44,39,0,112
6,41,"['48267', '48273', '48290', '48293', '48300', '48304']",CACHE_PRESSURE,0.55,True,0.6138613861386139,0.1610738255033557,0.3260869565217391,31,24,15,125
6,41,"['48267', '48273', '48290', '48293', '48300', '48304']",INTRA_NODE_LOAD_IMBALANCE,0.15,True,0.6956521739130436,0.8484848484848485,0.0,96,84,0,15
6,42,"['48269', '48307', '48291', '48295', '48304', '48305']",PIPELINE_STALL,0.4,True,0.4893617021276595,0.0155038759689922,0.6666666666666666,23,2,46,127
6,42,"['48269', '48307', '48291', '48295', '48304', '48305']",COMPUTE_UNDERUTILIZATION,0.5,True,0.8049792531120332,0.1940298507462686,0.2595419847328244,97,13,34,54
6,42,"['48269', '48307', '48291', '48295', '48304', '48305']",PRECISION_WASTE,0.5,True,0.810126582278481,0.8571428571428571,0.0,128,60,0,10
6,42,"['48269', '48307', '48291', '48295', '48304', '48305']",BRANCH_MISPREDICTION,0.5,True,0.8194444444444444,0.1870503597122302,0.0,59,26,0,113
6,42,"['48269', '48307', '48291', '48295', '48304', '48305']",CACHE_PRESSURE,0.35,True,0.9357798165137614,0.0,0.1206896551724138,51,0,7,140
6,42,"['48269', '48307', '48291', '48295', '48304', '48305']",INTRA_NODE_LOAD_IMBALANCE,0.5,True,0.7962085308056872,0.0138888888888888,0.3333333333333333,84,1,42,71
6,43,"['48274', '48307', '48300', '48305', '48308', '48303']",PIPELINE_STALL,0.275,True,0.6973684210526315,0.2307692307692307,0.2318840579710145,53,30,16,100
6,43,"['48274', '48307', '48300', '48305', '48308', '48303']",COMPUTE_UNDERUTILIZATION,0.5,True,0.6866666666666666,0.9791666666666666,0.0,103,94,0,2
6,43,"['48274', '48307', '48300', '48305', '48308', '48303']",PRECISION_WASTE,0.7000000000000001,True,0.840677966101695,0.6,0.0387596899224806,124,42,5,28
6,43,"['48274', '48307', '48300', '48305', '48308', '48303']",BRANCH_MISPREDICTION,0.5,True,0.8571428571428572,0.0576923076923076,0.0930232558139534,39,9,4,147
6,43,"['48274', '48307', '48300', '48305', '48308', '48303']",CACHE_PRESSURE,0.375,True,0.8742514970059879,0.0094339622641509,0.2150537634408602,73,1,20,105
6,43,"['48274', '48307', '48300', '48305', '48308', '48303']",INTRA_NODE_LOAD_IMBALANCE,0.4,True,0.8875739644970413,0.0186915887850467,0.1847826086956521,75,2,17,105
6,44,"['48269', '48270', '48278', '48289', '48291', '48284']",PIPELINE_STALL,0.1333333333333333,True,0.3959390862944162,0.7304964539007093,0.2909090909090909,39,103,16,38
6,44,"['48269', '48270', '48278', '48289', '48291', '48284']",COMPUTE_UNDERUTILIZATION,0.1166666666666666,True,0.9338235294117648,0.0555555555555555,0.1056338028169014,127,3,15,51
6,44,"['48269', '48270', '48278', '48289', '48291', '48284']",PRECISION_WASTE,0.8500000000000001,True,0.9280575539568344,0.1454545454545454,0.0851063829787234,129,8,12,47
6,44,"['48269', '48270', '48278', '48289', '48291', '48284']",BRANCH_MISPREDICTION,0.25,True,0.9391304347826086,0.0492957746478873,0.0,54,7,0,135
6,44,"['48269', '48270', '48278', '48289', '48291', '48284']",CACHE_PRESSURE,0.1333333333333333,True,0.8974358974358974,0.0909090909090909,0.0666666666666666,70,11,5,110
6,44,"['48269', '48270', '48278', '48289', '48291', '48284']",INTRA_NODE_LOAD_IMBALANCE,0.125,True,0.7258687258687258,0.6477272727272727,0.1296296296296296,94,57,14,31
6,45,"['48270', '48278', '48289', '48291', '48304', '48308']",PIPELINE_STALL,0.3,True,0.7076923076923075,0.2116788321167883,0.1636363636363636,46,29,9,108
6,45,"['48270', '48278', '48289', '48291', '48304', '48308']",COMPUTE_UNDERUTILIZATION,0.3500000000000001,True,0.8531468531468532,0.582089552238806,0.024,122,39,3,28
6,45,"['48270', '48278', '48289', '48291', '48304', '48308']",PRECISION_WASTE,0.5,True,0.8571428571428571,0.5942028985507246,0.0,123,41,0,28
6,45,"['48270', '48278', '48289', '48291', '48304', '48308']",BRANCH_MISPREDICTION,0.5,True,0.9133858267716536,0.0080645161290322,0.1470588235294117,58,1,10,123
6,45,"['48270', '48278', '48289', '48291', '48304', '48308']",CACHE_PRESSURE,0.175,True,0.8057553956834532,0.1679389312977099,0.081967213114754,56,22,5,109
6,45,"['48270', '48278', '48289', '48291', '48304', '48308']",INTRA_NODE_LOAD_IMBALANCE,0.2,True,0.925764192139738,0.0142857142857142,0.1311475409836065,106,1,16,69
6,46,"['48267', '48289', '48290', '48295', '48308', '48303']",PIPELINE_STALL,0.525,True,0.3571428571428571,0.0,0.782608695652174,15,0,54,132
6,46,"['48267', '48289', '48290', '48295', '48308', '48303']",COMPUTE_UNDERUTILIZATION,0.45,True,0.8613138686131386,0.3835616438356164,0.078125,118,28,10,45
6,46,"['48267', '48289', '48290', '48295', '48308', '48303']",PRECISION_WASTE,0.7500000000000001,True,0.8187919463087248,0.576271186440678,0.1408450704225352,122,34,20,25
6,46,"['48267', '48289', '48290', '48295', '48308', '48303']",CACHE_PRESSURE,0.25,True,0.7101449275362319,0.2582781456953642,0.02,49,39,1,112
6,46,"['48267', '48289', '48290', '48295', '48308', '48303']",INTRA_NODE_LOAD_IMBALANCE,0.125,True,0.931174089068826,0.0416666666666666,0.1085271317829457,115,3,14,69
6,47,"['48276', '48290', '48291', '48300', '48304', '48303']",PIPELINE_STALL,0.3,True,0.352112676056338,0.4135338345864661,0.5967741935483871,25,55,37,78
6,47,"['48276', '48290', '48291', '48300', '48304', '48303']",COMPUTE_UNDERUTILIZATION,0.5,True,0.7876712328767124,0.775,0.0,115,62,0,18
6,47,"['48276', '48290', '48291', '48300', '48304', '48303']",PRECISION_WASTE,0.45,True,0.923728813559322,0.0285714285714285,0.128,109,2,16,68
6,47,"['48276', '48290', '48291', '48300', '48304', '48303']",BRANCH_MISPREDICTION,0.8,True,0.3666666666666666,0.0,0.7755102040816326,11,0,38,146
6,47,"['48276', '48290', '48291', '48300', '48304', '48303']",CACHE_PRESSURE,0.45,True,0.7777777777777778,0.1571428571428571,0.109090909090909,49,22,6,118
6,47,"['48276', '48290', '48291', '48300', '48304', '48303']",INTRA_NODE_LOAD_IMBALANCE,0.15,True,0.7171314741035858,0.6263736263736264,0.1346153846153846,90,57,14,34
6,48,"['48276', '48289', '48291', '48293', '48295', '48305']",PIPELINE_STALL,0.15,True,0.7222222222222222,0.0,0.4347826086956521,39,0,30,124
6,48,"['48276', '48289', '48291', '48293', '48295', '48305']",COMPUTE_UNDERUTILIZATION,0.45,True,0.8339768339768341,0.2222222222222222,0.2230215827338129,108,12,31,42
6,48,"['48276', '48289', '48291', '48293', '48295', '48305']",PRECISION_WASTE,0.05,True,0.7823343848580441,1.0,0.0,124,69,0,0
6,48,"['48276', '48289', '48291', '48293', '48295', '48305']",BRANCH_MISPREDICTION,0.5,True,0.673469387755102,0.0,0.4923076923076923,33,0,32,128
6,48,"['48276', '48289', '48291', '48293', '48295', '48305']",CACHE_PRESSURE,0.22,True,0.8155339805825242,0.0833333333333333,0.1428571428571428,42,12,7,132
6,48,"['48276', '48289', '48291', '48293', '48295', '48305']",INTRA_NODE_LOAD_IMBALANCE,0.4666666666666667,True,0.7894736842105263,0.6363636363636364,0.0,105,56,0,32
6,49,"['48267', '48269', '48270', '48273', '48278', '48305']",PIPELINE_STALL,0.325,True,0.1884057971014492,0.4306569343065693,0.803030303030303,13,59,53,78
6,49,"['48267', '48269', '48270', '48273', '48278', '48305']",COMPUTE_UNDERUTILIZATION,0.05,True,0.9403508771929824,0.0545454545454545,0.0945945945945946,134,3,14,52
6,49,"['48267', '48269', '48270', '48273', '48278', '48305']",PRECISION_WASTE,0.5,True,0.9736842105263158,0.1454545454545454,0.0,148,8,0,47
6,49,"['48267', '48269', '48270', '48273', '48278', '48305']",BRANCH_MISPREDICTION,0.05,True,0.7397260273972603,0.2550335570469799,0.0,54,38,0,111
6,49,"['48267', '48269', '48270', '48273', '48278', '48305']",CACHE_PRESSURE,0.275,True,0.8590604026845637,0.0166666666666666,0.2289156626506024,64,2,19,118
6,49,"['48267', '48269', '48270', '48273', '48278', '48305']",INTRA_NODE_LOAD_IMBALANCE,0.5,True,0.8383838383838385,0.0112359550561797,0.2719298245614035,83,1,31,88
8,0,"['48269', '48276', '48290', '48293', '48304', '48305', '48284', '48303']",PIPELINE_STALL,0.5,True,0.2045454545454545,0.0106382978723404,0.8846153846153846,9,1,69,93
8,0,"['48269', '48276', '48290', '48293', '48304', '48305', '48284', '48303']",COMPUTE_UNDERUTILIZATION,0.1,True,0.8387096774193548,0.8181818181818182,0.0,117,45,0,10
8,0,"['48269', '48276', '48290', '48293', '48304', '48305', '48284', '48303']",PRECISION_WASTE,0.2,True,0.9216589861751152,0.0178571428571428,0.1379310344827586,100,1,16,55
8,0,"['48269', '48276', '48290', '48293', '48304', '48305', '48284', '48303']",BRANCH_MISPREDICTION,0.5,True,0.9375,0.0,0.1176470588235294,45,0,6,121
8,0,"['48269', '48276', '48290', '48293', '48304', '48305', '48284', '48303']",CACHE_PRESSURE,0.375,True,0.7586206896551724,0.0084033613445378,0.3773584905660377,33,1,20,118
8,0,"['48269', '48276', '48290', '48293', '48304', '48305', '48284', '48303']",INTRA_NODE_LOAD_IMBALANCE,0.3833333333333333,True,0.8088888888888888,0.5308641975308642,0.0,91,43,0,38
8,1,"['48267', '48274', '48289', '48307', '48293', '48305', '48308', '48283']",PIPELINE_STALL,0.2166666666666666,True,0.7374999999999999,0.3904761904761905,0.0166666666666666,59,41,1,64
8,1,"['48267', '48274', '48289', '48307', '48293', '48305', '48308', '48283']",COMPUTE_UNDERUTILIZATION,0.1,True,0.6810344827586207,0.7857142857142857,0.2752293577981651,79,44,30,12
8,1,"['48267', '48274', '48289', '48307', '48293', '48305', '48308', '48283']",PRECISION_WASTE,0.05,True,0.7547169811320755,1.0,0.0,100,65,0,0
8,1,"['48267', '48274', '48289', '48307', '48293', '48305', '48308', '48283']",BRANCH_MISPREDICTION,0.5,True,0.928,0.0754716981132075,0.0169491525423728,58,8,1,98
8,1,"['48267', '48274', '48289', '48307', '48293', '48305', '48308', '48283']",CACHE_PRESSURE,0.4166666666666667,True,0.7924528301886793,0.073394495412844,0.25,42,8,14,101
8,1,"['48267', '48274', '48289', '48307', '48293', '48305', '48308', '48283']",INTRA_NODE_LOAD_IMBALANCE,0.1666666666666666,True,0.7536231884057971,0.5862068965517241,0.0,78,51,0,36
8,2,"['48269', '48273', '48274', '48278', '48307', '48291', '48295', '48283']",PIPELINE_STALL,0.18,True,0.3867403314917126,0.8222222222222222,0.0,35,111,0,24
8,2,"['48269', '48273', '48274', '48278', '48307', '48291', '48295', '48283']",COMPUTE_UNDERUTILIZATION,0.05,True,0.7430830039525692,0.8552631578947368,0.0,94,65,0,11
8,2,"['48269', '48273', '48274', '48278', '48307', '48291', '48295', '48283']",PRECISION_WASTE,0.1,True,0.9533333333333334,0.5185185185185185,0.0,143,14,0,13
8,2,"['48269', '48273', '48274', '48278', '48307', '48291', '48295', '48283']",BRANCH_MISPREDICTION,0.05,True,0.6040268456375839,0.472,0.0,45,59,0,66
8,2,"['48269', '48273', '48274', '48278', '48307', '48291', '48295', '48283']",CACHE_PRESSURE,0.325,True,0.9251700680272108,0.1078431372549019,0.0,68,11,0,91
8,2,"['48269', '48273', '48274', '48278', '48307', '48291', '48295', '48283']",INTRA_NODE_LOAD_IMBALANCE,0.2,True,0.8208092485549133,0.2,0.1647058823529411,71,17,14,68
8,3,"['48267', '48269', '48270', '48274', '48289', '48290', '48300', '48283']",PIPELINE_STALL,0.3,True,0.761904761904762,0.1463414634146341,0.1489361702127659,40,18,7,105
8,3,"['48267', '48269', '48270', '48274', '48289', '48290', '48300', '48283']",COMPUTE_UNDERUTILIZATION,0.0999999999999999,True,0.953846153846154,0.2608695652173913,0.0,124,12,0,34
8,3,"['48267', '48269', '48270', '48274', '48289', '48290', '48300', '48283']",PRECISION_WASTE,0.05,True,0.7636363636363637,1.0,0.0,105,65,0,0
8,3,"['48267', '48269', '48270', '48274', '48289', '48290', '48300', '48283']",BRANCH_MISPREDICTION,0.225,True,0.936936936936937,0.059322033898305,0.0,52,7,0,111
8,3,"['48267', '48269', '48270', '48274', '48289', '48290', '48300', '48283']",CACHE_PRESSURE,0.475,True,0.7863247863247863,0.1,0.2333333333333333,46,11,14,99
8,3,"['48267', '48269', '48270', '48274', '48289', '48290', '48300', '48283']",INTRA_NODE_LOAD_IMBALANCE,0.3,True,0.735632183908046,0.3406593406593406,0.189873417721519,64,31,15,60
8,4,"['48267', '48269', '48276', '48289', '48293', '48295', '48283', '48303']",PIPELINE_STALL,0.3,True,0.6949152542372882,0.0,0.4675324675324675,41,0,36,91
8,4,"['48267', '48269', '48276', '48289', '48293', '48295', '48283', '48303']",COMPUTE_UNDERUTILIZATION,0.35,True,0.780952380952381,0.2727272727272727,0.2743362831858407,82,15,31,40
8,4,"['48267', '48269', '48276', '48289', '48293', '48295', '48283', '48303']",PRECISION_WASTE,0.4625000000000001,True,0.8750000000000001,0.0,0.2222222222222222,98,0,28,42
8,4,"['48267', '48269', '48276', '48289', '48293', '48295', '48283', '48303']",BRANCH_MISPREDICTION,0.5,True,0.7499999999999999,0.0,0.4,39,0,26,103
8,4,"['48267', '48269', '48276', '48289', '48293', '48295', '48283', '48303']",CACHE_PRESSURE,0.3,True,0.8190476190476191,0.152,0.0,43,19,0,106
8,4,"['48267', '48269', '48276', '48289', '48293', '48295', '48283', '48303']",INTRA_NODE_LOAD_IMBALANCE,0.325,True,0.8750000000000001,0.2857142857142857,0.0,84,24,0,60
8,5,"['48276', '48289', '48290', '48291', '48295', '48300', '48308', '48283']",PIPELINE_STALL,0.4,True,0.1956521739130434,0.2777777777777778,0.8301886792452831,9,30,44,78
8,5,"['48276', '48289', '48290', '48291', '48295', '48300', '48308', '48283']",COMPUTE_UNDERUTILIZATION,0.125,True,0.7666666666666667,0.8115942028985508,0.0,92,56,0,13
8,5,"['48276', '48289', '48290', '48291', '48295', '48300', '48308', '48283']",PRECISION_WASTE,0.425,True,0.8571428571428571,0.6792452830188679,0.0,108,36,0,17
8,5,"['48276', '48289', '48290', '48291', '48295', '48300', '48308', '48283']",BRANCH_MISPREDICTION,0.5,True,0.8735632183908045,0.0,0.2244897959183673,38,0,11,112
8,5,"['48276', '48289', '48290', '48291', '48295', '48300', '48308', '48283']",CACHE_PRESSURE,0.4,True,0.761904761904762,0.2654867256637168,0.0,48,30,0,83
8,5,"['48276', '48289', '48290', '48291', '48295', '48300', '48308', '48283']",INTRA_NODE_LOAD_IMBALANCE,0.5333333333333333,True,0.8211920529801325,0.0,0.3033707865168539,62,0,27,72
8,6,"['48267', '48278', '48289', '48291', '48295', '48304', '48284', '48303']",PIPELINE_STALL,0.1,True,0.5909090909090909,0.2909090909090909,0.360655737704918,39,32,22,78
8,6,"['48267', '48278', '48289', '48291', '48295', '48304', '48284', '48303']",COMPUTE_UNDERUTILIZATION,0.1333333333333333,True,0.8353413654618473,0.6119402985074627,0.0,104,41,0,26
8,6,"['48267', '48278', '48289', '48291', '48295', '48304', '48284', '48303']",PRECISION_WASTE,0.3,True,0.931818181818182,0.0625,0.1151079136690647,123,2,16,30
8,6,"['48267', '48278', '48289', '48291', '48295', '48304', '48284', '48303']",BRANCH_MISPREDICTION,0.5,True,0.9016393442622952,0.063063063063063,0.0833333333333333,55,7,5,104
8,6,"['48267', '48278', '48289', '48291', '48295', '48304', '48284', '48303']",CACHE_PRESSURE,0.15,True,0.4166666666666667,0.5869565217391305,0.0909090909090909,30,81,3,57
8,6,"['48267', '48278', '48289', '48291', '48295', '48304', '48284', '48303']",INTRA_NODE_LOAD_IMBALANCE,0.25,True,0.8266666666666667,0.3035714285714285,0.1913043478260869,93,17,22,39
8,7,"['48274', '48276', '48289', '48304', '48305', '48308', '48284', '48303']",PIPELINE_STALL,0.2,True,0.5490196078431372,0.05,0.5942028985507246,28,5,41,95
8,7,"['48274', '48276', '48289', '48304', '48305', '48308', '48284', '48303']",COMPUTE_UNDERUTILIZATION,0.8500000000000001,True,0.6971428571428572,0.3604651162790697,0.2650602409638554,61,31,22,55
8,7,"['48274', '48276', '48289', '48304', '48305', '48308', '48284', '48303']",PRECISION_WASTE,0.4000000000000001,True,0.986784140969163,0.0526315789473684,0.0,112,3,0,54
8,7,"['48274', '48276', '48289', '48304', '48305', '48308', '48284', '48303']",BRANCH_MISPREDICTION,0.5,True,0.9375,0.0,0.1176470588235294,45,0,6,118
8,7,"['48274', '48276', '48289', '48304', '48305', '48308', '48284', '48303']",CACHE_PRESSURE,0.4833333333333334,True,0.8135593220338984,0.0,0.3142857142857143,48,0,22,99
8,7,"['48274', '48276', '48289', '48304', '48305', '48308', '48284', '48303']",INTRA_NODE_LOAD_IMBALANCE,0.3166666666666667,True,0.9079754601226994,0.0123456790123456,0.1590909090909091,74,1,14,80
8,8,"['48273', '48276', '48307', '48291', '48293', '48308', '48284', '48303']",PIPELINE_STALL,0.275,True,0.7476635514018691,0.1428571428571428,0.2156862745098039,40,16,11,96
8,8,"['48273', '48276', '48307', '48291', '48293', '48308', '48284', '48303']",COMPUTE_UNDERUTILIZATION,0.5,True,0.8699999999999999,0.3421052631578947,0.0,87,26,0,50
8,8,"['48273', '48276', '48307', '48291', '48293', '48308', '48284', '48303']",PRECISION_WASTE,0.25,True,0.8394160583941604,0.9047619047619048,0.0495867768595041,115,38,6,4
8,8,"['48273', '48276', '48307', '48291', '48293', '48308', '48284', '48303']",BRANCH_MISPREDICTION,0.1833333333333333,True,0.9777777777777776,0.0070921985815602,0.0,22,1,0,140
8,8,"['48273', '48276', '48307', '48291', '48293', '48308', '48284', '48303']",CACHE_PRESSURE,0.1666666666666666,True,0.7999999999999999,0.2395833333333333,0.1044776119402985,60,23,7,73
8,8,"['48273', '48276', '48307', '48291', '48293', '48308', '48284', '48303']",INTRA_NODE_LOAD_IMBALANCE,0.5875,True,1.0,0.0,0.0,62,0,0,101
8,9,"['48273', '48274', '48307', '48290', '48291', '48293', '48295', '48283']",PIPELINE_STALL,0.4333333333333333,True,0.4736842105263158,0.425531914893617,0.0,27,60,0,81
8,9,"['48273', '48274', '48307', '48290', '48291', '48293', '48295', '48283']",COMPUTE_UNDERUTILIZATION,0.175,True,0.7984790874524714,0.8412698412698413,0.0,105,53,0,10
8,9,"['48273', '48274', '48307', '48290', '48291', '48293', '48295', '48283']",PRECISION_WASTE,0.3,True,0.996138996138996,0.0256410256410256,0.0,129,1,0,38
8,9,"['48273', '48274', '48307', '48290', '48291', '48293', '48295', '48283']",BRANCH_MISPREDICTION,0.225,True,0.7692307692307693,0.2195121951219512,0.0,45,27,0,96
8,9,"['48273', '48274', '48307', '48290', '48291', '48293', '48295', '48283']",CACHE_PRESSURE,0.5000000000000001,True,0.7610619469026549,0.216,0.0,43,27,0,98
8,9,"['48273', '48274', '48307', '48290', '48291', '48293', '48295', '48283']",INTRA_NODE_LOAD_IMBALANCE,0.4500000000000001,True,0.7142857142857143,0.5714285714285714,0.0,70,56,0,42
8,10,"['48267', '48274', '48276', '48307', '48291', '48295', '48300', '48304']",PIPELINE_STALL,0.1,True,0.6551724137931034,0.5504587155963303,0.0,57,60,0,49
8,10,"['48267', '48274', '48276', '48307', '48291', '48295', '48300', '48304']",COMPUTE_UNDERUTILIZATION,0.8500000000000001,True,0.1684210526315789,0.0,0.9080459770114944,8,0,79,79
8,10,"['48267', '48274', '48276', '48307', '48291', '48295', '48300', '48304']",PRECISION_WASTE,0.05,True,0.7376425855513308,1.0,0.0,97,69,0,0
8,10,"['48267', '48274', '48276', '48307', '48291', '48295', '48300', '48304']",BRANCH_MISPREDICTION,0.125,True,0.8095238095238095,0.1212121212121212,0.0,34,16,0,116
8,10,"['48267', '48274', '48276', '48307', '48291', '48295', '48300', '48304']",CACHE_PRESSURE,0.35,True,0.6451612903225805,0.3109243697478991,0.1489361702127659,40,37,7,82
8,10,"['48267', '48274', '48276', '48307', '48291', '48295', '48300', '48304']",INTRA_NODE_LOAD_IMBALANCE,0.05,True,0.694560669456067,0.8795180722891566,0.0,83,73,0,10
8,11,"['48267', '48273', '48274', '48276', '48289', '48293', '48308', '48284']",PIPELINE_STALL,0.05,True,0.592964824120603,0.7714285714285715,0.0,59,81,0,24
8,11,"['48267', '48273', '48274', '48276', '48289', '48293', '48308', '48284']",COMPUTE_UNDERUTILIZATION,0.15,True,0.735042735042735,0.7681159420289855,0.0947368421052631,86,53,9,16
8,11,"['48267', '48273', '48274', '48276', '48289', '48293', '48308', '48284']",PRECISION_WASTE,0.2333333333333333,True,0.8102189781021897,0.981132075471698,0.0,111,52,0,1
8,11,"['48267', '48273', '48274', '48276', '48289', '48293', '48308', '48284']",BRANCH_MISPREDICTION,0.0833333333333333,True,0.9487179487179488,0.0314960629921259,0.0,37,4,0,123
8,11,"['48267', '48273', '48274', '48276', '48289', '48293', '48308', '48284']",CACHE_PRESSURE,0.5,True,0.7226890756302521,0.1287128712871287,0.3174603174603174,43,13,20,88
8,11,"['48267', '48273', '48274', '48276', '48289', '48293', '48308', '48284']",INTRA_NODE_LOAD_IMBALANCE,0.5250000000000001,True,0.9923664122137404,0.0101010101010101,0.0,65,1,0,98
8,12,"['48267', '48269', '48273', '48276', '48278', '48289', '48295', '48304']",PIPELINE_STALL,0.0666666666666666,True,0.6633663366336634,0.6666666666666666,0.0,67,68,0,34
8,12,"['48267', '48269', '48273', '48276', '48278', '48289', '48295', '48304']",COMPUTE_UNDERUTILIZATION,0.4000000000000001,True,0.9041095890410958,0.3,0.0,99,21,0,49
8,12,"['48267', '48269', '48273', '48276', '48278', '48289', '48295', '48304']",PRECISION_WASTE,0.45,True,0.9692307692307692,0.1860465116279069,0.0,126,8,0,35
8,12,"['48267', '48269', '48273', '48276', '48278', '48289', '48295', '48304']",BRANCH_MISPREDICTION,0.05,True,0.9189189189189187,0.0762711864406779,0.0,51,9,0,109
8,12,"['48267', '48269', '48273', '48276', '48278', '48289', '48295', '48304']",CACHE_PRESSURE,0.4,True,0.7216494845360826,0.0932203389830508,0.3137254901960784,35,11,16,107
8,12,"['48267', '48269', '48273', '48276', '48278', '48289', '48295', '48304']",INTRA_NODE_LOAD_IMBALANCE,0.1333333333333333,True,0.9217391304347826,0.2857142857142857,0.0,106,18,0,45
8,13,"['48267', '48273', '48274', '48276', '48307', '48295', '48308', '48284']",PIPELINE_STALL,0.35,True,0.2571428571428571,0.0181818181818181,0.847457627118644,9,2,50,108
8,13,"['48267', '48273', '48274', '48276', '48307', '48295', '48308', '48284']",COMPUTE_UNDERUTILIZATION,0.5,True,0.6836734693877551,0.5789473684210527,0.0945945945945946,67,55,7,40
8,13,"['48267', '48273', '48274', '48276', '48307', '48295', '48308', '48284']",PRECISION_WASTE,0.3333333333333333,True,0.969465648854962,0.1904761904761904,0.0,127,8,0,34
8,13,"['48267', '48273', '48274', '48276', '48307', '48295', '48308', '48284']",BRANCH_MISPREDICTION,0.0999999999999999,True,0.6984126984126985,0.1292517006802721,0.0,22,19,0,128
8,13,"['48267', '48273', '48274', '48276', '48307', '48295', '48308', '48284']",CACHE_PRESSURE,0.5,True,0.8235294117647058,0.2659574468085106,0.0666666666666666,70,25,5,69
8,13,"['48267', '48273', '48274', '48276', '48307', '48295', '48308', '48284']",INTRA_NODE_LOAD_IMBALANCE,0.325,True,0.8549618320610686,0.0408163265306122,0.2112676056338028,56,4,15,94
8,14,"['48274', '48276', '48289', '48293', '48295', '48305', '48283', '48303']",PIPELINE_STALL,0.1,True,0.787878787878788,0.3333333333333333,0.0,65,35,0,70
8,14,"['48274', '48276', '48289', '48293', '48295', '48305', '48283', '48303']",COMPUTE_UNDERUTILIZATION,0.4166666666666667,True,0.7555555555555555,0.5652173913043478,0.1584158415841584,85,39,16,30
8,14,"['48274', '48276', '48289', '48293', '48295', '48305', '48283', '48303']",PRECISION_WASTE,0.45,True,0.9294605809128632,0.0238095238095238,0.125,112,1,16,41
8,14,"['48274', '48276', '48289', '48293', '48295', '48305', '48283', '48303']",BRANCH_MISPREDICTION,0.5,True,0.8288288288288288,0.0,0.2923076923076923,46,0,19,105
8,14,"['48274', '48276', '48289', '48293', '48295', '48305', '48283', '48303']",CACHE_PRESSURE,0.45,True,0.7920792079207921,0.0603448275862069,0.2592592592592592,40,7,14,109
8,14,"['48274', '48276', '48289', '48293', '48295', '48305', '48283', '48303']",INTRA_NODE_LOAD_IMBALANCE,0.4000000000000001,True,0.7236180904522613,0.5612244897959183,0.0,72,55,0,43
8,15,"['48269', '48274', '48289', '48307', '48300', '48304', '48283', '48303']",PIPELINE_STALL,0.05,True,0.5022421524663677,1.0,0.0,56,111,0,0
8,15,"['48269', '48274', '48289', '48307', '48300', '48304', '48283', '48303']",COMPUTE_UNDERUTILIZATION,0.2666666666666666,True,0.751131221719457,0.6547619047619048,0.0,83,55,0,29
8,15,"['48269', '48274', '48289', '48307', '48300', '48304', '48283', '48303']",PRECISION_WASTE,0.65,True,0.9194312796208532,0.0185185185185185,0.1415929203539823,97,1,16,53
8,15,"['48269', '48274', '48289', '48307', '48300', '48304', '48283', '48303']",BRANCH_MISPREDICTION,0.5,True,0.8541666666666667,0.0967741935483871,0.0465116279069767,41,12,2,112
8,15,"['48269', '48274', '48289', '48307', '48300', '48304', '48283', '48303']",CACHE_PRESSURE,0.5166666666666667,True,0.8253968253968255,0.07,0.2238805970149253,52,7,15,93
8,15,"['48269', '48274', '48289', '48307', '48300', '48304', '48283', '48303']",INTRA_NODE_LOAD_IMBALANCE,0.15,True,0.7567567567567568,0.4583333333333333,0.0140845070422535,70,44,1,52
8,16,"['48278', '48307', '48290', '48295', '48305', '48308', '48283', '48303']",PIPELINE_STALL,0.2,True,0.5952380952380952,0.504424778761062,0.180327868852459,50,57,11,56
8,16,"['48278', '48307', '48290', '48295', '48305', '48308', '48283', '48303']",COMPUTE_UNDERUTILIZATION,0.2166666666666667,True,0.738095238095238,0.8148148148148148,0.0,93,66,0,15
8,16,"['48278', '48307', '48290', '48295', '48305', '48308', '48283', '48303']",PRECISION_WASTE,0.2166666666666666,True,0.8492063492063493,0.0333333333333333,0.2569444444444444,107,1,37,29
8,16,"['48278', '48307', '48290', '48295', '48305', '48308', '48283', '48303']",BRANCH_MISPREDICTION,0.5,True,0.8939393939393939,0.1217391304347826,0.0,59,14,0,101
8,16,"['48278', '48307', '48290', '48295', '48305', '48308', '48283', '48303']",CACHE_PRESSURE,0.4800000000000001,True,0.8695652173913042,0.009090909090909,0.21875,50,1,14,109
8,16,"['48278', '48307', '48290', '48295', '48305', '48308', '48283', '48303']",INTRA_NODE_LOAD_IMBALANCE,0.175,True,0.8053097345132745,0.4347826086956521,0.1333333333333333,91,30,14,39
8,17,"['48267', '48269', '48273', '48291', '48293', '48295', '48283', '48284']",PIPELINE_STALL,0.225,True,0.4778761061946902,0.2429906542056074,0.55,27,26,33,81
8,17,"['48267', '48269', '48273', '48291', '48293', '48295', '48283', '48284']",COMPUTE_UNDERUTILIZATION,0.15,True,0.8947368421052632,0.1632653061224489,0.135593220338983,102,8,16,41
8,17,"['48267', '48269', '48273', '48291', '48293', '48295', '48283', '48284']",PRECISION_WASTE,0.2166666666666667,True,0.9793103448275862,0.24,0.0,142,6,0,19
8,17,"['48267', '48269', '48273', '48291', '48293', '48295', '48283', '48284']",BRANCH_MISPREDICTION,0.5,True,0.8761904761904762,0.1074380165289256,0.0,46,13,0,108
8,17,"['48267', '48269', '48273', '48291', '48293', '48295', '48283', '48284']",CACHE_PRESSURE,0.3375000000000001,True,0.8076923076923077,0.16,0.0,42,20,0,105
8,17,"['48267', '48269', '48273', '48291', '48293', '48295', '48283', '48284']",INTRA_NODE_LOAD_IMBALANCE,0.225,True,0.912087912087912,0.1904761904761904,0.0,83,16,0,68
8,18,"['48267', '48269', '48274', '48276', '48307', '48283', '48284', '48303']",PIPELINE_STALL,0.2166666666666666,True,0.9774436090225564,0.0283018867924528,0.0,65,3,0,103
8,18,"['48267', '48269', '48274', '48276', '48307', '48283', '48284', '48303']",COMPUTE_UNDERUTILIZATION,0.5,True,0.6742857142857143,0.3209876543209876,0.3444444444444444,59,26,31,55
8,18,"['48267', '48269', '48274', '48276', '48307', '48283', '48284', '48303']",PRECISION_WASTE,0.4000000000000001,True,0.9268292682926828,0.048780487804878,0.123076923076923,114,2,16,39
8,18,"['48267', '48269', '48274', '48276', '48307', '48283', '48284', '48303']",BRANCH_MISPREDICTION,0.05,True,0.888888888888889,0.0666666666666666,0.0,36,9,0,126
8,18,"['48267', '48269', '48274', '48276', '48307', '48283', '48284', '48303']",CACHE_PRESSURE,0.4000000000000001,True,0.8235294117647058,0.1382978723404255,0.1818181818181818,63,13,14,81
8,18,"['48267', '48269', '48274', '48276', '48307', '48283', '48284', '48303']",INTRA_NODE_LOAD_IMBALANCE,0.35,True,0.6993006993006993,0.2710280373831775,0.21875,50,29,14,78
8,19,"['48270', '48276', '48278', '48307', '48293', '48295', '48304', '48283']",PIPELINE_STALL,0.2666666666666666,True,0.6862745098039216,0.0,0.4776119402985074,35,0,32,98
8,19,"['48270', '48276', '48278', '48307', '48293', '48295', '48304', '48283']",COMPUTE_UNDERUTILIZATION,0.375,True,0.946808510638298,0.131578947368421,0.0,89,10,0,66
8,19,"['48270', '48276', '48278', '48307', '48293', '48295', '48304', '48283']",PRECISION_WASTE,0.2,True,0.8650519031141869,0.975,0.0,125,39,0,1
8,19,"['48270', '48276', '48278', '48307', '48293', '48295', '48304', '48283']",BRANCH_MISPREDICTION,0.175,True,1.0,0.0,0.0,44,0,0,121
8,19,"['48270', '48276', '48278', '48307', '48293', '48295', '48304', '48283']",CACHE_PRESSURE,0.3625,True,0.6467065868263473,0.5315315315315315,0.0,54,59,0,52
8,19,"['48270', '48276', '48278', '48307', '48293', '48295', '48304', '48283']",INTRA_NODE_LOAD_IMBALANCE,0.425,True,0.7351351351351351,0.5051546391752577,0.0,68,49,0,48
8,20,"['48269', '48273', '48274', '48276', '48295', '48300', '48304', '48303']",PIPELINE_STALL,0.075,True,0.6464646464646464,0.6481481481481481,0.0,64,70,0,38
8,20,"['48269', '48273', '48274', '48276', '48295', '48300', '48304', '48303']",COMPUTE_UNDERUTILIZATION,0.5,True,0.8750000000000001,0.231578947368421,0.0,77,22,0,73
8,20,"['48269', '48273', '48274', '48276', '48295', '48300', '48304', '48303']",PRECISION_WASTE,0.3166666666666667,True,0.9294605809128632,0.0227272727272727,0.125,112,1,16,43
8,20,"['48269', '48273', '48274', '48276', '48295', '48300', '48304', '48303']",BRANCH_MISPREDICTION,0.2666666666666666,True,0.9705882352941176,0.0,0.0571428571428571,33,0,2,137
8,20,"['48269', '48273', '48274', '48276', '48295', '48300', '48304', '48303']",CACHE_PRESSURE,0.1833333333333333,True,0.8666666666666666,0.1470588235294117,0.0714285714285714,65,15,5,87
8,20,"['48269', '48273', '48274', '48276', '48295', '48300', '48304', '48303']",INTRA_NODE_LOAD_IMBALANCE,0.2,True,0.8000000000000002,0.3191489361702128,0.0769230769230769,72,30,6,64
8,21,"['48273', '48276', '48278', '48289', '48291', '48293', '48300', '48304']",PIPELINE_STALL,0.2,True,0.8160000000000001,0.2129629629629629,0.0,51,23,0,85
8,21,"['48273', '48276', '48278', '48289', '48291', '48293', '48300', '48304']",COMPUTE_UNDERUTILIZATION,0.2666666666666666,True,0.7851239669421488,0.8125,0.0,95,52,0,12
8,21,"['48273', '48276', '48278', '48289', '48291', '48293', '48300', '48304']",PRECISION_WASTE,0.4333333333333333,True,0.8478260869565216,0.0,0.2641509433962264,78,0,28,53
8,21,"['48273', '48276', '48278', '48289', '48291', '48293', '48300', '48304']",BRANCH_MISPREDICTION,0.075,True,0.9210526315789476,0.0483870967741935,0.0,35,6,0,118
8,21,"['48273', '48276', '48278', '48289', '48291', '48293', '48300', '48304']",CACHE_PRESSURE,0.175,True,0.5753424657534246,0.5089285714285714,0.1063829787234042,42,57,5,55
8,21,"['48273', '48276', '48278', '48289', '48291', '48293', '48300', '48304']",INTRA_NODE_LOAD_IMBALANCE,0.4833333333333334,True,0.9361702127659576,0.0,0.12,66,0,9,84
8,22,"['48267', '48269', '48273', '48278', '48291', '48293', '48300', '48303']",PIPELINE_STALL,0.2,True,0.7671232876712328,0.3008849557522124,0.0,56,34,0,79
8,22,"['48267', '48269', '48273', '48278', '48291', '48293', '48300', '48303']",COMPUTE_UNDERUTILIZATION,0.05,True,0.906367041198502,0.5208333333333334,0.0,121,25,0,23
8,22,"['48267', '48269', '48273', '48278', '48291', '48293', '48300', '48303']",PRECISION_WASTE,0.3,True,0.8761061946902654,0.0,0.2204724409448819,99,0,28,42
8,22,"['48267', '48269', '48273', '48278', '48291', '48293', '48300', '48303']",BRANCH_MISPREDICTION,0.25,True,0.7787610619469026,0.2,0.0,44,25,0,100
8,22,"['48267', '48269', '48273', '48278', '48291', '48293', '48300', '48303']",CACHE_PRESSURE,0.1625,True,0.8495575221238938,0.1034482758620689,0.0943396226415094,48,12,5,104
8,22,"['48267', '48269', '48273', '48278', '48291', '48293', '48300', '48303']",INTRA_NODE_LOAD_IMBALANCE,0.3,True,0.9137055837563453,0.2151898734177215,0.0,90,17,0,62
8,23,"['48270', '48278', '48290', '48295', '48300', '48305', '48284', '48303']",PIPELINE_STALL,0.0666666666666666,True,0.6421052631578947,0.5701754385964912,0.046875,61,65,3,49
8,23,"['48270', '48278', '48290', '48295', '48300', '48305', '48284', '48303']",COMPUTE_UNDERUTILIZATION,0.5000000000000001,True,0.628930817610063,0.0,0.5412844036697247,50,0,59,69
8,23,"['48270', '48278', '48290', '48295', '48300', '48305', '48284', '48303']",PRECISION_WASTE,0.2,True,0.9314079422382672,0.032258064516129,0.1224489795918367,129,1,18,30
8,23,"['48270', '48278', '48290', '48295', '48300', '48305', '48284', '48303']",BRANCH_MISPREDICTION,0.325,True,0.9156626506024096,0.05,0.0,38,7,0,133
8,23,"['48270', '48278', '48290', '48295', '48300', '48305', '48284', '48303']",CACHE_PRESSURE,0.3875,True,0.8333333333333334,0.0091743119266055,0.2753623188405797,50,1,19,108
8,23,"['48270', '48278', '48290', '48295', '48300', '48305', '48284', '48303']",INTRA_NODE_LOAD_IMBALANCE,0.3333333333333334,True,0.8235294117647058,0.2093023255813953,0.1630434782608695,77,18,15,68
8,24,"['48269', '48273', '48289', '48295', '48305', '48308', '48283', '48284']",PIPELINE_STALL,0.275,True,0.7657142857142858,0.4059405940594059,0.0,67,41,0,60
8,24,"['48269', '48273', '48289', '48295', '48305', '48308', '48283', '48284']",COMPUTE_UNDERUTILIZATION,0.4166666666666667,True,0.8481675392670157,0.1944444444444444,0.15625,81,14,15,58
8,24,"['48269', '48273', '48289', '48295', '48305', '48308', '48283', '48284']",PRECISION_WASTE,0.15,True,0.9562289562289564,0.5,0.0,142,13,0,13
8,24,"['48269', '48273', '48289', '48295', '48305', '48308', '48283', '48284']",BRANCH_MISPREDICTION,0.375,True,0.8865979381443299,0.0655737704918032,0.0652173913043478,43,8,3,114
8,24,"['48269', '48273', '48289', '48295', '48305', '48308', '48283', '48284']",CACHE_PRESSURE,0.4000000000000001,True,0.8529411764705882,0.0625,0.1944444444444444,58,6,14,90
8,24,"['48269', '48273', '48289', '48295', '48305', '48308', '48283', '48284']",INTRA_NODE_LOAD_IMBALANCE,0.15,True,0.8478260869565218,0.1842105263157894,0.1521739130434782,78,14,14,62
8,25,"['48270', '48289', '48307', '48295', '48304', '48283', '48284', '48303']",PIPELINE_STALL,0.25,True,0.5391304347826087,0.2342342342342342,0.4655172413793103,31,26,27,85
8,25,"['48270', '48289', '48307', '48295', '48304', '48283', '48284', '48303']",COMPUTE_UNDERUTILIZATION,0.625,True,0.9550561797752808,0.0952380952380952,0.0,85,8,0,76
8,25,"['48270', '48289', '48307', '48295', '48304', '48283', '48284', '48303']",PRECISION_WASTE,0.2833333333333334,True,0.9323308270676692,0.0689655172413793,0.1142857142857142,124,2,16,27
8,25,"['48270', '48289', '48307', '48295', '48304', '48283', '48284', '48303']",BRANCH_MISPREDICTION,0.1999999999999999,True,0.9069767441860463,0.0615384615384615,0.0,39,8,0,122
8,25,"['48270', '48289', '48307', '48295', '48304', '48283', '48284', '48303']",CACHE_PRESSURE,0.29,True,0.7777777777777778,0.2831858407079646,0.0,56,32,0,81
8,25,"['48270', '48289', '48307', '48295', '48304', '48283', '48284', '48303']",INTRA_NODE_LOAD_IMBALANCE,0.0833333333333333,True,0.6486486486486487,0.8041237113402062,0.0,72,78,0,19
8,26,"['48267', '48269', '48278', '48290', '48293', '48295', '48305', '48284']",PIPELINE_STALL,0.15,True,0.6086956521739131,0.0204081632653061,0.5512820512820513,35,2,43,96
8,26,"['48267', '48269', '48278', '48290', '48293', '48295', '48305', '48284']",COMPUTE_UNDERUTILIZATION,0.1,True,0.8421052631578947,0.175,0.2352941176470588,104,7,32,33
8,26,"['48267', '48269', '48278', '48290', '48293', '48295', '48305', '48284']",PRECISION_WASTE,0.5750000000000001,True,0.7238095238095238,0.0,0.4328358208955223,76,0,58,42
8,26,"['48267', '48269', '48278', '48290', '48293', '48295', '48305', '48284']",BRANCH_MISPREDICTION,0.5,True,0.8219178082191781,0.2241379310344827,0.0,60,26,0,90
8,26,"['48267', '48269', '48278', '48290', '48293', '48295', '48305', '48284']",CACHE_PRESSURE,0.375,True,0.7105263157894737,0.023076923076923,0.4130434782608695,27,3,19,127
8,26,"['48267', '48269', '48278', '48290', '48293', '48295', '48305', '48284']",INTRA_NODE_LOAD_IMBALANCE,0.075,True,0.8682170542635659,0.53125,0.0,112,34,0,30
8,27,"['48267', '48269', '48278', '48300', '48304', '48305', '48308', '48284']",PIPELINE_STALL,0.5,True,,0.0,1.0,0,0,90,79
8,27,"['48267', '48269', '48278', '48300', '48304', '48305', '48308', '48284']",COMPUTE_UNDERUTILIZATION,0.275,True,0.8744588744588745,0.4264705882352941,0.0,101,29,0,39
8,27,"['48267', '48269', '48278', '48300', '48304', '48305', '48308', '48284']",PRECISION_WASTE,0.05,True,0.9019607843137256,0.4629629629629629,0.0,115,25,0,29
8,27,"['48267', '48269', '48278', '48300', '48304', '48305', '48308', '48284']",BRANCH_MISPREDICTION,0.35,True,0.6984126984126985,0.304,0.0,44,38,0,87
8,27,"['48267', '48269', '48278', '48300', '48304', '48305', '48308', '48284']",CACHE_PRESSURE,0.4166666666666667,True,0.8333333333333334,0.01,0.2753623188405797,50,1,19,99
8,27,"['48267', '48269', '48278', '48300', '48304', '48305', '48308', '48284']",INTRA_NODE_LOAD_IMBALANCE,0.35,True,0.8393782383419688,0.0172413793103448,0.2702702702702703,81,1,30,57
8,28,"['48270', '48273', '48276', '48307', '48290', '48293', '48304', '48305']",PIPELINE_STALL,0.3,True,0.7107438016528925,0.2436974789915966,0.1224489795918367,43,29,6,90
8,28,"['48270', '48273', '48276', '48307', '48290', '48293', '48304', '48305']",COMPUTE_UNDERUTILIZATION,0.7500000000000001,True,0.9107981220657276,0.0545454545454545,0.1415929203539823,97,3,16,52
8,28,"['48270', '48273', '48276', '48307', '48290', '48293', '48304', '48305']",PRECISION_WASTE,0.05,True,0.753731343283582,0.9850746268656716,0.0,101,66,0,1
8,28,"['48270', '48273', '48276', '48307', '48290', '48293', '48304', '48305']",BRANCH_MISPREDICTION,0.35,True,0.9836065573770492,0.0072463768115942,0.0,30,1,0,137
8,28,"['48270', '48273', '48276', '48307', '48290', '48293', '48304', '48305']",CACHE_PRESSURE,0.4666666666666667,True,0.7708333333333334,0.018018018018018,0.3508771929824561,37,2,20,109
8,28,"['48270', '48273', '48276', '48307', '48290', '48293', '48304', '48305']",INTRA_NODE_LOAD_IMBALANCE,0.3,True,0.711340206185567,0.5656565656565656,0.0,69,56,0,43
8,29,"['48269', '48270', '48307', '48304', '48305', '48308', '48283', '48284']",PIPELINE_STALL,0.25,True,0.4259259259259259,0.1458333333333333,0.676056338028169,23,14,48,82
8,29,"['48269', '48270', '48307', '48304', '48305', '48308', '48283', '48284']",COMPUTE_UNDERUTILIZATION,0.1,True,0.9560975609756098,0.1304347826086956,0.0,98,9,0,60
8,29,"['48269', '48270', '48307', '48304', '48305', '48308', '48283', '48284']",PRECISION_WASTE,0.6500000000000001,True,0.9620253164556962,0.1538461538461538,0.008695652173913,114,8,1,44
8,29,"['48269', '48270', '48307', '48304', '48305', '48308', '48283', '48284']",BRANCH_MISPREDICTION,0.45,True,0.9176470588235294,0.0546875,0.0,39,7,0,121
8,29,"['48269', '48270', '48307', '48304', '48305', '48308', '48283', '48284']",CACHE_PRESSURE,0.1833333333333333,True,0.810126582278481,0.1797752808988764,0.1794871794871795,64,16,14,73
8,29,"['48269', '48270', '48307', '48304', '48305', '48308', '48283', '48284']",INTRA_NODE_LOAD_IMBALANCE,0.05,True,0.6942148760330578,0.891566265060241,0.0,84,74,0,9
8,30,"['48278', '48307', '48290', '48295', '48300', '48308', '48284', '48303']",PIPELINE_STALL,0.2333333333333333,True,0.4698795180722891,0.5794392523364486,0.4,39,62,26,45
8,30,"['48278', '48307', '48290', '48295', '48300', '48308', '48284', '48303']",COMPUTE_UNDERUTILIZATION,0.4750000000000001,True,0.624,1.0,0.0,78,94,0,0
8,30,"['48278', '48307', '48290', '48295', '48300', '48308', '48284', '48303']",PRECISION_WASTE,0.525,True,0.9964664310954064,0.032258064516129,0.0,141,1,0,30
8,30,"['48278', '48307', '48290', '48295', '48300', '48308', '48284', '48303']",BRANCH_MISPREDICTION,0.5,True,0.8055555555555556,0.0979020979020979,0.0,29,14,0,129
8,30,"['48278', '48307', '48290', '48295', '48300', '48308', '48284', '48303']",CACHE_PRESSURE,0.3666666666666667,True,0.825,0.2277227722772277,0.0704225352112676,66,23,5,78
8,30,"['48278', '48307', '48290', '48295', '48300', '48308', '48284', '48303']",INTRA_NODE_LOAD_IMBALANCE,0.25,True,0.8625,0.0121951219512195,0.2333333333333333,69,1,21,81
8,31,"['48269', '48274', '48276', '48307', '48290', '48295', '48308', '48303']",PIPELINE_STALL,0.1833333333333333,True,0.6477272727272727,0.5299145299145299,0.0,57,62,0,55
8,31,"['48269', '48274', '48276', '48307', '48290', '48295', '48308', '48303']",COMPUTE_UNDERUTILIZATION,0.9000000000000001,True,0.3302752293577982,0.0,0.8021978021978022,18,0,73,83
8,31,"['48269', '48274', '48276', '48307', '48290', '48295', '48308', '48303']",PRECISION_WASTE,0.4750000000000001,True,0.7230769230769231,0.864406779661017,0.1826086956521739,94,51,21,8
8,31,"['48269', '48274', '48276', '48307', '48290', '48295', '48308', '48303']",BRANCH_MISPREDICTION,0.7000000000000001,True,0.7951807228915663,0.0,0.34,33,0,17,124
8,31,"['48269', '48274', '48276', '48307', '48290', '48295', '48308', '48303']",CACHE_PRESSURE,0.375,True,0.7703703703703704,0.1078431372549019,0.2777777777777778,52,11,20,91
8,31,"['48269', '48274', '48276', '48307', '48290', '48295', '48308', '48303']",INTRA_NODE_LOAD_IMBALANCE,0.225,True,0.9893617021276596,0.0246913580246913,0.0,93,2,0,79
8,32,"['48267', '48270', '48273', '48278', '48305', '48283', '48284', '48303']",PIPELINE_STALL,0.1125,True,0.6444444444444445,0.5470085470085471,0.0,58,64,0,53
8,32,"['48267', '48270', '48273', '48278', '48305', '48283', '48284', '48303']",COMPUTE_UNDERUTILIZATION,0.4333333333333334,True,0.6242038216560509,0.0,0.5462962962962963,49,0,59,67
8,32,"['48267', '48270', '48273', '48278', '48305', '48283', '48284', '48303']",PRECISION_WASTE,0.05,True,0.9938271604938272,0.1428571428571428,0.0,161,2,0,12
8,32,"['48267', '48270', '48273', '48278', '48305', '48283', '48284', '48303']",BRANCH_MISPREDICTION,0.3,True,0.9195402298850576,0.0518518518518518,0.0,40,7,0,128
8,32,"['48267', '48270', '48273', '48278', '48305', '48283', '48284', '48303']",CACHE_PRESSURE,0.4,True,0.8823529411764706,0.0198019801980198,0.1891891891891892,60,2,14,99
8,32,"['48267', '48270', '48273', '48278', '48305', '48283', '48284', '48303']",INTRA_NODE_LOAD_IMBALANCE,0.1,True,0.7745098039215685,0.4791666666666667,0.0,79,46,0,50
8,33,"['48267', '48273', '48276', '48289', '48307', '48293', '48295', '48305']",PIPELINE_STALL,0.2666666666666666,True,0.7352941176470588,0.2285714285714285,0.1935483870967742,50,24,12,81
8,33,"['48267', '48273', '48276', '48289', '48307', '48293', '48295', '48305']",COMPUTE_UNDERUTILIZATION,0.55,True,0.7707317073170732,0.2807017543859649,0.2818181818181818,79,16,31,41
8,33,"['48267', '48273', '48276', '48289', '48307', '48293', '48295', '48305']",PRECISION_WASTE,0.05,True,0.8389513108614232,0.7818181818181819,0.0,112,43,0,12
8,33,"['48267', '48273', '48276', '48289', '48307', '48293', '48295', '48305']",BRANCH_MISPREDICTION,0.15,True,0.9863013698630138,0.0076335877862595,0.0,36,1,0,130
8,33,"['48267', '48273', '48276', '48289', '48307', '48293', '48295', '48305']",CACHE_PRESSURE,0.4375,True,0.7341772151898733,0.0,0.42,29,0,21,117
8,33,"['48267', '48273', '48276', '48289', '48307', '48293', '48295', '48305']",INTRA_NODE_LOAD_IMBALANCE,0.4625000000000001,True,1.0,0.0,0.0,76,0,0,91
8,34,"['48269', '48273', '48289', '48307', '48290', '48304', '48283', '48284']",PIPELINE_STALL,0.4666666666666666,True,0.7692307692307693,0.0166666666666666,0.3478260869565217,30,2,16,118
8,34,"['48269', '48273', '48289', '48307', '48290', '48304', '48283', '48284']",COMPUTE_UNDERUTILIZATION,0.0999999999999999,True,0.7736625514403292,0.7638888888888888,0.0,94,55,0,17
8,34,"['48269', '48273', '48289', '48307', '48290', '48304', '48283', '48284']",PRECISION_WASTE,0.25,True,0.955223880597015,0.3157894736842105,0.0,128,12,0,26
8,34,"['48269', '48273', '48289', '48307', '48290', '48304', '48283', '48284']",BRANCH_MISPREDICTION,0.3,True,0.6595744680851063,0.237037037037037,0.0,31,32,0,103
8,34,"['48269', '48273', '48289', '48307', '48290', '48304', '48283', '48284']",CACHE_PRESSURE,0.5166666666666667,True,0.8108108108108109,0.0654205607476635,0.2372881355932203,45,7,14,100
8,34,"['48269', '48273', '48289', '48307', '48290', '48304', '48283', '48284']",INTRA_NODE_LOAD_IMBALANCE,0.075,True,0.6936936936936936,0.7640449438202247,0.0,77,68,0,21
8,35,"['48274', '48276', '48278', '48295', '48304', '48305', '48308', '48283']",PIPELINE_STALL,0.125,True,0.7539267015706806,0.4736842105263157,0.027027027027027,72,45,2,50
8,35,"['48274', '48276', '48278', '48295', '48304', '48305', '48308', '48283']",COMPUTE_UNDERUTILIZATION,0.425,True,0.658008658008658,0.8494623655913979,0.0,76,79,0,14
8,35,"['48274', '48276', '48278', '48295', '48304', '48305', '48308', '48283']",PRECISION_WASTE,0.5,True,0.8767123287671234,0.8780487804878049,0.0,128,36,0,5
8,35,"['48274', '48276', '48278', '48295', '48304', '48305', '48308', '48283']",BRANCH_MISPREDICTION,0.5,True,0.8181818181818181,0.0,0.3076923076923077,45,0,20,104
8,35,"['48274', '48276', '48278', '48295', '48304', '48305', '48308', '48283']",CACHE_PRESSURE,0.4625,True,0.8666666666666665,0.0194174757281553,0.2121212121212121,52,2,14,101
8,35,"['48274', '48276', '48278', '48295', '48304', '48305', '48308', '48283']",INTRA_NODE_LOAD_IMBALANCE,0.3333333333333333,True,0.84,0.2428571428571428,0.1515151515151515,84,17,15,53
8,36,"['48269', '48278', '48289', '48293', '48304', '48308', '48283', '48284']",PIPELINE_STALL,0.275,True,0.7384615384615384,0.0588235294117647,0.3766233766233766,48,5,29,80
8,36,"['48269', '48278', '48289', '48293', '48304', '48308', '48283', '48284']",COMPUTE_UNDERUTILIZATION,0.2166666666666666,True,0.7868852459016393,0.7878787878787878,0.0,96,52,0,14
8,36,"['48269', '48278', '48289', '48293', '48304', '48308', '48283', '48284']",PRECISION_WASTE,0.2,True,0.915129151291513,0.6052631578947368,0.0,124,23,0,15
8,36,"['48269', '48278', '48289', '48293', '48304', '48308', '48283', '48284']",BRANCH_MISPREDICTION,0.5,True,0.8907563025210085,0.0588235294117647,0.1166666666666666,53,6,7,96
8,36,"['48269', '48278', '48289', '48293', '48304', '48308', '48283', '48284']",CACHE_PRESSURE,0.3625,True,0.9333333333333332,0.0754716981132075,0.0,56,8,0,98
8,36,"['48269', '48278', '48289', '48293', '48304', '48308', '48283', '48284']",INTRA_NODE_LOAD_IMBALANCE,0.2,True,0.8625592417061612,0.4084507042253521,0.0,91,29,0,42
8,37,"['48269', '48270', '48274', '48276', '48290', '48291', '48283', '48303']",PIPELINE_STALL,0.2333333333333333,True,0.4430379746835442,0.6397058823529411,0.0277777777777777,35,87,1,49
8,37,"['48269', '48270', '48274', '48276', '48290', '48291', '48283', '48303']",COMPUTE_UNDERUTILIZATION,0.6500000000000001,True,0.8040201005025126,0.0,0.3277310924369748,80,0,39,53
8,37,"['48269', '48270', '48274', '48276', '48290', '48291', '48283', '48303']",PRECISION_WASTE,0.7250000000000001,True,0.9181818181818182,0.0363636363636363,0.1367521367521367,101,2,16,53
8,37,"['48269', '48270', '48274', '48276', '48290', '48291', '48283', '48303']",BRANCH_MISPREDICTION,0.3,True,0.9464285714285716,0.0,0.1016949152542373,53,0,6,113
8,37,"['48269', '48270', '48274', '48276', '48290', '48291', '48283', '48303']",CACHE_PRESSURE,0.4000000000000001,True,0.8827586206896552,0.1574074074074074,0.0,64,17,0,91
8,37,"['48269', '48270', '48274', '48276', '48290', '48291', '48283', '48303']",INTRA_NODE_LOAD_IMBALANCE,0.45,True,0.7558139534883721,0.2934782608695652,0.1875,65,27,15,65
8,38,"['48267', '48270', '48276', '48291', '48295', '48304', '48308', '48283']",PIPELINE_STALL,0.15,True,0.7469879518072288,0.4,0.03125,62,40,2,60
8,38,"['48267', '48270', '48276', '48291', '48295', '48304', '48308', '48283']",COMPUTE_UNDERUTILIZATION,0.3166666666666667,True,0.9473684210526316,0.1692307692307692,0.0,99,11,0,54
8,38,"['48267', '48270', '48276', '48291', '48295', '48304', '48308', '48283']",PRECISION_WASTE,0.8,True,0.9272727272727272,0.1481481481481481,0.0727272727272727,102,8,8,46
8,38,"['48267', '48270', '48276', '48291', '48295', '48304', '48308', '48283']",BRANCH_MISPREDICTION,0.35,True,0.9074074074074074,0.0,0.1694915254237288,49,0,10,105
8,38,"['48267', '48270', '48276', '48291', '48295', '48304', '48308', '48283']",CACHE_PRESSURE,0.35,True,0.717948717948718,0.2704918032786885,0.0,42,33,0,89
8,38,"['48267', '48270', '48276', '48291', '48295', '48304', '48308', '48283']",INTRA_NODE_LOAD_IMBALANCE,0.225,True,0.8795811518324608,0.1363636363636363,0.1428571428571428,84,9,14,57
8,39,"['48276', '48289', '48290', '48291', '48293', '48304', '48308', '48284']",PIPELINE_STALL,0.2,True,0.4383561643835616,0.0,0.7192982456140351,16,0,41,103
8,39,"['48276', '48289', '48290', '48291', '48293', '48304', '48308', '48284']",COMPUTE_UNDERUTILIZATION,0.15,True,0.7969924812030075,1.0,0.0,106,54,0,0
8,39,"['48276', '48289', '48290', '48291', '48293', '48304', '48308', '48284']",PRECISION_WASTE,0.05,True,0.7530364372469636,0.9104477611940298,0.0,93,61,0,6
8,39,"['48276', '48289', '48290', '48291', '48293', '48304', '48308', '48284']",BRANCH_MISPREDICTION,0.225,True,0.98,0.0,0.0392156862745098,49,0,2,109
8,39,"['48276', '48289', '48290', '48291', '48293', '48304', '48308', '48284']",CACHE_PRESSURE,0.35,True,0.6818181818181818,0.1774193548387097,0.1666666666666666,30,22,6,102
8,39,"['48276', '48289', '48290', '48291', '48293', '48304', '48308', '48284']",INTRA_NODE_LOAD_IMBALANCE,0.375,True,0.994535519125683,0.0144927536231884,0.0,91,1,0,68
8,40,"['48269', '48273', '48291', '48304', '48308', '48283', '48284', '48303']",PIPELINE_STALL,0.1166666666666666,True,0.6256983240223464,0.6090909090909091,0.0,56,67,0,43
8,40,"['48269', '48273', '48291', '48304', '48308', '48283', '48284', '48303']",COMPUTE_UNDERUTILIZATION,0.675,True,0.9333333333333332,0.0,0.125,77,0,11,78
8,40,"['48269', '48273', '48291', '48304', '48308', '48283', '48284', '48303']",PRECISION_WASTE,0.275,True,0.8381742738589212,0.037037037037037,0.2733812949640288,101,1,38,26
8,40,"['48269', '48273', '48291', '48304', '48308', '48283', '48284', '48303']",BRANCH_MISPREDICTION,0.5,True,0.8602150537634409,0.0583333333333333,0.1304347826086956,40,7,6,113
8,40,"['48269', '48273', '48291', '48304', '48308', '48283', '48284', '48303']",CACHE_PRESSURE,0.2333333333333333,True,0.8551724137931034,0.2019230769230769,0.0,62,21,0,83
8,40,"['48269', '48273', '48291', '48304', '48308', '48283', '48284', '48303']",INTRA_NODE_LOAD_IMBALANCE,0.275,True,0.912280701754386,0.0135135135135135,0.1521739130434782,78,1,14,73
8,41,"['48270', '48278', '48289', '48295', '48305', '48308', '48283', '48284']",PIPELINE_STALL,0.0666666666666666,True,0.5925925925925926,0.6470588235294118,0.1641791044776119,56,66,11,36
8,41,"['48270', '48278', '48289', '48295', '48305', '48308', '48283', '48284']",COMPUTE_UNDERUTILIZATION,0.0833333333333333,True,0.9295774647887324,0.2142857142857142,0.0,99,15,0,55
8,41,"['48270', '48278', '48289', '48295', '48305', '48308', '48283', '48284']",PRECISION_WASTE,0.4,True,0.9726027397260272,0.2962962962962963,0.0,142,8,0,19
8,41,"['48270', '48278', '48289', '48295', '48305', '48308', '48283', '48284']",BRANCH_MISPREDICTION,0.3,True,0.9391304347826086,0.0608695652173913,0.0,54,7,0,108
8,41,"['48270', '48278', '48289', '48295', '48305', '48308', '48283', '48284']",CACHE_PRESSURE,0.45,True,0.890625,0.0,0.1971830985915492,57,0,14,98
8,41,"['48270', '48278', '48289', '48295', '48305', '48308', '48283', '48284']",INTRA_NODE_LOAD_IMBALANCE,0.2833333333333334,True,0.8914285714285715,0.0526315789473684,0.1612903225806451,78,4,15,72
8,42,"['48270', '48276', '48278', '48289', '48295', '48304', '48283', '48303']",PIPELINE_STALL,0.275,True,0.6282051282051282,0.4150943396226415,0.2222222222222222,49,44,14,62
8,42,"['48270', '48276', '48278', '48289', '48295', '48304', '48283', '48303']",COMPUTE_UNDERUTILIZATION,0.15,True,0.8093023255813954,0.5,0.0,87,41,0,41
8,42,"['48270', '48276', '48278', '48289', '48295', '48304', '48283', '48303']",PRECISION_WASTE,0.25,True,0.931818181818182,0.0666666666666666,0.1151079136690647,123,2,16,28
8,42,"['48270', '48276', '48278', '48289', '48295', '48304', '48283', '48303']",BRANCH_MISPREDICTION,0.35,True,0.936936936936937,0.0,0.1186440677966101,52,0,7,110
8,42,"['48270', '48276', '48278', '48289', '48295', '48304', '48283', '48303']",CACHE_PRESSURE,0.33,True,0.8270676691729323,0.2017543859649122,0.0,55,23,0,91
8,42,"['48270', '48276', '48278', '48289', '48295', '48304', '48283', '48303']",INTRA_NODE_LOAD_IMBALANCE,0.1625,True,0.7926267281105991,0.5421686746987951,0.0,86,45,0,38
8,43,"['48270', '48274', '48276', '48278', '48289', '48304', '48305', '48284']",PIPELINE_STALL,0.1875,True,0.6666666666666667,0.2252252252252252,0.288135593220339,42,25,17,86
8,43,"['48270', '48274', '48276', '48278', '48289', '48304', '48305', '48284']",COMPUTE_UNDERUTILIZATION,0.25,True,0.9850746268656716,0.0422535211267605,0.0,99,3,0,68
8,43,"['48270', '48274', '48276', '48278', '48289', '48304', '48305', '48284']",PRECISION_WASTE,0.05,True,0.8984375,0.4727272727272727,0.0,115,26,0,29
8,43,"['48270', '48274', '48276', '48278', '48289', '48304', '48305', '48284']",BRANCH_MISPREDICTION,0.25,True,1.0,0.0,0.0,45,0,0,125
8,43,"['48270', '48274', '48276', '48278', '48289', '48304', '48305', '48284']",CACHE_PRESSURE,0.4125,True,0.8412698412698413,0.0,0.273972602739726,53,0,20,97
8,43,"['48270', '48274', '48276', '48278', '48289', '48304', '48305', '48284']",INTRA_NODE_LOAD_IMBALANCE,0.1125,True,0.8223350253807107,0.3932584269662921,0.0,81,35,0,54
8,44,"['48267', '48270', '48276', '48278', '48290', '48293', '48300', '48308']",PIPELINE_STALL,0.075,True,0.9189189189189187,0.1224489795918367,0.0,68,12,0,86
8,44,"['48267', '48270', '48276', '48278', '48290', '48293', '48300', '48308']",COMPUTE_UNDERUTILIZATION,0.4750000000000001,True,0.9047619047619048,0.0192307692307692,0.1666666666666666,95,1,19,51
8,44,"['48267', '48270', '48276', '48278', '48290', '48293', '48300', '48308']",PRECISION_WASTE,0.3,True,0.7586206896551725,0.9402985074626866,0.0,99,63,0,4
8,44,"['48267', '48270', '48276', '48278', '48290', '48293', '48300', '48308']",BRANCH_MISPREDICTION,0.3,True,1.0,0.0,0.0,43,0,0,123
8,44,"['48267', '48270', '48276', '48278', '48290', '48293', '48300', '48308']",CACHE_PRESSURE,0.35,True,0.7931034482758621,0.102803738317757,0.2203389830508474,46,11,13,96
8,44,"['48267', '48270', '48276', '48278', '48290', '48293', '48300', '48308']",INTRA_NODE_LOAD_IMBALANCE,0.45,True,0.9938650306748468,0.0,0.0121951219512195,81,0,1,84
8,45,"['48270', '48274', '48278', '48293', '48304', '48283', '48284', '48303']",PIPELINE_STALL,0.15,True,0.742138364779874,0.3603603603603603,0.0166666666666666,59,40,1,71
8,45,"['48270', '48274', '48278', '48293', '48304', '48283', '48284', '48303']",COMPUTE_UNDERUTILIZATION,0.05,True,0.7421875,0.868421052631579,0.0,95,66,0,10
8,45,"['48270', '48274', '48278', '48293', '48304', '48283', '48284', '48303']",PRECISION_WASTE,0.3166666666666667,True,0.8705882352941177,0.0,0.2291666666666666,111,0,33,27
8,45,"['48270', '48274', '48278', '48293', '48304', '48283', '48284', '48303']",BRANCH_MISPREDICTION,0.275,True,0.9391304347826086,0.0598290598290598,0.0,54,7,0,110
8,45,"['48270', '48274', '48278', '48293', '48304', '48283', '48284', '48303']",CACHE_PRESSURE,0.3625,True,0.8413793103448275,0.209090909090909,0.0,61,23,0,87
8,45,"['48270', '48274', '48278', '48293', '48304', '48283', '48284', '48303']",INTRA_NODE_LOAD_IMBALANCE,0.3166666666666667,True,0.7674418604651162,0.3809523809523809,0.0,66,40,0,65
8,46,"['48267', '48274', '48276', '48293', '48295', '48308', '48284', '48303']",PIPELINE_STALL,0.175,True,0.6379310344827586,0.010752688172043,0.5256410256410257,37,1,41,92
8,46,"['48267', '48274', '48276', '48293', '48295', '48308', '48284', '48303']",COMPUTE_UNDERUTILIZATION,0.7500000000000001,True,0.7790697674418605,0.1645569620253164,0.2717391304347826,67,13,25,66
8,46,"['48267', '48274', '48276', '48293', '48295', '48308', '48284', '48303']",PRECISION_WASTE,0.5833333333333334,True,0.9758064516129032,0.0,0.0472440944881889,121,0,6,44
8,46,"['48267', '48274', '48276', '48293', '48295', '48308', '48284', '48303']",BRANCH_MISPREDICTION,0.275,True,0.98,0.0,0.0392156862745098,49,0,2,120
8,46,"['48267', '48274', '48276', '48293', '48295', '48308', '48284', '48303']",CACHE_PRESSURE,0.3,True,0.7906976744186046,0.1842105263157894,0.1052631578947368,51,21,6,93
8,46,"['48267', '48274', '48276', '48293', '48295', '48308', '48284', '48303']",INTRA_NODE_LOAD_IMBALANCE,0.225,True,0.854054054054054,0.2934782608695652,0.0,79,27,0,65
8,47,"['48269', '48270', '48273', '48276', '48307', '48290', '48305', '48284']",PIPELINE_STALL,0.4,True,0.5588235294117647,0.0,0.6122448979591837,19,0,30,123
8,47,"['48269', '48270', '48273', '48276', '48307', '48290', '48305', '48284']",COMPUTE_UNDERUTILIZATION,0.5,True,0.5384615384615384,0.0,0.631578947368421,42,0,72,58
8,47,"['48269', '48270', '48273', '48276', '48307', '48290', '48305', '48284']",PRECISION_WASTE,0.5,True,0.9477911646586346,0.2407407407407407,0.0,118,13,0,41
8,47,"['48269', '48270', '48273', '48276', '48307', '48290', '48305', '48284']",BRANCH_MISPREDICTION,0.475,True,0.8421052631578948,0.0384615384615384,0.0,16,6,0,150
8,47,"['48269', '48270', '48273', '48276', '48307', '48290', '48305', '48284']",CACHE_PRESSURE,0.3,True,0.825,0.1034482758620689,0.2235294117647059,66,9,19,78
8,47,"['48269', '48270', '48273', '48276', '48307', '48290', '48305', '48284']",INTRA_NODE_LOAD_IMBALANCE,0.125,True,0.64,0.4803921568627451,0.2,56,49,14,53
8,48,"['48270', '48273', '48278', '48307', '48305', '48308', '48284', '48303']",PIPELINE_STALL,0.4375,True,0.8602150537634409,0.0,0.2452830188679245,40,0,13,120
8,48,"['48270', '48273', '48278', '48307', '48305', '48308', '48284', '48303']",COMPUTE_UNDERUTILIZATION,0.05,True,0.7330677290836654,0.8271604938271605,0.0,92,67,0,14
8,48,"['48270', '48273', '48278', '48307', '48305', '48308', '48284', '48303']",PRECISION_WASTE,0.5,True,0.848,0.0333333333333333,0.2587412587412587,106,1,37,29
8,48,"['48270', '48273', '48278', '48307', '48305', '48308', '48284', '48303']",BRANCH_MISPREDICTION,0.7500000000000001,True,0.9803921568627452,0.0067567567567567,0.0,25,1,0,147
8,48,"['48270', '48273', '48278', '48307', '48305', '48308', '48284', '48303']",CACHE_PRESSURE,0.375,True,0.8795180722891566,0.0123456790123456,0.2065217391304347,73,1,19,80
8,48,"['48270', '48273', '48278', '48307', '48305', '48308', '48284', '48303']",INTRA_NODE_LOAD_IMBALANCE,0.5750000000000001,True,0.6324786324786325,0.0106382978723404,0.5316455696202531,37,1,42,93
8,49,"['48270', '48273', '48274', '48295', '48304', '48305', '48308', '48284']",PIPELINE_STALL,0.1666666666666666,True,0.6787878787878787,0.4434782608695652,0.0344827586206896,56,51,2,64
8,49,"['48270', '48273', '48274', '48295', '48304', '48305', '48308', '48284']",COMPUTE_UNDERUTILIZATION,0.5,True,0.9836065573770492,0.036144578313253,0.0,90,3,0,80
8,49,"['48270', '48273', '48274', '48295', '48304', '48305', '48308', '48284']",PRECISION_WASTE,0.225,True,0.9562043795620436,0.2857142857142857,0.0,131,12,0,30
8,49,"['48270', '48273', '48274', '48295', '48304', '48305', '48308', '48284']",BRANCH_MISPREDICTION,0.2166666666666666,True,0.8333333333333333,0.1203007518796992,0.0,40,16,0,117
8,49,"['48270', '48273', '48274', '48295', '48304', '48305', '48308', '48284']",CACHE_PRESSURE,0.45,True,0.8320000000000001,0.0099009900990099,0.2777777777777778,52,1,20,100
8,49,"['48270', '48273', '48274', '48295', '48304', '48305', '48308', '48284']",INTRA_NODE_LOAD_IMBALANCE,0.4,True,0.8834355828220859,0.0352941176470588,0.1818181818181818,72,3,16,82
10,0,"['48269', '48270', '48273', '48276', '48278', '48307', '48290', '48291', '48295', '48308']",PIPELINE_STALL,0.0999999999999999,True,0.4328358208955224,0.6785714285714286,0.0,29,76,0,36
10,0,"['48269', '48270', '48273', '48276', '48278', '48307', '48290', '48291', '48295', '48308']",COMPUTE_UNDERUTILIZATION,0.2833333333333334,True,0.936842105263158,0.2307692307692307,0.0,89,12,0,40
10,0,"['48269', '48270', '48273', '48276', '48278', '48307', '48290', '48291', '48295', '48308']",PRECISION_WASTE,0.4166666666666667,True,0.9607843137254902,0.1860465116279069,0.0,98,8,0,35
10,0,"['48269', '48270', '48273', '48276', '48278', '48307', '48290', '48291', '48295', '48308']",BRANCH_MISPREDICTION,0.1249999999999999,True,0.8,0.1351351351351351,0.0,30,15,0,96
10,0,"['48269', '48270', '48273', '48276', '48278', '48307', '48290', '48291', '48295', '48308']",CACHE_PRESSURE,0.175,True,0.8549618320610688,0.175,0.081967213114754,56,14,5,66
10,0,"['48269', '48270', '48273', '48276', '48278', '48307', '48290', '48291', '48295', '48308']",INTRA_NODE_LOAD_IMBALANCE,0.2750000000000001,True,0.8,0.0,0.3333333333333333,56,0,28,57
10,1,"['48269', '48270', '48278', '48307', '48290', '48300', '48304', '48305', '48284', '48303']",PIPELINE_STALL,0.225,True,0.8396946564885496,0.2282608695652173,0.0,55,21,0,71
10,1,"['48269', '48270', '48278', '48307', '48290', '48300', '48304', '48305', '48284', '48303']",COMPUTE_UNDERUTILIZATION,0.3,True,0.9047619047619048,0.0178571428571428,0.1648351648351648,76,1,15,55
10,1,"['48269', '48270', '48278', '48307', '48290', '48300', '48304', '48305', '48284', '48303']",PRECISION_WASTE,0.325,True,0.839779005524862,0.0232558139534883,0.2692307692307692,76,1,28,42
10,1,"['48269', '48270', '48278', '48307', '48290', '48300', '48304', '48305', '48284', '48303']",BRANCH_MISPREDICTION,0.1,True,0.8363636363636363,0.0725806451612903,0.0,23,9,0,115
10,1,"['48269', '48270', '48278', '48307', '48290', '48300', '48304', '48305', '48284', '48303']",CACHE_PRESSURE,0.4166666666666667,True,0.8245614035087719,0.0123456790123456,0.2878787878787879,47,1,19,80
10,1,"['48269', '48270', '48278', '48307', '48290', '48300', '48304', '48305', '48284', '48303']",INTRA_NODE_LOAD_IMBALANCE,0.1833333333333333,True,0.7974683544303799,0.2571428571428571,0.1818181818181818,63,18,14,52
10,2,"['48269', '48274', '48307', '48290', '48293', '48305', '48308', '48283', '48284', '48303']",PIPELINE_STALL,0.1625,True,0.7000000000000001,0.4175824175824176,0.0754716981132075,49,38,4,53
10,2,"['48269', '48274', '48307', '48290', '48293', '48305', '48308', '48283', '48284', '48303']",COMPUTE_UNDERUTILIZATION,0.1833333333333333,True,0.8653846153846153,0.5185185185185185,0.0,90,28,0,26
10,2,"['48269', '48274', '48307', '48290', '48293', '48305', '48308', '48283', '48284', '48303']",PRECISION_WASTE,0.3833333333333334,True,0.7836257309941521,0.0,0.3557692307692308,67,0,37,40
10,2,"['48269', '48274', '48307', '48290', '48293', '48305', '48308', '48283', '48284', '48303']",BRANCH_MISPREDICTION,0.15,True,0.8571428571428571,0.1515151515151515,0.0,45,15,0,84
10,2,"['48269', '48274', '48307', '48290', '48293', '48305', '48308', '48283', '48284', '48303']",CACHE_PRESSURE,0.4,True,0.8135593220338982,0.0975609756097561,0.2258064516129032,48,8,14,74
10,2,"['48269', '48274', '48307', '48290', '48293', '48305', '48308', '48283', '48284', '48303']",INTRA_NODE_LOAD_IMBALANCE,0.275,True,0.888888888888889,0.2,0.0,64,16,0,64
10,3,"['48269', '48273', '48274', '48276', '48289', '48290', '48291', '48300', '48304', '48305']",PIPELINE_STALL,0.3999999999999999,True,0.6444444444444444,0.2777777777777778,0.064516129032258,29,30,2,78
10,3,"['48269', '48273', '48274', '48276', '48289', '48290', '48291', '48300', '48304', '48305']",COMPUTE_UNDERUTILIZATION,0.425,True,0.9261083743842364,0.3333333333333333,0.0,94,15,0,30
10,3,"['48269', '48273', '48274', '48276', '48289', '48290', '48291', '48300', '48304', '48305']",PRECISION_WASTE,0.05,True,0.6824644549763034,1.0,0.0,72,67,0,0
10,3,"['48269', '48273', '48274', '48276', '48289', '48290', '48291', '48300', '48304', '48305']",BRANCH_MISPREDICTION,0.2833333333333334,True,0.955223880597015,0.0,0.0857142857142857,32,0,3,104
10,3,"['48269', '48273', '48274', '48276', '48289', '48290', '48291', '48300', '48304', '48305']",CACHE_PRESSURE,0.4125,True,0.923076923076923,0.0109890109890109,0.125,42,1,6,90
10,3,"['48269', '48273', '48274', '48276', '48289', '48290', '48291', '48300', '48304', '48305']",INTRA_NODE_LOAD_IMBALANCE,0.0833333333333333,True,0.7428571428571429,0.8852459016393442,0.0,78,54,0,7
10,4,"['48267', '48269', '48274', '48276', '48278', '48290', '48291', '48293', '48300', '48304']",PIPELINE_STALL,0.0625,True,0.6060606060606061,0.7303370786516854,0.0,50,65,0,24
10,4,"['48267', '48269', '48274', '48276', '48278', '48290', '48291', '48293', '48300', '48304']",COMPUTE_UNDERUTILIZATION,0.225,True,0.8995633187772926,0.6388888888888888,0.0,103,23,0,13
10,4,"['48267', '48269', '48274', '48276', '48278', '48290', '48291', '48293', '48300', '48304']",PRECISION_WASTE,0.05,True,0.6824644549763034,1.0,0.0,72,67,0,0
10,4,"['48267', '48269', '48274', '48276', '48278', '48290', '48291', '48293', '48300', '48304']",BRANCH_MISPREDICTION,0.5,True,0.9347826086956522,0.0,0.1224489795918367,43,0,6,90
10,4,"['48267', '48269', '48274', '48276', '48278', '48290', '48291', '48293', '48300', '48304']",CACHE_PRESSURE,0.4833333333333334,True,0.787878787878788,0.0833333333333333,0.1612903225806451,26,9,5,99
10,4,"['48267', '48269', '48274', '48276', '48278', '48290', '48291', '48293', '48300', '48304']",INTRA_NODE_LOAD_IMBALANCE,0.3500000000000001,True,0.9940119760479044,0.0178571428571428,0.0,83,1,0,55
10,5,"['48267', '48270', '48276', '48291', '48293', '48300', '48304', '48308', '48283', '48284']",PIPELINE_STALL,0.3,True,0.4,0.0,0.75,16,0,48,66
10,5,"['48267', '48270', '48276', '48291', '48293', '48300', '48304', '48308', '48283', '48284']",COMPUTE_UNDERUTILIZATION,0.225,True,0.870967741935484,0.4897959183673469,0.0,81,24,0,25
10,5,"['48267', '48270', '48276', '48291', '48293', '48300', '48304', '48308', '48283', '48284']",PRECISION_WASTE,0.4833333333333334,True,0.9580838323353292,0.14,0.0,80,7,0,43
10,5,"['48267', '48270', '48276', '48291', '48293', '48300', '48304', '48308', '48283', '48284']",BRANCH_MISPREDICTION,0.225,True,0.983050847457627,0.0099009900990099,0.0,29,1,0,100
10,5,"['48267', '48270', '48276', '48291', '48293', '48300', '48304', '48308', '48283', '48284']",CACHE_PRESSURE,0.2875,True,0.6964285714285715,0.3736263736263736,0.0,39,34,0,57
10,5,"['48267', '48270', '48276', '48291', '48293', '48300', '48304', '48308', '48283', '48284']",INTRA_NODE_LOAD_IMBALANCE,0.4,True,0.9636363636363636,0.0519480519480519,0.0,53,4,0,73
10,6,"['48267', '48270', '48274', '48278', '48289', '48293', '48300', '48304', '48305', '48283']",PIPELINE_STALL,0.2,True,0.8593750000000001,0.2142857142857142,0.0,55,18,0,66
10,6,"['48267', '48270', '48274', '48278', '48289', '48293', '48300', '48304', '48305', '48283']",COMPUTE_UNDERUTILIZATION,0.4333333333333334,True,0.9171270718232044,0.0,0.1530612244897959,83,0,15,41
10,6,"['48267', '48270', '48274', '48278', '48289', '48293', '48300', '48304', '48305', '48283']",PRECISION_WASTE,0.4625000000000001,True,0.8110599078341014,0.803921568627451,0.0,88,41,0,10
10,6,"['48267', '48270', '48274', '48278', '48289', '48293', '48300', '48304', '48305', '48283']",BRANCH_MISPREDICTION,0.5,True,0.9904761904761904,0.0114942528735632,0.0,52,1,0,86
10,6,"['48267', '48270', '48274', '48278', '48289', '48293', '48300', '48304', '48305', '48283']",CACHE_PRESSURE,0.375,True,0.7941176470588235,0.0,0.3414634146341463,27,0,14,98
10,6,"['48267', '48270', '48274', '48278', '48289', '48293', '48300', '48304', '48305', '48283']",INTRA_NODE_LOAD_IMBALANCE,0.1833333333333333,True,0.6956521739130436,0.7466666666666667,0.0,64,56,0,19
10,7,"['48267', '48269', '48270', '48278', '48289', '48295', '48305', '48308', '48284', '48303']",PIPELINE_STALL,0.2333333333333333,True,0.7407407407407406,0.0123456790123456,0.4029850746268656,40,1,27,80
10,7,"['48267', '48269', '48270', '48278', '48289', '48295', '48305', '48308', '48284', '48303']",COMPUTE_UNDERUTILIZATION,0.05,True,0.976303317535545,0.1111111111111111,0.0,103,5,0,40
10,7,"['48267', '48269', '48270', '48278', '48289', '48295', '48305', '48308', '48284', '48303']",PRECISION_WASTE,0.225,True,0.9914529914529916,0.0625,0.0,116,2,0,30
10,7,"['48267', '48269', '48270', '48278', '48289', '48295', '48305', '48308', '48284', '48303']",BRANCH_MISPREDICTION,0.325,True,0.9391304347826086,0.0744680851063829,0.0,54,7,0,87
10,7,"['48267', '48269', '48270', '48278', '48289', '48295', '48305', '48308', '48284', '48303']",CACHE_PRESSURE,0.4875,True,0.8080808080808081,0.0,0.3220338983050847,40,0,19,89
10,7,"['48267', '48269', '48270', '48278', '48289', '48295', '48305', '48308', '48284', '48303']",INTRA_NODE_LOAD_IMBALANCE,0.3166666666666666,True,0.9157894736842106,0.0217391304347826,0.1470588235294117,87,1,15,45
10,8,"['48267', '48276', '48278', '48307', '48291', '48295', '48300', '48304', '48283', '48303']",PIPELINE_STALL,0.1666666666666666,True,0.8260869565217391,0.2962962962962963,0.0,57,24,0,57
10,8,"['48267', '48276', '48278', '48307', '48291', '48295', '48300', '48304', '48283', '48303']",COMPUTE_UNDERUTILIZATION,0.3625,True,0.8322147651006712,0.3289473684210526,0.0,62,25,0,51
10,8,"['48267', '48276', '48278', '48307', '48291', '48295', '48300', '48304', '48283', '48303']",PRECISION_WASTE,0.24,True,0.9108910891089108,0.0344827586206896,0.1559633027522936,92,1,17,28
10,8,"['48267', '48276', '48278', '48307', '48291', '48295', '48300', '48304', '48283', '48303']",BRANCH_MISPREDICTION,0.1,True,0.9855072463768116,0.0096153846153846,0.0,34,1,0,103
10,8,"['48267', '48276', '48278', '48307', '48291', '48295', '48300', '48304', '48283', '48303']",CACHE_PRESSURE,0.375,True,0.6666666666666666,0.3663366336633663,0.0,37,37,0,64
10,8,"['48267', '48276', '48278', '48307', '48291', '48295', '48300', '48304', '48283', '48303']",INTRA_NODE_LOAD_IMBALANCE,0.5,True,0.8702290076335879,0.0,0.2297297297297297,57,0,17,64
10,9,"['48267', '48269', '48270', '48273', '48278', '48307', '48290', '48291', '48295', '48303']",PIPELINE_STALL,0.39,True,0.5208333333333333,0.3709677419354839,0.0,25,46,0,78
10,9,"['48267', '48269', '48270', '48273', '48278', '48307', '48290', '48291', '48295', '48303']",COMPUTE_UNDERUTILIZATION,0.05,True,0.944206008583691,0.3333333333333333,0.0,110,13,0,26
10,9,"['48267', '48269', '48270', '48273', '48278', '48307', '48290', '48291', '48295', '48303']",PRECISION_WASTE,0.5,True,0.9181818181818182,0.0625,0.1367521367521367,101,2,16,30
10,9,"['48267', '48269', '48270', '48273', '48278', '48307', '48290', '48291', '48295', '48303']",BRANCH_MISPREDICTION,0.25,True,0.9176470588235294,0.0636363636363636,0.0,39,7,0,103
10,9,"['48267', '48269', '48270', '48273', '48278', '48307', '48290', '48291', '48295', '48303']",CACHE_PRESSURE,0.4000000000000001,True,0.8478260869565218,0.0857142857142857,0.1136363636363636,39,9,5,96
10,9,"['48267', '48269', '48270', '48273', '48278', '48307', '48290', '48291', '48295', '48303']",INTRA_NODE_LOAD_IMBALANCE,0.1625,True,0.911764705882353,0.3214285714285714,0.0,93,18,0,38
10,10,"['48270', '48274', '48276', '48278', '48289', '48290', '48291', '48293', '48308', '48284']",PIPELINE_STALL,0.3,True,0.4102564102564102,0.0,0.7419354838709677,8,0,23,106
10,10,"['48270', '48274', '48276', '48278', '48289', '48290', '48291', '48293', '48308', '48284']",COMPUTE_UNDERUTILIZATION,0.25,True,0.9849246231155778,0.0769230769230769,0.0,98,3,0,36
10,10,"['48270', '48274', '48276', '48278', '48289', '48290', '48291', '48293', '48308', '48284']",PRECISION_WASTE,0.55,True,0.9595375722543352,0.1296296296296296,0.0,83,7,0,47
10,10,"['48270', '48274', '48276', '48278', '48289', '48290', '48291', '48293', '48308', '48284']",BRANCH_MISPREDICTION,0.3,True,1.0,0.0,0.0,45,0,0,92
10,10,"['48270', '48274', '48276', '48278', '48289', '48290', '48291', '48293', '48308', '48284']",CACHE_PRESSURE,0.38,True,0.7652173913043478,0.25,0.1020408163265306,44,22,5,66
10,10,"['48270', '48274', '48276', '48278', '48289', '48290', '48291', '48293', '48308', '48284']",INTRA_NODE_LOAD_IMBALANCE,0.1875,True,0.9041095890410958,0.1971830985915492,0.0,66,14,0,57
10,11,"['48270', '48273', '48274', '48278', '48307', '48295', '48300', '48304', '48283', '48303']",PIPELINE_STALL,0.25,True,0.6166666666666667,0.4299065420560747,0.0,37,46,0,61
10,11,"['48270', '48273', '48274', '48278', '48307', '48295', '48300', '48304', '48283', '48303']",COMPUTE_UNDERUTILIZATION,0.4750000000000001,True,0.7938931297709924,0.2934782608695652,0.0,52,27,0,65
10,11,"['48270', '48273', '48274', '48278', '48307', '48295', '48300', '48304', '48283', '48303']",PRECISION_WASTE,0.3,True,0.9300411522633744,0.0666666666666666,0.1240310077519379,113,1,16,14
10,11,"['48270', '48273', '48274', '48278', '48307', '48295', '48300', '48304', '48283', '48303']",BRANCH_MISPREDICTION,0.45,True,0.8679245283018869,0.0578512396694214,0.0,23,7,0,114
10,11,"['48270', '48273', '48274', '48278', '48307', '48295', '48300', '48304', '48283', '48303']",CACHE_PRESSURE,0.35,True,0.8533333333333333,0.275,0.0,64,22,0,58
10,11,"['48270', '48273', '48274', '48278', '48307', '48295', '48300', '48304', '48283', '48303']",INTRA_NODE_LOAD_IMBALANCE,0.2,True,0.5263157894736842,0.5106382978723404,0.3,35,48,15,46
10,12,"['48267', '48270', '48274', '48289', '48307', '48295', '48300', '48304', '48305', '48308']",PIPELINE_STALL,0.1875,True,0.7716535433070867,0.2758620689655172,0.0925925925925925,49,24,5,63
10,12,"['48267', '48270', '48274', '48289', '48307', '48295', '48300', '48304', '48305', '48308']",COMPUTE_UNDERUTILIZATION,0.65,True,0.9818181818181818,0.05,0.0,81,3,0,57
10,12,"['48267', '48270', '48274', '48289', '48307', '48295', '48300', '48304', '48305', '48308']",PRECISION_WASTE,0.05,True,0.676056338028169,1.0,0.0,72,69,0,0
10,12,"['48267', '48270', '48274', '48289', '48307', '48295', '48300', '48304', '48305', '48308']",BRANCH_MISPREDICTION,0.25,True,0.9135802469135804,0.0673076923076923,0.0,37,7,0,97
10,12,"['48267', '48270', '48274', '48289', '48307', '48295', '48300', '48304', '48305', '48308']",CACHE_PRESSURE,0.3833333333333333,True,0.7317073170731707,0.0219780219780219,0.4,30,2,20,89
10,12,"['48267', '48270', '48274', '48289', '48307', '48295', '48300', '48304', '48305', '48308']",INTRA_NODE_LOAD_IMBALANCE,0.3833333333333333,True,0.851063829787234,0.032258064516129,0.240506329113924,60,2,19,60
10,13,"['48270', '48274', '48276', '48278', '48289', '48290', '48291', '48300', '48308', '48283']",PIPELINE_STALL,0.3166666666666666,True,0.0941176470588235,0.5,0.8518518518518519,4,54,23,54
10,13,"['48270', '48274', '48276', '48278', '48289', '48290', '48291', '48300', '48308', '48283']",COMPUTE_UNDERUTILIZATION,0.1333333333333333,True,0.8901098901098902,0.3703703703703703,0.0,81,20,0,34
10,13,"['48270', '48274', '48276', '48278', '48289', '48290', '48291', '48300', '48308', '48283']",PRECISION_WASTE,0.3666666666666667,True,0.8097560975609756,0.75,0.0,83,39,0,13
10,13,"['48270', '48274', '48276', '48278', '48289', '48290', '48291', '48300', '48308', '48283']",BRANCH_MISPREDICTION,0.275,True,1.0,0.0,0.0,43,0,0,92
10,13,"['48270', '48274', '48276', '48278', '48289', '48290', '48291', '48300', '48308', '48283']",CACHE_PRESSURE,0.4,True,0.8285714285714285,0.3116883116883117,0.0,58,24,0,53
10,13,"['48270', '48274', '48276', '48278', '48289', '48290', '48291', '48300', '48308', '48283']",INTRA_NODE_LOAD_IMBALANCE,0.3375,True,0.8672566371681416,0.0,0.234375,49,0,15,71
10,14,"['48267', '48270', '48274', '48276', '48307', '48300', '48305', '48308', '48283', '48284']",PIPELINE_STALL,0.2375,True,0.9565217391304348,0.0126582278481012,0.0677966101694915,55,1,4,78
10,14,"['48267', '48270', '48274', '48276', '48307', '48300', '48305', '48308', '48283', '48284']",COMPUTE_UNDERUTILIZATION,0.075,True,0.8466257668711656,0.3623188405797101,0.0,69,25,0,44
10,14,"['48267', '48270', '48274', '48276', '48307', '48300', '48305', '48308', '48283', '48284']",PRECISION_WASTE,0.4666666666666667,True,0.9405405405405404,0.2156862745098039,0.0,87,11,0,40
10,14,"['48267', '48270', '48274', '48276', '48307', '48300', '48305', '48308', '48283', '48284']",BRANCH_MISPREDICTION,0.3,True,1.0,0.0,0.0,14,0,0,124
10,14,"['48267', '48270', '48274', '48276', '48307', '48300', '48305', '48308', '48283', '48284']",CACHE_PRESSURE,0.35,True,0.8125000000000001,0.2711864406779661,0.1772151898734177,65,16,14,43
10,14,"['48267', '48270', '48274', '48276', '48307', '48300', '48305', '48308', '48283', '48284']",INTRA_NODE_LOAD_IMBALANCE,0.2375,True,0.4873949579831932,0.5051546391752577,0.2926829268292683,29,49,12,48
10,15,"['48267', '48269', '48270', '48273', '48274', '48289', '48290', '48291', '48293', '48308']",PIPELINE_STALL,0.38,True,0.6363636363636364,0.2016806722689075,0.0,21,24,0,95
10,15,"['48267', '48269', '48270', '48273', '48274', '48289', '48290', '48291', '48293', '48308']",COMPUTE_UNDERUTILIZATION,0.175,True,0.9012875536480688,0.2,0.16,105,3,20,12
10,15,"['48267', '48269', '48270', '48273', '48274', '48289', '48290', '48291', '48293', '48308']",PRECISION_WASTE,0.5,True,0.6408839779005525,0.746268656716418,0.2054794520547945,58,50,15,17
10,15,"['48267', '48269', '48270', '48273', '48274', '48289', '48290', '48291', '48293', '48308']",BRANCH_MISPREDICTION,0.2,True,0.9391304347826086,0.0813953488372093,0.0,54,7,0,79
10,15,"['48267', '48269', '48270', '48273', '48274', '48289', '48290', '48291', '48293', '48308']",CACHE_PRESSURE,0.5000000000000001,True,0.8857142857142858,0.0194174757281553,0.1621621621621621,31,2,6,101
10,15,"['48267', '48269', '48270', '48273', '48274', '48289', '48290', '48291', '48293', '48308']",INTRA_NODE_LOAD_IMBALANCE,0.2375,True,0.9418604651162792,0.1694915254237288,0.0,81,10,0,49
10,16,"['48267', '48269', '48270', '48289', '48293', '48300', '48304', '48305', '48283', '48284']",PIPELINE_STALL,0.075,True,0.7972027972027971,0.2272727272727272,0.1971830985915492,57,15,14,51
10,16,"['48267', '48269', '48270', '48289', '48293', '48300', '48304', '48305', '48283', '48284']",COMPUTE_UNDERUTILIZATION,0.1375,True,0.9907407407407408,0.0666666666666666,0.0,107,2,0,28
10,16,"['48267', '48269', '48270', '48289', '48293', '48300', '48304', '48305', '48283', '48284']",PRECISION_WASTE,0.4166666666666667,True,0.8082191780821918,0.0,0.3218390804597701,59,0,28,50
10,16,"['48267', '48269', '48270', '48289', '48293', '48300', '48304', '48305', '48283', '48284']",BRANCH_MISPREDICTION,0.2,True,0.9156626506024096,0.0707070707070707,0.0,38,7,0,92
10,16,"['48267', '48269', '48270', '48289', '48293', '48300', '48304', '48305', '48283', '48284']",CACHE_PRESSURE,0.36,True,0.7272727272727272,0.0736842105263157,0.3333333333333333,28,7,14,88
10,16,"['48267', '48269', '48270', '48289', '48293', '48300', '48304', '48305', '48283', '48284']",INTRA_NODE_LOAD_IMBALANCE,0.2375,True,0.8266666666666667,0.3466666666666667,0.0,62,26,0,49
10,17,"['48273', '48274', '48276', '48278', '48289', '48307', '48291', '48293', '48300', '48284']",PIPELINE_STALL,0.1166666666666666,True,0.4255319148936171,0.7864077669902912,0.0,30,81,0,22
10,17,"['48273', '48274', '48276', '48278', '48289', '48307', '48291', '48293', '48300', '48284']",COMPUTE_UNDERUTILIZATION,0.2375,True,0.6802721088435374,0.4375,0.2753623188405797,50,28,19,36
10,17,"['48273', '48274', '48276', '48278', '48289', '48307', '48291', '48293', '48300', '48284']",PRECISION_WASTE,0.2375,True,0.9447236180904524,0.282051282051282,0.0,94,11,0,28
10,17,"['48273', '48274', '48276', '48278', '48289', '48307', '48291', '48293', '48300', '48284']",BRANCH_MISPREDICTION,0.5166666666666667,True,,0.0,1.0,0,0,6,127
10,17,"['48273', '48274', '48276', '48278', '48289', '48307', '48291', '48293', '48300', '48284']",CACHE_PRESSURE,0.2,True,0.6626506024096386,0.6944444444444444,0.0983606557377049,55,50,6,22
10,17,"['48273', '48274', '48276', '48278', '48289', '48307', '48291', '48293', '48300', '48284']",INTRA_NODE_LOAD_IMBALANCE,0.4625,True,0.8095238095238095,0.1616161616161616,0.0,34,16,0,83
10,18,"['48267', '48269', '48270', '48276', '48307', '48293', '48295', '48300', '48305', '48308']",PIPELINE_STALL,0.075,True,0.728813559322034,0.0,0.4266666666666667,43,0,32,64
10,18,"['48267', '48269', '48270', '48276', '48307', '48293', '48295', '48300', '48305', '48308']",COMPUTE_UNDERUTILIZATION,0.5166666666666667,True,0.3636363636363636,0.024390243902439,0.7755102040816326,22,1,76,40
10,18,"['48267', '48269', '48270', '48276', '48307', '48293', '48295', '48300', '48305', '48308']",PRECISION_WASTE,0.5500000000000002,True,0.7244897959183673,0.7941176470588235,0.0,71,54,0,14
10,18,"['48267', '48269', '48270', '48276', '48307', '48293', '48295', '48300', '48305', '48308']",BRANCH_MISPREDICTION,0.2166666666666666,True,1.0,0.0,0.0,28,0,0,111
10,18,"['48267', '48269', '48270', '48276', '48307', '48293', '48295', '48300', '48305', '48308']",CACHE_PRESSURE,0.4333333333333333,True,0.7722772277227723,0.0375,0.3389830508474576,39,3,20,77
10,18,"['48267', '48269', '48270', '48276', '48307', '48293', '48295', '48300', '48305', '48308']",INTRA_NODE_LOAD_IMBALANCE,0.25,True,0.7657142857142858,0.5694444444444444,0.0,67,41,0,31
10,19,"['48267', '48270', '48274', '48289', '48307', '48290', '48293', '48295', '48305', '48303']",PIPELINE_STALL,0.25,True,0.5454545454545454,0.3783783783783784,0.2105263157894736,30,42,8,69
10,19,"['48267', '48270', '48274', '48289', '48307', '48290', '48293', '48295', '48305', '48303']",COMPUTE_UNDERUTILIZATION,0.5,True,0.8349514563106796,0.09375,0.2649572649572649,86,3,31,29
10,19,"['48267', '48270', '48274', '48289', '48307', '48290', '48293', '48295', '48305', '48303']",PRECISION_WASTE,0.3,True,0.801762114537445,0.7758620689655172,0.0,91,45,0,13
10,19,"['48267', '48270', '48274', '48289', '48307', '48290', '48293', '48295', '48305', '48303']",BRANCH_MISPREDICTION,0.275,True,0.9724770642201834,0.03125,0.0,53,3,0,93
10,19,"['48267', '48270', '48274', '48289', '48307', '48290', '48293', '48295', '48305', '48303']",CACHE_PRESSURE,0.325,True,0.6122448979591837,0.0,0.5588235294117647,15,0,19,115
10,19,"['48267', '48270', '48274', '48289', '48307', '48290', '48293', '48295', '48305', '48303']",INTRA_NODE_LOAD_IMBALANCE,0.2125,True,0.8087431693989072,0.4666666666666667,0.0,74,35,0,40
10,20,"['48267', '48269', '48270', '48278', '48293', '48295', '48304', '48305', '48308', '48283']",PIPELINE_STALL,0.3333333333333333,True,0.4356435643564356,0.0454545454545454,0.7105263157894737,22,3,54,63
10,20,"['48267', '48269', '48270', '48278', '48293', '48295', '48304', '48305', '48308', '48283']",COMPUTE_UNDERUTILIZATION,0.1375,True,1.0,0.0,0.0,104,0,0,38
10,20,"['48267', '48269', '48270', '48278', '48293', '48295', '48304', '48305', '48308', '48283']",PRECISION_WASTE,0.25,True,0.8395061728395062,0.975,0.0,102,39,0,1
10,20,"['48267', '48269', '48270', '48278', '48293', '48295', '48304', '48305', '48308', '48283']",BRANCH_MISPREDICTION,0.5,True,0.9047619047619048,0.0135135135135135,0.1617647058823529,57,1,11,73
10,20,"['48267', '48269', '48270', '48278', '48293', '48295', '48304', '48305', '48308', '48283']",CACHE_PRESSURE,0.4200000000000001,True,0.7575757575757577,0.0194174757281553,0.358974358974359,25,2,14,101
10,20,"['48267', '48269', '48270', '48278', '48293', '48295', '48304', '48305', '48308', '48283']",INTRA_NODE_LOAD_IMBALANCE,0.05,True,0.8270042194092826,0.9318181818181818,0.0,98,41,0,3
10,21,"['48267', '48269', '48270', '48274', '48276', '48278', '48307', '48290', '48291', '48283']",PIPELINE_STALL,0.3625,True,0.7123287671232876,0.1739130434782608,0.037037037037037,26,20,1,95
10,21,"['48267', '48269', '48270', '48274', '48276', '48278', '48307', '48290', '48291', '48283']",COMPUTE_UNDERUTILIZATION,0.1125,True,0.9904761904761904,0.0526315789473684,0.0,104,2,0,36
10,21,"['48267', '48269', '48270', '48274', '48276', '48278', '48307', '48290', '48291', '48283']",PRECISION_WASTE,0.475,True,0.81651376146789,0.7547169811320755,0.0,89,40,0,13
10,21,"['48267', '48269', '48270', '48274', '48276', '48278', '48307', '48290', '48291', '48283']",BRANCH_MISPREDICTION,0.1333333333333333,True,0.9887640449438202,0.010204081632653,0.0,44,1,0,97
10,21,"['48267', '48269', '48270', '48274', '48276', '48278', '48307', '48290', '48291', '48283']",CACHE_PRESSURE,0.2375,True,0.870967741935484,0.1818181818181818,0.0,54,16,0,72
10,21,"['48267', '48269', '48270', '48274', '48276', '48278', '48307', '48290', '48291', '48283']",INTRA_NODE_LOAD_IMBALANCE,0.225,True,0.7862068965517242,0.2394366197183098,0.1971830985915492,57,17,14,54
10,22,"['48267', '48274', '48289', '48290', '48291', '48295', '48300', '48304', '48305', '48283']",PIPELINE_STALL,0.2875,True,0.7710843373493976,0.1,0.2195121951219512,32,10,9,90
10,22,"['48267', '48274', '48289', '48290', '48291', '48295', '48300', '48304', '48305', '48283']",COMPUTE_UNDERUTILIZATION,0.3166666666666666,True,0.9282296650717704,0.3409090909090909,0.0,97,15,0,29
10,22,"['48267', '48274', '48289', '48290', '48291', '48295', '48300', '48304', '48305', '48283']",PRECISION_WASTE,0.3833333333333333,True,0.8186046511627907,0.7358490566037735,0.0,88,39,0,14
10,22,"['48267', '48274', '48289', '48290', '48291', '48295', '48300', '48304', '48305', '48283']",BRANCH_MISPREDICTION,0.5,True,0.8737864077669902,0.0,0.2241379310344827,45,0,13,83
10,22,"['48267', '48274', '48289', '48290', '48291', '48295', '48300', '48304', '48305', '48283']",CACHE_PRESSURE,0.5,True,0.7916666666666666,0.081967213114754,0.0,19,10,0,112
10,22,"['48267', '48274', '48289', '48290', '48291', '48295', '48300', '48304', '48305', '48283']",INTRA_NODE_LOAD_IMBALANCE,0.225,True,0.78,0.6122448979591837,0.1521739130434782,78,30,14,19
10,23,"['48267', '48269', '48270', '48289', '48293', '48295', '48300', '48304', '48305', '48284']",PIPELINE_STALL,0.075,True,0.728813559322034,0.0,0.4266666666666667,43,0,32,66
10,23,"['48267', '48269', '48270', '48289', '48293', '48295', '48300', '48304', '48305', '48284']",COMPUTE_UNDERUTILIZATION,0.23,True,0.9865470852017936,0.0967741935483871,0.0,110,3,0,28
10,23,"['48267', '48269', '48270', '48289', '48293', '48295', '48300', '48304', '48305', '48284']",PRECISION_WASTE,0.4666666666666666,True,0.8082191780821918,0.0,0.3218390804597701,59,0,28,54
10,23,"['48267', '48269', '48270', '48289', '48293', '48295', '48300', '48304', '48305', '48284']",BRANCH_MISPREDICTION,0.0666666666666666,True,0.8,0.1844660194174757,0.0,38,19,0,84
10,23,"['48267', '48269', '48270', '48289', '48293', '48295', '48300', '48304', '48305', '48284']",CACHE_PRESSURE,0.325,True,0.6153846153846153,0.0,0.5555555555555556,16,0,20,105
10,23,"['48267', '48269', '48270', '48289', '48293', '48295', '48300', '48304', '48305', '48284']",INTRA_NODE_LOAD_IMBALANCE,0.2375,True,0.88,0.328125,0.0,77,21,0,43
10,24,"['48269', '48274', '48289', '48307', '48290', '48291', '48295', '48304', '48308', '48284']",PIPELINE_STALL,0.2700000000000001,True,0.5063291139240507,0.2211538461538461,0.4444444444444444,20,23,16,81
10,24,"['48269', '48274', '48289', '48307', '48290', '48291', '48295', '48304', '48308', '48284']",COMPUTE_UNDERUTILIZATION,0.075,True,0.798076923076923,0.7368421052631579,0.0,83,42,0,15
10,24,"['48269', '48274', '48289', '48307', '48290', '48291', '48295', '48304', '48308', '48284']",PRECISION_WASTE,0.325,True,0.9491525423728812,0.1607142857142857,0.0,84,9,0,47
10,24,"['48269', '48274', '48289', '48307', '48290', '48291', '48295', '48304', '48308', '48284']",BRANCH_MISPREDICTION,0.125,True,0.8035714285714287,0.231578947368421,0.0,45,22,0,73
10,24,"['48269', '48274', '48289', '48307', '48290', '48291', '48295', '48304', '48308', '48284']",CACHE_PRESSURE,0.2875,True,0.7727272727272728,0.1485148514851485,0.1282051282051282,34,15,5,86
10,24,"['48269', '48274', '48289', '48307', '48290', '48291', '48295', '48304', '48308', '48284']",INTRA_NODE_LOAD_IMBALANCE,0.2375,True,0.8914285714285713,0.0652173913043478,0.1702127659574468,78,3,16,43
10,25,"['48267', '48270', '48276', '48278', '48289', '48295', '48304', '48305', '48308', '48303']",PIPELINE_STALL,0.25,True,0.6478873239436619,0.3766233766233766,0.3134328358208955,46,29,21,48
10,25,"['48267', '48270', '48276', '48278', '48289', '48295', '48304', '48305', '48308', '48303']",COMPUTE_UNDERUTILIZATION,0.22,True,0.9828571428571428,0.0517241379310344,0.0,86,3,0,55
10,25,"['48267', '48270', '48276', '48278', '48289', '48295', '48304', '48305', '48308', '48303']",PRECISION_WASTE,0.5,True,0.8750000000000001,0.6086956521739131,0.0,98,28,0,18
10,25,"['48267', '48270', '48276', '48278', '48289', '48295', '48304', '48305', '48308', '48303']",BRANCH_MISPREDICTION,0.3,True,0.9272727272727274,0.0,0.135593220338983,51,0,8,85
10,25,"['48267', '48270', '48276', '48278', '48289', '48295', '48304', '48305', '48308', '48303']",CACHE_PRESSURE,0.37,True,0.732394366197183,0.0,0.4222222222222222,26,0,19,99
10,25,"['48267', '48270', '48276', '48278', '48289', '48295', '48304', '48305', '48308', '48303']",INTRA_NODE_LOAD_IMBALANCE,0.3999999999999999,True,0.8457142857142858,0.0,0.2673267326732673,74,0,27,43
10,26,"['48267', '48273', '48274', '48289', '48307', '48291', '48293', '48295', '48300', '48284']",PIPELINE_STALL,0.25,True,0.9577464788732396,0.029126213592233,0.0,34,3,0,100
10,26,"['48267', '48273', '48274', '48289', '48307', '48291', '48293', '48295', '48300', '48284']",COMPUTE_UNDERUTILIZATION,0.275,True,0.8795811518324607,0.4339622641509434,0.0,84,23,0,30
10,26,"['48267', '48273', '48274', '48289', '48307', '48291', '48293', '48295', '48300', '48284']",PRECISION_WASTE,0.325,True,0.965174129353234,0.175,0.0,97,7,0,33
10,26,"['48267', '48273', '48274', '48289', '48307', '48291', '48293', '48295', '48300', '48284']",BRANCH_MISPREDICTION,0.375,True,0.6666666666666666,0.1229508196721311,0.0,15,15,0,107
10,26,"['48267', '48273', '48274', '48289', '48307', '48291', '48293', '48295', '48300', '48284']",CACHE_PRESSURE,0.2375,True,0.5849056603773585,0.3737373737373737,0.1842105263157894,31,37,7,62
10,26,"['48267', '48273', '48274', '48289', '48307', '48291', '48293', '48295', '48300', '48284']",INTRA_NODE_LOAD_IMBALANCE,0.3666666666666667,True,0.8448275862068965,0.2045454545454545,0.0,49,18,0,70
10,27,"['48273', '48278', '48289', '48290', '48293', '48295', '48308', '48283', '48284', '48303']",PIPELINE_STALL,0.18,True,0.8034188034188035,0.2446808510638297,0.0,47,23,0,71
10,27,"['48273', '48278', '48289', '48290', '48293', '48295', '48308', '48283', '48284', '48303']",COMPUTE_UNDERUTILIZATION,0.3,True,0.6883720930232557,1.0,0.0,74,67,0,0
10,27,"['48273', '48278', '48289', '48290', '48293', '48295', '48308', '48283', '48284', '48303']",PRECISION_WASTE,0.1625,True,0.99644128113879,1.0,0.0,140,1,0,0
10,27,"['48273', '48278', '48289', '48290', '48293', '48295', '48308', '48283', '48284', '48303']",BRANCH_MISPREDICTION,0.1,True,0.7796610169491525,0.2736842105263158,0.0,46,26,0,69
10,27,"['48273', '48278', '48289', '48290', '48293', '48295', '48308', '48283', '48284', '48303']",CACHE_PRESSURE,0.28,True,0.6991869918699186,0.3775510204081632,0.0,43,37,0,61
10,27,"['48273', '48278', '48289', '48290', '48293', '48295', '48308', '48283', '48284', '48303']",INTRA_NODE_LOAD_IMBALANCE,0.2125,True,0.922077922077922,0.1714285714285714,0.0,71,12,0,58
10,28,"['48269', '48273', '48278', '48289', '48290', '48300', '48304', '48305', '48308', '48283']",PIPELINE_STALL,0.275,True,0.5737704918032787,0.4137931034482758,0.3137254901960784,35,36,16,51
10,28,"['48269', '48273', '48278', '48289', '48290', '48300', '48304', '48305', '48308', '48283']",COMPUTE_UNDERUTILIZATION,0.425,True,0.9195402298850576,0.2413793103448276,0.0,80,14,0,44
10,28,"['48269', '48273', '48278', '48289', '48290', '48300', '48304', '48305', '48308', '48283']",PRECISION_WASTE,0.25,True,0.947867298578199,0.2894736842105263,0.0,100,11,0,27
10,28,"['48269', '48273', '48278', '48289', '48290', '48300', '48304', '48305', '48308', '48283']",BRANCH_MISPREDICTION,0.05,True,0.7586206896551725,0.2978723404255319,0.0,44,28,0,66
10,28,"['48269', '48273', '48278', '48289', '48290', '48300', '48304', '48305', '48308', '48283']",CACHE_PRESSURE,0.525,True,0.8571428571428571,0.0,0.25,42,0,14,82
10,28,"['48269', '48273', '48278', '48289', '48290', '48300', '48304', '48305', '48308', '48283']",INTRA_NODE_LOAD_IMBALANCE,0.1624999999999999,True,0.994475138121547,0.0208333333333333,0.0,90,1,0,47
10,29,"['48267', '48270', '48274', '48276', '48278', '48290', '48293', '48308', '48283', '48303']",PIPELINE_STALL,0.22,True,0.8347826086956522,0.2,0.0,48,19,0,76
10,29,"['48267', '48270', '48274', '48276', '48278', '48290', '48293', '48308', '48283', '48303']",COMPUTE_UNDERUTILIZATION,0.05,True,0.8251121076233184,0.7647058823529411,0.0,92,39,0,12
10,29,"['48267', '48270', '48274', '48276', '48278', '48290', '48293', '48308', '48283', '48303']",PRECISION_WASTE,0.375,True,0.8831168831168831,0.6585365853658537,0.0,102,27,0,14
10,29,"['48267', '48270', '48274', '48276', '48278', '48290', '48293', '48308', '48283', '48303']",BRANCH_MISPREDICTION,0.35,True,0.9174311926605504,0.0,0.1525423728813559,50,0,9,84
10,29,"['48267', '48270', '48274', '48276', '48278', '48290', '48293', '48308', '48283', '48303']",CACHE_PRESSURE,0.4000000000000001,True,0.8,0.2688172043010752,0.0,50,25,0,68
10,29,"['48267', '48270', '48274', '48276', '48278', '48290', '48293', '48308', '48283', '48303']",INTRA_NODE_LOAD_IMBALANCE,0.3625,True,1.0,0.0,0.0,65,0,0,78
10,30,"['48270', '48273', '48274', '48276', '48278', '48289', '48291', '48304', '48284', '48303']",PIPELINE_STALL,0.3666666666666667,True,0.6153846153846154,0.25,0.04,24,29,1,87
10,30,"['48270', '48273', '48274', '48276', '48278', '48289', '48291', '48304', '48284', '48303']",COMPUTE_UNDERUTILIZATION,0.45,True,0.925,0.1791044776119403,0.0,74,12,0,55
10,30,"['48270', '48273', '48274', '48276', '48278', '48289', '48291', '48304', '48284', '48303']",PRECISION_WASTE,0.05,True,0.9866666666666666,0.1,0.0,111,3,0,27
10,30,"['48270', '48273', '48274', '48276', '48278', '48289', '48291', '48304', '48284', '48303']",BRANCH_MISPREDICTION,0.0833333333333333,True,0.984126984126984,0.009090909090909,0.0,31,1,0,109
10,30,"['48270', '48273', '48274', '48276', '48278', '48289', '48291', '48304', '48284', '48303']",CACHE_PRESSURE,0.325,True,0.7083333333333333,0.4285714285714285,0.1052631578947368,51,36,6,48
10,30,"['48270', '48273', '48274', '48276', '48278', '48289', '48291', '48304', '48284', '48303']",INTRA_NODE_LOAD_IMBALANCE,0.24,True,0.8840579710144928,0.2,0.0,61,16,0,64
10,31,"['48267', '48269', '48274', '48278', '48307', '48290', '48291', '48293', '48295', '48304']",PIPELINE_STALL,0.22,True,0.6422018348623854,0.3203883495145631,0.1463414634146341,35,33,6,70
10,31,"['48267', '48269', '48274', '48278', '48307', '48290', '48291', '48293', '48295', '48304']",COMPUTE_UNDERUTILIZATION,0.175,True,0.9037656903765692,0.6388888888888888,0.0,108,23,0,13
10,31,"['48267', '48269', '48274', '48278', '48307', '48290', '48291', '48293', '48295', '48304']",PRECISION_WASTE,0.8500000000000001,True,0.7246376811594203,0.0,0.4318181818181818,50,0,38,56
10,31,"['48267', '48269', '48274', '48278', '48307', '48290', '48291', '48293', '48295', '48304']",BRANCH_MISPREDICTION,0.5,True,0.900763358778626,0.1529411764705882,0.0,59,13,0,72
10,31,"['48267', '48269', '48274', '48278', '48307', '48290', '48291', '48293', '48295', '48304']",CACHE_PRESSURE,0.3625,True,0.6666666666666665,0.0806451612903225,0.25,15,10,5,114
10,31,"['48267', '48269', '48274', '48278', '48307', '48290', '48291', '48293', '48295', '48304']",INTRA_NODE_LOAD_IMBALANCE,0.05,True,0.8497854077253219,0.7777777777777778,0.0,99,35,0,10
10,32,"['48270', '48273', '48276', '48289', '48290', '48291', '48295', '48305', '48283', '48284']",PIPELINE_STALL,0.3125,True,0.4745762711864407,0.1441441441441441,0.5172413793103449,14,16,15,95
10,32,"['48270', '48273', '48276', '48289', '48290', '48291', '48295', '48305', '48283', '48284']",COMPUTE_UNDERUTILIZATION,0.1333333333333333,True,0.8999999999999999,0.0681818181818181,0.15625,81,3,15,41
10,32,"['48270', '48273', '48276', '48289', '48290', '48291', '48295', '48305', '48283', '48284']",PRECISION_WASTE,0.25,True,0.95,0.4615384615384615,0.0,114,12,0,14
10,32,"['48270', '48273', '48276', '48289', '48290', '48291', '48295', '48305', '48283', '48284']",BRANCH_MISPREDICTION,0.2375,True,1.0,0.0,0.0,31,0,0,109
10,32,"['48270', '48273', '48276', '48289', '48290', '48291', '48295', '48305', '48283', '48284']",CACHE_PRESSURE,0.32,True,0.7863247863247863,0.2659574468085106,0.0,46,25,0,69
10,32,"['48270', '48273', '48276', '48289', '48290', '48291', '48295', '48305', '48283', '48284']",INTRA_NODE_LOAD_IMBALANCE,0.19,True,0.6994535519125683,0.7236842105263158,0.0,64,55,0,21
10,33,"['48270', '48273', '48278', '48289', '48307', '48290', '48300', '48305', '48308', '48283']",PIPELINE_STALL,0.33,True,0.4938271604938272,0.2735849056603773,0.375,20,29,12,77
10,33,"['48270', '48273', '48278', '48289', '48307', '48290', '48300', '48305', '48308', '48283']",COMPUTE_UNDERUTILIZATION,0.35,True,0.8591549295774648,0.0172413793103448,0.2375,61,1,19,57
10,33,"['48270', '48273', '48278', '48289', '48307', '48290', '48300', '48305', '48308', '48283']",PRECISION_WASTE,0.3166666666666667,True,0.9569377990430622,0.2368421052631578,0.0,100,9,0,29
10,33,"['48270', '48273', '48278', '48289', '48307', '48290', '48300', '48305', '48308', '48283']",BRANCH_MISPREDICTION,0.125,True,0.8679245283018869,0.0608695652173913,0.0,23,7,0,108
10,33,"['48270', '48273', '48278', '48289', '48307', '48290', '48300', '48305', '48308', '48283']",CACHE_PRESSURE,0.4125000000000001,True,0.8750000000000001,0.0294117647058823,0.2,56,2,14,66
10,33,"['48270', '48273', '48278', '48289', '48307', '48290', '48300', '48305', '48308', '48283']",INTRA_NODE_LOAD_IMBALANCE,0.15,True,0.8051948051948052,0.3947368421052631,0.0,62,30,0,46
10,34,"['48269', '48273', '48276', '48278', '48289', '48300', '48305', '48283', '48284', '48303']",PIPELINE_STALL,0.3625,True,0.7360000000000001,0.2469135802469135,0.2203389830508474,46,20,13,61
10,34,"['48269', '48273', '48276', '48278', '48289', '48300', '48305', '48283', '48284', '48303']",COMPUTE_UNDERUTILIZATION,0.35,True,0.639344262295082,0.1857142857142857,0.4428571428571428,39,13,31,57
10,34,"['48269', '48273', '48276', '48278', '48289', '48300', '48305', '48283', '48284', '48303']",PRECISION_WASTE,0.35,True,0.8761061946902654,0.0,0.2204724409448819,99,0,28,13
10,34,"['48269', '48273', '48276', '48278', '48289', '48300', '48305', '48283', '48284', '48303']",BRANCH_MISPREDICTION,0.1875,True,1.0,0.0,0.0,21,0,0,119
10,34,"['48269', '48273', '48276', '48278', '48289', '48300', '48305', '48283', '48284', '48303']",CACHE_PRESSURE,0.5,True,0.8936170212765957,0.0,0.1923076923076923,63,0,15,62
10,34,"['48269', '48273', '48276', '48278', '48289', '48300', '48305', '48283', '48284', '48303']",INTRA_NODE_LOAD_IMBALANCE,0.26,True,0.7207207207207208,0.188235294117647,0.2727272727272727,40,16,15,69
10,35,"['48267', '48270', '48276', '48289', '48307', '48293', '48295', '48304', '48305', '48308']",PIPELINE_STALL,0.0833333333333333,True,0.7692307692307692,0.4225352112676056,0.0909090909090909,60,30,6,41
10,35,"['48267', '48270', '48276', '48289', '48307', '48293', '48295', '48304', '48305', '48308']",COMPUTE_UNDERUTILIZATION,0.4000000000000001,True,0.984126984126984,0.0681818181818181,0.0,93,3,0,41
10,35,"['48267', '48270', '48276', '48289', '48307', '48293', '48295', '48304', '48305', '48308']",PRECISION_WASTE,0.05,True,0.6634146341463415,1.0,0.0,68,69,0,0
10,35,"['48267', '48270', '48276', '48289', '48307', '48293', '48295', '48304', '48305', '48308']",BRANCH_MISPREDICTION,0.1833333333333333,True,1.0,0.0,0.0,44,0,0,93
10,35,"['48267', '48270', '48276', '48289', '48307', '48293', '48295', '48304', '48305', '48308']",CACHE_PRESSURE,0.325,True,0.7692307692307692,0.1188118811881188,0.1666666666666666,30,12,6,89
10,35,"['48267', '48270', '48276', '48289', '48307', '48293', '48295', '48304', '48305', '48308']",INTRA_NODE_LOAD_IMBALANCE,0.4000000000000001,True,0.9935483870967742,0.0166666666666666,0.0,77,1,0,59
10,36,"['48269', '48273', '48276', '48278', '48307', '48290', '48291', '48304', '48283', '48303']",PIPELINE_STALL,0.25,True,0.5,0.5688073394495413,0.0,31,62,0,47
10,36,"['48269', '48273', '48276', '48278', '48307', '48290', '48291', '48304', '48283', '48303']",COMPUTE_UNDERUTILIZATION,0.275,True,0.8636363636363636,0.375,0.0,76,24,0,40
10,36,"['48269', '48273', '48276', '48278', '48307', '48290', '48291', '48304', '48283', '48303']",PRECISION_WASTE,0.375,True,0.9142857142857144,0.0714285714285714,0.1428571428571428,96,2,16,26
10,36,"['48269', '48273', '48276', '48278', '48307', '48290', '48291', '48304', '48283', '48303']",BRANCH_MISPREDICTION,0.1666666666666666,True,1.0,0.0,0.0,36,0,0,104
10,36,"['48269', '48273', '48276', '48278', '48307', '48290', '48291', '48304', '48283', '48303']",CACHE_PRESSURE,0.44,True,0.9245283018867924,0.0879120879120879,0.0,49,8,0,83
10,36,"['48269', '48273', '48276', '48278', '48307', '48290', '48291', '48304', '48283', '48303']",INTRA_NODE_LOAD_IMBALANCE,0.375,True,0.8905109489051095,0.0,0.1973684210526315,61,0,15,64
10,37,"['48269', '48270', '48274', '48276', '48291', '48295', '48304', '48308', '48283', '48303']",PIPELINE_STALL,0.1125,True,0.5581395348837209,0.8172043010752689,0.0,48,76,0,17
10,37,"['48269', '48270', '48274', '48276', '48291', '48295', '48304', '48308', '48283', '48303']",COMPUTE_UNDERUTILIZATION,0.3375,True,0.9325153374233128,0.1692307692307692,0.0,76,11,0,54
10,37,"['48269', '48270', '48274', '48276', '48291', '48295', '48304', '48308', '48283', '48303']",PRECISION_WASTE,0.3833333333333333,True,0.8750000000000001,0.6511627906976745,0.0,98,28,0,15
10,37,"['48269', '48270', '48274', '48276', '48291', '48295', '48304', '48308', '48283', '48303']",BRANCH_MISPREDICTION,0.375,True,0.8867924528301886,0.0,0.2033898305084746,47,0,12,82
10,37,"['48269', '48270', '48274', '48276', '48291', '48295', '48304', '48308', '48283', '48303']",CACHE_PRESSURE,0.325,True,0.8429752066115702,0.2111111111111111,0.0,51,19,0,71
10,37,"['48269', '48270', '48274', '48276', '48291', '48295', '48304', '48308', '48283', '48303']",INTRA_NODE_LOAD_IMBALANCE,0.2875,True,0.8918918918918919,0.0327868852459016,0.175,66,2,14,59
10,38,"['48267', '48270', '48273', '48276', '48278', '48291', '48304', '48305', '48284', '48303']",PIPELINE_STALL,0.1875,True,0.8070175438596492,0.2244897959183673,0.0,46,22,0,76
10,38,"['48267', '48270', '48273', '48276', '48278', '48291', '48304', '48305', '48284', '48303']",COMPUTE_UNDERUTILIZATION,0.4000000000000001,True,0.9058823529411766,0.0192307692307692,0.1630434782608695,77,1,15,51
10,38,"['48267', '48270', '48273', '48276', '48278', '48291', '48304', '48305', '48284', '48303']",PRECISION_WASTE,0.05,True,0.9870129870129868,0.1,0.0,114,3,0,27
10,38,"['48267', '48270', '48273', '48276', '48278', '48291', '48304', '48305', '48284', '48303']",BRANCH_MISPREDICTION,0.0833333333333333,True,0.96875,0.0176991150442477,0.0,31,2,0,111
10,38,"['48267', '48270', '48273', '48276', '48278', '48291', '48304', '48305', '48284', '48303']",CACHE_PRESSURE,0.2375,True,0.8363636363636364,0.1397849462365591,0.0980392156862745,46,13,5,80
10,38,"['48267', '48270', '48273', '48276', '48278', '48291', '48304', '48305', '48284', '48303']",INTRA_NODE_LOAD_IMBALANCE,0.2125,True,0.8074534161490684,0.2615384615384615,0.1772151898734177,65,17,14,48
10,39,"['48267', '48269', '48273', '48276', '48278', '48289', '48290', '48304', '48283', '48303']",PIPELINE_STALL,0.36,True,0.6308724832214765,0.5789473684210527,0.0,47,55,0,40
10,39,"['48267', '48269', '48273', '48276', '48278', '48289', '48290', '48304', '48283', '48303']",COMPUTE_UNDERUTILIZATION,0.1666666666666666,True,0.8717948717948718,0.4385964912280701,0.0,85,25,0,32
10,39,"['48267', '48269', '48273', '48276', '48278', '48289', '48290', '48304', '48283', '48303']",PRECISION_WASTE,0.15,True,0.9158878504672898,0.0714285714285714,0.1403508771929824,98,2,16,26
10,39,"['48267', '48269', '48273', '48276', '48278', '48289', '48290', '48304', '48283', '48303']",BRANCH_MISPREDICTION,0.125,True,1.0,0.0,0.0,51,0,0,91
10,39,"['48267', '48269', '48273', '48276', '48278', '48289', '48290', '48304', '48283', '48303']",CACHE_PRESSURE,0.53,True,0.7297297297297297,0.0594059405940594,0.3414634146341463,27,6,14,95
10,39,"['48267', '48269', '48273', '48276', '48278', '48289', '48290', '48304', '48283', '48303']",INTRA_NODE_LOAD_IMBALANCE,0.2625,True,0.9032258064516128,0.0,0.1764705882352941,70,0,15,57
10,40,"['48267', '48269', '48273', '48276', '48278', '48290', '48293', '48305', '48308', '48284']",PIPELINE_STALL,0.0833333333333333,True,0.8258064516129032,0.3461538461538461,0.0,64,27,0,51
10,40,"['48267', '48269', '48273', '48276', '48278', '48290', '48293', '48305', '48308', '48284']",COMPUTE_UNDERUTILIZATION,0.1,True,0.8585365853658536,0.375,0.1372549019607843,88,15,14,25
10,40,"['48267', '48269', '48273', '48276', '48278', '48290', '48293', '48305', '48308', '48284']",PRECISION_WASTE,0.075,True,0.8908296943231442,0.625,0.0,102,25,0,15
10,40,"['48267', '48269', '48273', '48276', '48278', '48290', '48293', '48305', '48308', '48284']",BRANCH_MISPREDICTION,0.3166666666666667,True,0.8985507246376812,0.0095238095238095,0.1621621621621621,31,1,6,104
10,40,"['48267', '48269', '48273', '48276', '48278', '48290', '48293', '48305', '48308', '48284']",CACHE_PRESSURE,0.3833333333333333,True,0.7835051546391752,0.0235294117647058,0.3333333333333333,38,2,19,83
10,40,"['48267', '48269', '48273', '48276', '48278', '48290', '48293', '48305', '48308', '48284']",INTRA_NODE_LOAD_IMBALANCE,0.35,True,0.9940119760479044,0.0169491525423728,0.0,83,1,0,58
10,41,"['48273', '48276', '48278', '48307', '48290', '48291', '48295', '48305', '48308', '48283']",PIPELINE_STALL,0.4333333333333333,True,0.4791666666666666,0.3653846153846153,0.3428571428571428,23,38,12,66
10,41,"['48273', '48276', '48278', '48307', '48290', '48291', '48295', '48305', '48308', '48283']",COMPUTE_UNDERUTILIZATION,0.5666666666666668,True,0.8028169014084507,0.1692307692307692,0.2297297297297297,57,11,17,54
10,41,"['48273', '48276', '48278', '48307', '48290', '48291', '48295', '48305', '48308', '48283']",PRECISION_WASTE,0.2625,True,0.9491525423728812,0.4444444444444444,0.0,112,12,0,15
10,41,"['48273', '48276', '48278', '48307', '48290', '48291', '48295', '48305', '48308', '48283']",BRANCH_MISPREDICTION,0.3,True,0.9090909090909092,0.0,0.1666666666666666,30,0,6,103
10,41,"['48273', '48276', '48278', '48307', '48290', '48291', '48295', '48305', '48308', '48283']",CACHE_PRESSURE,0.3500000000000001,True,0.878048780487805,0.1764705882352941,0.0,54,15,0,70
10,41,"['48273', '48276', '48278', '48307', '48290', '48291', '48295', '48305', '48308', '48283']",INTRA_NODE_LOAD_IMBALANCE,0.3875,True,0.8115942028985507,0.0,0.3170731707317073,56,0,26,57
10,42,"['48269', '48270', '48276', '48307', '48290', '48291', '48300', '48305', '48283', '48284']",PIPELINE_STALL,0.225,True,0.7678571428571428,0.2736842105263158,0.0,43,26,0,69
10,42,"['48269', '48270', '48276', '48307', '48290', '48291', '48300', '48305', '48283', '48284']",COMPUTE_UNDERUTILIZATION,0.3375,True,0.8651685393258426,0.0975609756097561,0.2061855670103092,77,4,20,37
10,42,"['48269', '48270', '48276', '48307', '48290', '48291', '48300', '48305', '48283', '48284']",PRECISION_WASTE,0.2833333333333334,True,0.9613259668508288,0.1372549019607843,0.0,87,7,0,44
10,42,"['48269', '48270', '48276', '48307', '48290', '48291', '48300', '48305', '48283', '48284']",BRANCH_MISPREDICTION,0.3375,True,0.717948717948718,0.0887096774193548,0.0,14,11,0,113
10,42,"['48269', '48270', '48276', '48307', '48290', '48291', '48300', '48305', '48283', '48284']",CACHE_PRESSURE,0.25,True,0.8859060402684563,0.2361111111111111,0.0,66,17,0,55
10,42,"['48269', '48270', '48276', '48307', '48290', '48291', '48300', '48305', '48283', '48284']",INTRA_NODE_LOAD_IMBALANCE,0.3666666666666667,True,0.7450980392156863,0.1294117647058823,0.2830188679245283,38,11,15,74
10,43,"['48269', '48270', '48273', '48274', '48276', '48278', '48290', '48305', '48283', '48284']",PIPELINE_STALL,0.15,True,0.7676767676767677,0.2129629629629629,0.0,38,23,0,85
10,43,"['48269', '48270', '48273', '48274', '48276', '48278', '48290', '48305', '48283', '48284']",COMPUTE_UNDERUTILIZATION,0.2333333333333333,True,0.8994082840236687,0.0363636363636363,0.1648351648351648,76,2,15,53
10,43,"['48269', '48270', '48273', '48274', '48276', '48278', '48290', '48305', '48283', '48284']",PRECISION_WASTE,0.125,True,0.9490196078431372,0.52,0.0,121,13,0,12
10,43,"['48269', '48270', '48273', '48274', '48276', '48278', '48290', '48305', '48283', '48284']",BRANCH_MISPREDICTION,0.05,True,0.8378378378378378,0.1043478260869565,0.0,31,12,0,103
10,43,"['48269', '48270', '48273', '48274', '48276', '48278', '48290', '48305', '48283', '48284']",CACHE_PRESSURE,0.4625,True,0.8285714285714285,0.044776119402985,0.2658227848101265,58,3,21,64
10,43,"['48269', '48270', '48273', '48274', '48276', '48278', '48290', '48305', '48283', '48284']",INTRA_NODE_LOAD_IMBALANCE,0.3,True,0.8627450980392156,0.0,0.2413793103448276,44,0,14,88
10,44,"['48269', '48270', '48276', '48278', '48289', '48300', '48308', '48283', '48284', '48303']",PIPELINE_STALL,0.275,True,0.4705882352941176,0.3783783783783784,0.5555555555555556,28,28,35,46
10,44,"['48269', '48270', '48276', '48278', '48289', '48300', '48308', '48283', '48284', '48303']",COMPUTE_UNDERUTILIZATION,0.43,True,1.0,0.0,0.0,68,0,0,69
10,44,"['48269', '48270', '48276', '48278', '48289', '48300', '48308', '48283', '48284', '48303']",PRECISION_WASTE,0.4833333333333334,True,0.990909090909091,0.037037037037037,0.009090909090909,109,1,1,26
10,44,"['48269', '48270', '48276', '48278', '48289', '48300', '48308', '48283', '48284', '48303']",BRANCH_MISPREDICTION,0.25,True,1.0,0.0,0.0,29,0,0,108
10,44,"['48269', '48270', '48276', '48278', '48289', '48300', '48308', '48283', '48284', '48303']",CACHE_PRESSURE,0.2,True,0.9156626506024096,0.175438596491228,0.05,76,10,4,47
10,44,"['48269', '48270', '48276', '48278', '48289', '48300', '48308', '48283', '48284', '48303']",INTRA_NODE_LOAD_IMBALANCE,0.23,True,0.8453608247422679,0.0,0.2678571428571428,41,0,15,81
10,45,"['48269', '48270', '48274', '48278', '48307', '48290', '48295', '48300', '48284', '48303']",PIPELINE_STALL,0.27,True,0.7107438016528926,0.3271028037383177,0.0,43,35,0,72
10,45,"['48269', '48270', '48274', '48278', '48307', '48290', '48295', '48300', '48284', '48303']",COMPUTE_UNDERUTILIZATION,0.45,True,0.8859060402684563,0.0147058823529411,0.1951219512195122,66,1,16,67
10,45,"['48269', '48270', '48274', '48278', '48307', '48290', '48295', '48300', '48284', '48303']",PRECISION_WASTE,0.4333333333333333,True,0.9237668161434978,0.032258064516129,0.134453781512605,103,1,16,30
10,45,"['48269', '48270', '48274', '48278', '48307', '48290', '48295', '48300', '48284', '48303']",BRANCH_MISPREDICTION,0.175,True,0.8518518518518519,0.0629921259842519,0.0,23,8,0,119
10,45,"['48269', '48270', '48274', '48278', '48307', '48290', '48295', '48300', '48284', '48303']",CACHE_PRESSURE,0.3375,True,0.7703703703703704,0.1518987341772152,0.2676056338028169,52,12,19,67
10,45,"['48269', '48270', '48274', '48278', '48307', '48290', '48295', '48300', '48284', '48303']",INTRA_NODE_LOAD_IMBALANCE,0.35,True,0.688,0.2,0.3384615384615385,43,17,22,68
10,46,"['48269', '48273', '48274', '48307', '48290', '48291', '48300', '48304', '48308', '48284']",PIPELINE_STALL,0.35,True,0.7469879518072289,0.1962616822429906,0.0,31,21,0,86
10,46,"['48269', '48273', '48274', '48307', '48290', '48291', '48300', '48304', '48308', '48284']",COMPUTE_UNDERUTILIZATION,0.15,True,0.7759562841530054,0.6119402985074627,0.0,71,41,0,26
10,46,"['48269', '48273', '48274', '48307', '48290', '48291', '48300', '48304', '48308', '48284']",PRECISION_WASTE,0.3,True,0.8173076923076924,0.7169811320754716,0.0,85,38,0,15
10,46,"['48269', '48273', '48274', '48307', '48290', '48291', '48300', '48304', '48308', '48284']",BRANCH_MISPREDICTION,0.125,True,0.4166666666666667,0.3414634146341463,0.0,15,42,0,81
10,46,"['48269', '48273', '48274', '48307', '48290', '48291', '48300', '48304', '48308', '48284']",CACHE_PRESSURE,0.3,True,0.8571428571428571,0.2151898734177215,0.0338983050847457,57,17,2,62
10,46,"['48269', '48273', '48274', '48307', '48290', '48291', '48300', '48304', '48308', '48284']",INTRA_NODE_LOAD_IMBALANCE,0.3166666666666667,True,0.8527131782945736,0.0588235294117647,0.2142857142857142,55,4,15,64
10,47,"['48267', '48269', '48270', '48276', '48278', '48293', '48295', '48305', '48308', '48284']",PIPELINE_STALL,0.3,True,0.7499999999999999,0.0,0.4,48,0,32,63
10,47,"['48267', '48269', '48270', '48276', '48278', '48293', '48295', '48305', '48308', '48284']",COMPUTE_UNDERUTILIZATION,0.175,True,0.9952153110047848,0.0256410256410256,0.0,104,1,0,38
10,47,"['48267', '48269', '48270', '48276', '48278', '48293', '48295', '48305', '48308', '48284']",PRECISION_WASTE,0.225,True,0.948356807511737,0.2619047619047619,0.0,101,11,0,31
10,47,"['48267', '48269', '48270', '48276', '48278', '48293', '48295', '48305', '48308', '48284']",BRANCH_MISPREDICTION,0.2833333333333334,True,1.0,0.0,0.0,45,0,0,98
10,47,"['48267', '48269', '48270', '48276', '48278', '48293', '48295', '48305', '48308', '48284']",CACHE_PRESSURE,0.425,True,0.7959183673469388,0.0117647058823529,0.3275862068965517,39,1,19,84
10,47,"['48267', '48269', '48270', '48276', '48278', '48293', '48295', '48305', '48308', '48284']",INTRA_NODE_LOAD_IMBALANCE,0.225,True,0.8076923076923077,0.6779661016949152,0.0,84,40,0,19
10,48,"['48273', '48289', '48291', '48300', '48304', '48305', '48308', '48283', '48284', '48303']",PIPELINE_STALL,0.15,True,0.6714285714285714,0.5227272727272727,0.0,47,46,0,42
10,48,"['48273', '48289', '48291', '48300', '48304', '48305', '48308', '48283', '48284', '48303']",COMPUTE_UNDERUTILIZATION,0.5166666666666667,True,0.9565217391304348,0.0869565217391304,0.0,66,6,0,63
10,48,"['48273', '48289', '48291', '48300', '48304', '48305', '48308', '48283', '48284', '48303']",PRECISION_WASTE,0.4125,True,0.995433789954338,0.0384615384615384,0.0,109,1,0,25
10,48,"['48273', '48289', '48291', '48300', '48304', '48305', '48308', '48283', '48284', '48303']",BRANCH_MISPREDICTION,0.05,True,0.6521739130434783,0.3047619047619048,0.0,30,32,0,73
10,48,"['48273', '48289', '48291', '48300', '48304', '48305', '48308', '48283', '48284', '48303']",CACHE_PRESSURE,0.4125,True,0.8403361344537814,0.2142857142857142,0.0196078431372549,50,18,1,66
10,48,"['48273', '48289', '48291', '48300', '48304', '48305', '48308', '48283', '48284', '48303']",INTRA_NODE_LOAD_IMBALANCE,0.3375000000000001,True,0.7899159663865546,0.0307692307692307,0.3285714285714285,47,2,23,63
10,49,"['48273', '48274', '48307', '48290', '48291', '48293', '48300', '48308', '48283', '48284']",PIPELINE_STALL,0.41,True,0.9310344827586208,0.0373831775700934,0.0,27,4,0,103
10,49,"['48273', '48274', '48307', '48290', '48291', '48293', '48300', '48308', '48283', '48284']",COMPUTE_UNDERUTILIZATION,0.4666666666666667,True,0.6129032258064515,0.238095238095238,0.4647887323943662,38,15,33,48
10,49,"['48273', '48274', '48307', '48290', '48291', '48293', '48300', '48308', '48283', '48284']",PRECISION_WASTE,0.375,True,0.9514563106796116,0.2777777777777778,0.0,98,10,0,26
10,49,"['48273', '48274', '48307', '48290', '48291', '48293', '48300', '48308', '48283', '48284']",BRANCH_MISPREDICTION,0.1625,True,0.5263157894736842,0.226890756302521,0.0,15,27,0,92
10,49,"['48273', '48274', '48307', '48290', '48291', '48293', '48300', '48308', '48283', '48284']",CACHE_PRESSURE,0.4000000000000001,True,0.7659574468085107,0.4125,0.0,54,33,0,47
10,49,"['48273', '48274', '48307', '48290', '48291', '48293', '48300', '48308', '48283', '48284']",INTRA_NODE_LOAD_IMBALANCE,0.375,True,0.5263157894736842,0.7659574468085106,0.0,40,72,0,22
12,0,"['48269', '48270', '48273', '48276', '48307', '48290', '48293', '48300', '48305', '48308', '48283', '48284']",PIPELINE_STALL,0.3,True,0.8311688311688311,0.0,0.2888888888888888,32,0,13,63
12,0,"['48269', '48270', '48273', '48276', '48307', '48290', '48293', '48300', '48305', '48308', '48283', '48284']",COMPUTE_UNDERUTILIZATION,0.35,True,0.6470588235294117,0.048780487804878,0.5074626865671642,33,2,34,39
12,0,"['48269', '48270', '48273', '48276', '48307', '48290', '48293', '48300', '48305', '48308', '48283', '48284']",PRECISION_WASTE,0.4333333333333334,True,0.9536423841059604,0.1944444444444444,0.0,72,7,0,29
12,0,"['48269', '48270', '48273', '48276', '48307', '48290', '48293', '48300', '48305', '48308', '48283', '48284']",BRANCH_MISPREDICTION,0.3333333333333333,True,,0.0092592592592592,,0,1,0,107
12,0,"['48269', '48270', '48273', '48276', '48307', '48290', '48293', '48300', '48305', '48308', '48283', '48284']",CACHE_PRESSURE,0.5666666666666668,True,0.8166666666666667,0.119047619047619,0.2575757575757575,49,5,17,37
12,0,"['48269', '48270', '48273', '48276', '48307', '48290', '48293', '48300', '48305', '48308', '48283', '48284']",INTRA_NODE_LOAD_IMBALANCE,0.5,True,0.923076923076923,0.0476190476190476,0.0,24,4,0,80
12,1,"['48267', '48269', '48270', '48274', '48276', '48278', '48289', '48307', '48290', '48291', '48305', '48303']",PIPELINE_STALL,0.3,True,0.45,0.4356435643564356,0.0,18,44,0,57
12,1,"['48267', '48269', '48270', '48274', '48276', '48278', '48289', '48307', '48290', '48291', '48305', '48303']",COMPUTE_UNDERUTILIZATION,0.25,True,0.91005291005291,0.0588235294117647,0.1568627450980392,86,1,16,16
12,1,"['48267', '48269', '48270', '48274', '48276', '48278', '48289', '48307', '48290', '48291', '48305', '48303']",PRECISION_WASTE,0.5250000000000001,True,0.8333333333333334,0.0344827586206896,0.2622950819672131,45,2,16,56
12,1,"['48267', '48269', '48270', '48274', '48276', '48278', '48289', '48307', '48290', '48291', '48305', '48303']",BRANCH_MISPREDICTION,0.25,True,1.0,0.0,0.0,44,0,0,75
12,1,"['48267', '48269', '48270', '48274', '48276', '48278', '48289', '48307', '48290', '48291', '48305', '48303']",CACHE_PRESSURE,0.3625000000000001,True,0.9397590361445785,0.0,0.1136363636363636,39,0,5,75
12,1,"['48267', '48269', '48270', '48274', '48276', '48278', '48289', '48307', '48290', '48291', '48305', '48303']",INTRA_NODE_LOAD_IMBALANCE,0.1333333333333333,True,0.896969696969697,0.3777777777777777,0.0,74,17,0,28
12,2,"['48267', '48269', '48270', '48273', '48276', '48278', '48291', '48293', '48295', '48300', '48304', '48284']",PIPELINE_STALL,0.225,True,0.6987951807228915,0.0666666666666666,0.42,29,4,21,56
12,2,"['48267', '48269', '48270', '48273', '48276', '48278', '48291', '48293', '48295', '48300', '48304', '48284']",COMPUTE_UNDERUTILIZATION,0.375,True,0.986842105263158,0.0571428571428571,0.0,75,2,0,33
12,2,"['48267', '48269', '48270', '48273', '48276', '48278', '48291', '48293', '48295', '48300', '48304', '48284']",PRECISION_WASTE,0.2625,True,0.7971014492753623,0.0,0.3373493975903614,55,0,28,27
12,2,"['48267', '48269', '48270', '48273', '48276', '48278', '48291', '48293', '48295', '48300', '48304', '48284']",BRANCH_MISPREDICTION,0.2125,True,0.7142857142857143,0.1263157894736842,0.0,15,12,0,83
12,2,"['48267', '48269', '48270', '48273', '48276', '48278', '48291', '48293', '48295', '48300', '48304', '48284']",CACHE_PRESSURE,0.25,True,0.7826086956521738,0.1282051282051282,0.15625,27,10,5,68
12,2,"['48267', '48269', '48270', '48273', '48276', '48278', '48291', '48293', '48295', '48300', '48304', '48284']",INTRA_NODE_LOAD_IMBALANCE,0.425,True,0.9714285714285714,0.0,0.0555555555555555,51,0,3,56
12,3,"['48267', '48270', '48273', '48276', '48307', '48290', '48291', '48295', '48300', '48304', '48305', '48283']",PIPELINE_STALL,0.3125,True,0.6292134831460675,0.3902439024390244,0.0344827586206896,28,32,1,50
12,3,"['48267', '48270', '48273', '48276', '48307', '48290', '48291', '48295', '48300', '48304', '48305', '48283']",COMPUTE_UNDERUTILIZATION,0.45,True,0.8661417322834646,0.048780487804878,0.2142857142857142,55,2,15,39
12,3,"['48267', '48270', '48273', '48276', '48307', '48290', '48291', '48295', '48300', '48304', '48305', '48283']",PRECISION_WASTE,0.125,True,0.9411764705882352,0.2307692307692307,0.0,72,9,0,30
12,3,"['48267', '48270', '48273', '48276', '48307', '48290', '48291', '48295', '48300', '48304', '48305', '48283']",BRANCH_MISPREDICTION,0.2125,True,0.7000000000000001,0.1237113402061855,0.0,14,12,0,85
12,3,"['48267', '48270', '48273', '48276', '48307', '48290', '48291', '48295', '48300', '48304', '48305', '48283']",CACHE_PRESSURE,0.525,True,0.8484848484848484,0.1204819277108433,0.0,28,10,0,73
12,3,"['48267', '48270', '48273', '48276', '48307', '48290', '48291', '48295', '48300', '48304', '48305', '48283']",INTRA_NODE_LOAD_IMBALANCE,0.1125,True,0.6612903225806451,0.5172413793103449,0.2264150943396226,41,30,12,28
12,4,"['48269', '48273', '48274', '48276', '48278', '48289', '48307', '48295', '48300', '48305', '48308', '48303']",PIPELINE_STALL,0.175,True,0.6511627906976745,0.6164383561643836,0.0,42,45,0,28
12,4,"['48269', '48273', '48274', '48276', '48278', '48289', '48307', '48295', '48300', '48305', '48308', '48303']",COMPUTE_UNDERUTILIZATION,0.275,True,0.7457627118644068,0.4225352112676056,0.0,44,30,0,41
12,4,"['48269', '48273', '48274', '48276', '48278', '48289', '48307', '48295', '48300', '48305', '48308', '48303']",PRECISION_WASTE,0.425,True,0.9940828402366864,0.032258064516129,0.0,84,1,0,30
12,4,"['48269', '48273', '48274', '48276', '48278', '48289', '48307', '48295', '48300', '48305', '48308', '48303']",BRANCH_MISPREDICTION,0.4000000000000001,True,0.8571428571428571,0.0,0.25,15,0,5,95
12,4,"['48269', '48273', '48274', '48276', '48278', '48289', '48307', '48295', '48300', '48305', '48308', '48303']",CACHE_PRESSURE,0.375,True,0.8387096774193548,0.0,0.2777777777777778,52,0,20,43
12,4,"['48269', '48273', '48274', '48276', '48278', '48289', '48307', '48295', '48300', '48305', '48308', '48303']",INTRA_NODE_LOAD_IMBALANCE,0.2125,True,1.0,0.0,0.0,57,0,0,58
12,5,"['48267', '48270', '48273', '48274', '48276', '48278', '48289', '48293', '48300', '48305', '48283', '48303']",PIPELINE_STALL,0.3,True,0.7912087912087912,0.2368421052631578,0.027027027027027,36,18,1,58
12,5,"['48267', '48270', '48273', '48274', '48276', '48278', '48289', '48293', '48300', '48305', '48283', '48303']",COMPUTE_UNDERUTILIZATION,0.3500000000000001,True,0.7256637168141593,0.0,0.4305555555555556,41,0,31,41
12,5,"['48267', '48270', '48273', '48274', '48276', '48278', '48289', '48293', '48300', '48305', '48283', '48303']",PRECISION_WASTE,0.4125,True,0.8987341772151899,0.0,0.1839080459770115,71,0,16,26
12,5,"['48267', '48270', '48273', '48274', '48276', '48278', '48289', '48293', '48300', '48305', '48283', '48303']",BRANCH_MISPREDICTION,0.2,True,1.0,0.0,0.0,29,0,0,84
12,5,"['48267', '48270', '48273', '48274', '48276', '48278', '48289', '48293', '48300', '48305', '48283', '48303']",CACHE_PRESSURE,0.475,True,0.8275862068965517,0.0,0.2941176470588235,36,0,15,62
12,5,"['48267', '48270', '48273', '48274', '48276', '48278', '48289', '48293', '48300', '48305', '48283', '48303']",INTRA_NODE_LOAD_IMBALANCE,0.525,True,0.983050847457627,0.0119047619047619,0.0,29,1,0,83
12,6,"['48269', '48274', '48276', '48307', '48290', '48295', '48300', '48304', '48305', '48283', '48284', '48303']",PIPELINE_STALL,0.1333333333333333,True,0.7794117647058824,0.46875,0.0,53,30,0,34
12,6,"['48269', '48274', '48276', '48307', '48290', '48295', '48300', '48304', '48305', '48283', '48284', '48303']",COMPUTE_UNDERUTILIZATION,0.3166666666666667,True,0.8392857142857142,0.2571428571428571,0.0,47,18,0,52
12,6,"['48269', '48274', '48276', '48307', '48290', '48295', '48300', '48304', '48305', '48283', '48284', '48303']",PRECISION_WASTE,0.3,True,0.8957055214723927,0.0357142857142857,0.1797752808988764,73,1,16,27
12,6,"['48269', '48274', '48276', '48307', '48290', '48295', '48300', '48304', '48305', '48283', '48284', '48303']",BRANCH_MISPREDICTION,0.1124999999999999,True,0.9302325581395348,0.0309278350515463,0.0,20,3,0,94
12,6,"['48269', '48274', '48276', '48307', '48290', '48295', '48300', '48304', '48305', '48283', '48284', '48303']",CACHE_PRESSURE,0.44,True,0.7628865979381443,0.1363636363636363,0.2745098039215686,37,9,14,57
12,6,"['48269', '48274', '48276', '48307', '48290', '48295', '48300', '48304', '48305', '48283', '48284', '48303']",INTRA_NODE_LOAD_IMBALANCE,0.21,True,0.761904761904762,0.4347826086956521,0.0,48,30,0,39
12,7,"['48270', '48273', '48276', '48278', '48289', '48290', '48291', '48293', '48305', '48283', '48284', '48303']",PIPELINE_STALL,0.35,True,0.8636363636363636,0.0439560439560439,0.0952380952380952,19,4,2,87
12,7,"['48270', '48273', '48276', '48278', '48289', '48290', '48291', '48293', '48305', '48283', '48284', '48303']",COMPUTE_UNDERUTILIZATION,0.39,True,0.6129032258064516,0.0,0.5581395348837209,38,0,48,26
12,7,"['48270', '48273', '48276', '48278', '48289', '48290', '48291', '48293', '48305', '48283', '48284', '48303']",PRECISION_WASTE,0.32,True,0.8304093567251463,0.0769230769230769,0.2828282828282828,71,1,28,12
12,7,"['48270', '48273', '48276', '48278', '48289', '48290', '48291', '48293', '48305', '48283', '48284', '48303']",BRANCH_MISPREDICTION,0.2666666666666666,True,1.0,0.0,0.0,31,0,0,81
12,7,"['48270', '48273', '48276', '48278', '48289', '48290', '48291', '48293', '48305', '48283', '48284', '48303']",CACHE_PRESSURE,0.35,True,0.8636363636363636,0.1621621621621621,0.0,38,12,0,62
12,7,"['48270', '48273', '48276', '48278', '48289', '48290', '48291', '48293', '48305', '48283', '48284', '48303']",INTRA_NODE_LOAD_IMBALANCE,0.25,True,0.8269230769230769,0.2608695652173913,0.0,43,18,0,51
12,8,"['48267', '48269', '48270', '48274', '48276', '48278', '48290', '48295', '48300', '48304', '48305', '48284']",PIPELINE_STALL,0.1375,True,0.8235294117647058,0.375,0.0,56,24,0,40
12,8,"['48267', '48269', '48270', '48274', '48276', '48278', '48290', '48295', '48300', '48304', '48305', '48284']",COMPUTE_UNDERUTILIZATION,0.4833333333333334,True,0.8776978417266188,0.0232558139534883,0.2077922077922078,61,1,16,42
12,8,"['48267', '48269', '48270', '48274', '48276', '48278', '48290', '48295', '48300', '48304', '48305', '48284']",PRECISION_WASTE,0.2750000000000001,True,0.934131736526946,0.2619047619047619,0.0,78,11,0,31
12,8,"['48267', '48269', '48270', '48274', '48276', '48278', '48290', '48295', '48300', '48304', '48305', '48284']",BRANCH_MISPREDICTION,0.25,True,1.0,0.0,0.0,29,0,0,91
12,8,"['48267', '48269', '48270', '48274', '48276', '48278', '48290', '48295', '48300', '48304', '48305', '48284']",CACHE_PRESSURE,0.45,True,0.7297297297297297,0.0135135135135135,0.4130434782608695,27,1,19,73
12,8,"['48267', '48269', '48270', '48274', '48276', '48278', '48290', '48295', '48300', '48304', '48305', '48284']",INTRA_NODE_LOAD_IMBALANCE,0.1,True,0.8875,0.3673469387755102,0.0,71,18,0,31
12,9,"['48267', '48269', '48273', '48276', '48289', '48307', '48290', '48293', '48295', '48300', '48304', '48303']",PIPELINE_STALL,0.3125,True,0.6521739130434783,0.2424242424242424,0.3478260869565217,30,16,16,50
12,9,"['48267', '48269', '48273', '48276', '48289', '48307', '48290', '48293', '48295', '48300', '48304', '48303']",COMPUTE_UNDERUTILIZATION,0.375,True,0.8607594936708861,0.5,0.0,68,22,0,22
12,9,"['48267', '48269', '48273', '48276', '48289', '48307', '48290', '48293', '48295', '48300', '48304', '48303']",PRECISION_WASTE,0.325,True,0.7454545454545455,0.0,0.4057971014492754,41,0,28,43
12,9,"['48267', '48269', '48273', '48276', '48289', '48307', '48290', '48293', '48295', '48300', '48304', '48303']",BRANCH_MISPREDICTION,0.05,True,0.4878048780487805,0.4565217391304347,0.0,20,42,0,50
12,9,"['48267', '48269', '48273', '48276', '48289', '48307', '48290', '48293', '48295', '48300', '48304', '48303']",CACHE_PRESSURE,0.45,True,0.125,0.0888888888888888,0.9090909090909092,2,8,20,82
12,9,"['48267', '48269', '48273', '48276', '48289', '48307', '48290', '48293', '48295', '48300', '48304', '48303']",INTRA_NODE_LOAD_IMBALANCE,0.41,True,0.9908256880733944,0.0172413793103448,0.0,54,1,0,57
12,10,"['48267', '48269', '48273', '48274', '48276', '48278', '48307', '48290', '48291', '48293', '48300', '48283']",PIPELINE_STALL,0.5,True,0.8085106382978724,0.0581395348837209,0.1739130434782608,19,5,4,81
12,10,"['48267', '48269', '48273', '48274', '48276', '48278', '48307', '48290', '48291', '48293', '48300', '48283']",COMPUTE_UNDERUTILIZATION,0.32,True,0.6615384615384615,0.3714285714285714,0.4189189189189189,43,13,31,22
12,10,"['48267', '48269', '48273', '48274', '48276', '48278', '48307', '48290', '48291', '48293', '48300', '48283']",PRECISION_WASTE,0.625,True,0.96,0.1621621621621621,0.0,72,6,0,31
12,10,"['48267', '48269', '48273', '48274', '48276', '48278', '48307', '48290', '48291', '48293', '48300', '48283']",BRANCH_MISPREDICTION,0.3,True,0.8235294117647058,0.0,0.3,14,0,6,89
12,10,"['48267', '48269', '48273', '48274', '48276', '48278', '48307', '48290', '48291', '48293', '48300', '48283']",CACHE_PRESSURE,0.31,True,0.851063829787234,0.2028985507246377,0.0,40,14,0,55
12,10,"['48267', '48269', '48273', '48274', '48276', '48278', '48307', '48290', '48291', '48293', '48300', '48283']",INTRA_NODE_LOAD_IMBALANCE,0.34,True,0.78,0.3142857142857143,0.0,39,22,0,48
12,11,"['48267', '48269', '48273', '48274', '48276', '48278', '48289', '48291', '48295', '48305', '48308', '48283']",PIPELINE_STALL,0.25,True,0.56,0.7142857142857143,0.0,35,55,0,22
12,11,"['48267', '48269', '48273', '48274', '48276', '48278', '48289', '48291', '48295', '48305', '48308', '48283']",COMPUTE_UNDERUTILIZATION,0.3875,True,0.8333333333333333,0.3170731707317073,0.1549295774647887,60,13,11,28
12,11,"['48267', '48269', '48273', '48274', '48276', '48278', '48289', '48291', '48295', '48305', '48308', '48283']",PRECISION_WASTE,0.275,True,0.9289617486338798,0.4814814814814814,0.0,85,13,0,14
12,11,"['48267', '48269', '48273', '48274', '48276', '48278', '48289', '48291', '48295', '48305', '48308', '48283']",BRANCH_MISPREDICTION,0.225,True,1.0,0.0,0.0,51,0,0,61
12,11,"['48267', '48269', '48273', '48274', '48276', '48278', '48289', '48291', '48295', '48305', '48308', '48283']",CACHE_PRESSURE,0.4800000000000001,True,0.9885057471264368,0.0,0.0227272727272727,43,0,1,68
12,11,"['48267', '48269', '48273', '48274', '48276', '48278', '48289', '48291', '48295', '48305', '48308', '48283']",INTRA_NODE_LOAD_IMBALANCE,0.1375,True,1.0,0.0,0.0,79,0,0,33
12,12,"['48267', '48273', '48278', '48289', '48307', '48290', '48291', '48295', '48300', '48304', '48284', '48303']",PIPELINE_STALL,0.4,True,0.7272727272727274,0.1818181818181818,0.0769230769230769,24,16,2,72
12,12,"['48267', '48273', '48278', '48289', '48307', '48290', '48291', '48295', '48300', '48304', '48284', '48303']",COMPUTE_UNDERUTILIZATION,0.3875,True,0.8368794326241135,0.4181818181818181,0.0,59,23,0,32
12,12,"['48267', '48273', '48278', '48289', '48307', '48290', '48291', '48295', '48300', '48304', '48284', '48303']",PRECISION_WASTE,0.3166666666666666,True,0.8263473053892215,0.0588235294117647,0.2886597938144329,69,1,28,16
12,12,"['48267', '48273', '48278', '48289', '48307', '48290', '48291', '48295', '48300', '48304', '48284', '48303']",BRANCH_MISPREDICTION,0.05,True,0.3529411764705882,0.5555555555555556,0.0,15,55,0,44
12,12,"['48267', '48273', '48278', '48289', '48307', '48290', '48291', '48295', '48300', '48304', '48284', '48303']",CACHE_PRESSURE,0.27,True,0.4324324324324324,0.3978494623655914,0.238095238095238,16,37,5,56
12,12,"['48267', '48273', '48278', '48289', '48307', '48290', '48291', '48295', '48300', '48304', '48284', '48303']",INTRA_NODE_LOAD_IMBALANCE,0.0999999999999999,True,0.7777777777777778,0.4090909090909091,0.2,56,18,14,26
12,13,"['48267', '48270', '48274', '48278', '48289', '48290', '48293', '48295', '48300', '48305', '48308', '48284']",PIPELINE_STALL,0.13,True,0.9148936170212766,0.0579710144927536,0.0851063829787234,43,4,4,65
12,13,"['48267', '48270', '48274', '48278', '48289', '48290', '48293', '48295', '48300', '48305', '48308', '48284']",COMPUTE_UNDERUTILIZATION,0.3375,True,0.9942196531791908,0.0333333333333333,0.0,86,1,0,29
12,13,"['48267', '48270', '48274', '48278', '48289', '48290', '48293', '48295', '48300', '48305', '48308', '48284']",PRECISION_WASTE,0.6166666666666667,True,0.9615384615384616,0.1463414634146341,0.0,75,6,0,35
12,13,"['48267', '48270', '48274', '48278', '48289', '48290', '48293', '48295', '48300', '48305', '48308', '48284']",BRANCH_MISPREDICTION,0.2,True,0.9156626506024096,0.0897435897435897,0.0,38,7,0,71
12,13,"['48267', '48270', '48274', '48278', '48289', '48290', '48293', '48295', '48300', '48305', '48308', '48284']",CACHE_PRESSURE,0.3,True,0.6545454545454547,0.0,0.5135135135135135,18,0,19,79
12,13,"['48267', '48270', '48274', '48278', '48289', '48290', '48293', '48295', '48300', '48305', '48308', '48284']",INTRA_NODE_LOAD_IMBALANCE,0.2375,True,0.9848484848484848,0.0392156862745098,0.0,65,2,0,49
12,14,"['48267', '48269', '48270', '48274', '48289', '48307', '48291', '48295', '48305', '48283', '48284', '48303']",PIPELINE_STALL,0.26,True,0.4901960784313725,0.5340909090909091,0.1666666666666666,25,47,5,41
12,14,"['48267', '48269', '48270', '48274', '48289', '48307', '48291', '48295', '48305', '48283', '48284', '48303']",COMPUTE_UNDERUTILIZATION,0.25,True,0.8957055214723927,0.0666666666666666,0.1704545454545454,73,2,15,28
12,14,"['48267', '48269', '48270', '48274', '48289', '48307', '48291', '48295', '48305', '48283', '48284', '48303']",PRECISION_WASTE,0.1875,True,0.8902439024390245,0.0689655172413793,0.1797752808988764,73,2,16,27
12,14,"['48267', '48269', '48270', '48274', '48289', '48307', '48291', '48295', '48305', '48283', '48284', '48303']",BRANCH_MISPREDICTION,0.45,True,0.9285714285714286,0.0759493670886076,0.0,39,6,0,73
12,14,"['48267', '48269', '48270', '48274', '48289', '48307', '48291', '48295', '48305', '48283', '48284', '48303']",CACHE_PRESSURE,0.25,True,0.8631578947368421,0.1688311688311688,0.0,41,13,0,64
12,14,"['48267', '48269', '48270', '48274', '48289', '48307', '48291', '48295', '48305', '48283', '48284', '48303']",INTRA_NODE_LOAD_IMBALANCE,0.21,True,0.676470588235294,0.5172413793103449,0.2333333333333333,46,30,14,28
12,15,"['48267', '48270', '48274', '48276', '48278', '48289', '48307', '48290', '48293', '48295', '48305', '48303']",PIPELINE_STALL,0.2166666666666666,True,0.7555555555555554,0.2558139534883721,0.0,34,22,0,64
12,15,"['48267', '48270', '48274', '48276', '48278', '48289', '48307', '48290', '48293', '48295', '48305', '48303']",COMPUTE_UNDERUTILIZATION,0.36,True,0.896969696969697,0.0333333333333333,0.1777777777777777,74,1,16,29
12,15,"['48267', '48270', '48274', '48276', '48278', '48289', '48307', '48290', '48293', '48295', '48305', '48303']",PRECISION_WASTE,0.425,True,0.8740740740740739,0.0222222222222222,0.2133333333333333,59,1,16,44
12,15,"['48267', '48270', '48274', '48276', '48278', '48289', '48307', '48290', '48293', '48295', '48305', '48303']",BRANCH_MISPREDICTION,0.25,True,1.0,0.0,0.0,44,0,0,76
12,15,"['48267', '48270', '48274', '48276', '48278', '48289', '48307', '48290', '48293', '48295', '48305', '48303']",CACHE_PRESSURE,0.32,True,0.8666666666666665,0.0114942528735632,0.2121212121212121,26,1,7,86
12,15,"['48267', '48270', '48274', '48276', '48278', '48289', '48307', '48290', '48293', '48295', '48305', '48303']",INTRA_NODE_LOAD_IMBALANCE,0.2125,True,0.8676470588235293,0.2950819672131147,0.0,59,18,0,43
12,16,"['48267', '48269', '48270', '48289', '48291', '48293', '48295', '48300', '48304', '48305', '48284', '48303']",PIPELINE_STALL,0.1625,True,0.6585365853658536,0.0,0.509090909090909,27,0,28,59
12,16,"['48267', '48269', '48270', '48289', '48291', '48293', '48295', '48300', '48304', '48305', '48284', '48303']",COMPUTE_UNDERUTILIZATION,0.2125,True,0.9850746268656716,0.2,0.0,99,3,0,12
12,16,"['48267', '48269', '48270', '48289', '48291', '48293', '48295', '48300', '48304', '48305', '48284', '48303']",PRECISION_WASTE,0.45,True,0.7543859649122806,0.0,0.3943661971830985,43,0,28,43
12,16,"['48267', '48269', '48270', '48289', '48291', '48293', '48295', '48300', '48304', '48305', '48284', '48303']",BRANCH_MISPREDICTION,0.375,True,0.9156626506024096,0.0921052631578947,0.0,38,7,0,69
12,16,"['48267', '48269', '48270', '48289', '48291', '48293', '48295', '48300', '48304', '48305', '48284', '48303']",CACHE_PRESSURE,0.325,True,0.8,0.0,0.3333333333333333,12,0,6,96
12,16,"['48267', '48269', '48270', '48289', '48291', '48293', '48295', '48300', '48304', '48305', '48284', '48303']",INTRA_NODE_LOAD_IMBALANCE,0.1666666666666666,True,0.8711656441717791,0.4883720930232558,0.0,71,21,0,22
12,17,"['48267', '48269', '48274', '48276', '48278', '48289', '48291', '48293', '48300', '48305', '48308', '48283']",PIPELINE_STALL,0.2125,True,0.8155339805825242,0.2105263157894736,0.1428571428571428,42,12,7,45
12,17,"['48267', '48269', '48274', '48276', '48278', '48289', '48291', '48293', '48300', '48305', '48308', '48283']",COMPUTE_UNDERUTILIZATION,0.4,True,0.6853146853146853,0.52,0.3950617283950617,49,13,32,12
12,17,"['48267', '48269', '48274', '48276', '48278', '48289', '48291', '48293', '48300', '48305', '48308', '48283']",PRECISION_WASTE,0.45,True,0.7432432432432433,0.7450980392156863,0.0,55,38,0,13
12,17,"['48267', '48269', '48274', '48276', '48278', '48289', '48291', '48293', '48300', '48305', '48308', '48283']",BRANCH_MISPREDICTION,0.5,True,0.898876404494382,0.0,0.1836734693877551,40,0,9,57
12,17,"['48267', '48269', '48274', '48276', '48278', '48289', '48291', '48293', '48300', '48305', '48308', '48283']",CACHE_PRESSURE,0.425,True,1.0,0.0,0.0,41,0,0,65
12,17,"['48267', '48269', '48274', '48276', '48278', '48289', '48291', '48293', '48300', '48305', '48308', '48283']",INTRA_NODE_LOAD_IMBALANCE,0.225,True,1.0,0.0,0.0,62,0,0,44
12,18,"['48267', '48270', '48276', '48278', '48289', '48307', '48295', '48300', '48304', '48305', '48308', '48283']",PIPELINE_STALL,0.25,True,0.8292682926829268,0.28,0.1206896551724138,51,14,7,36
12,18,"['48267', '48270', '48276', '48278', '48289', '48307', '48295', '48300', '48304', '48305', '48308', '48283']",COMPUTE_UNDERUTILIZATION,0.275,True,0.9902912621359222,0.0175438596491228,0.0,51,1,0,56
12,18,"['48267', '48270', '48276', '48278', '48289', '48307', '48295', '48300', '48304', '48305', '48308', '48283']",PRECISION_WASTE,0.2333333333333333,True,0.777142857142857,0.975,0.0,68,39,0,1
12,18,"['48267', '48270', '48276', '48278', '48289', '48307', '48295', '48300', '48304', '48305', '48308', '48283']",BRANCH_MISPREDICTION,0.1833333333333333,True,1.0,0.0,0.0,28,0,0,80
12,18,"['48267', '48270', '48276', '48278', '48289', '48307', '48295', '48300', '48304', '48305', '48308', '48283']",CACHE_PRESSURE,0.4125000000000001,True,0.8108108108108109,0.0,0.3181818181818182,30,0,14,64
12,18,"['48267', '48270', '48276', '48278', '48289', '48307', '48295', '48300', '48304', '48305', '48308', '48283']",INTRA_NODE_LOAD_IMBALANCE,0.375,True,0.8598130841121495,0.0,0.2459016393442623,46,0,15,47
12,19,"['48267', '48269', '48273', '48276', '48289', '48307', '48291', '48293', '48295', '48305', '48283', '48303']",PIPELINE_STALL,0.2375,True,0.6846846846846847,0.4794520547945205,0.0,38,35,0,38
12,19,"['48267', '48269', '48273', '48276', '48289', '48307', '48291', '48293', '48295', '48305', '48283', '48303']",COMPUTE_UNDERUTILIZATION,0.3,True,0.923076923076923,0.5185185185185185,0.0,84,14,0,13
12,19,"['48267', '48269', '48273', '48276', '48289', '48307', '48291', '48293', '48295', '48305', '48283', '48303']",PRECISION_WASTE,0.4125,True,0.7971014492753623,0.0,0.3373493975903614,55,0,28,28
12,19,"['48267', '48269', '48273', '48276', '48289', '48307', '48291', '48293', '48295', '48305', '48283', '48303']",BRANCH_MISPREDICTION,0.0833333333333333,True,0.9113924050632912,0.0933333333333333,0.0,36,7,0,68
12,19,"['48267', '48269', '48273', '48276', '48289', '48307', '48291', '48293', '48295', '48305', '48283', '48303']",CACHE_PRESSURE,0.36,True,0.9,0.0714285714285714,0.0,27,6,0,78
12,19,"['48267', '48269', '48273', '48276', '48289', '48307', '48291', '48293', '48295', '48305', '48283', '48303']",INTRA_NODE_LOAD_IMBALANCE,0.42,True,1.0,0.0,0.0,55,0,0,56
12,20,"['48270', '48273', '48278', '48289', '48307', '48290', '48300', '48304', '48308', '48283', '48284', '48303']",PIPELINE_STALL,0.35,True,0.5423728813559322,0.1829268292682926,0.4285714285714285,16,15,12,67
12,20,"['48270', '48273', '48278', '48289', '48307', '48290', '48300', '48304', '48308', '48283', '48284', '48303']",COMPUTE_UNDERUTILIZATION,0.3125,True,0.6722689075630253,0.5571428571428572,0.0,40,39,0,31
12,20,"['48270', '48273', '48278', '48289', '48307', '48290', '48300', '48304', '48308', '48283', '48284', '48303']",PRECISION_WASTE,0.225,True,0.9948717948717948,0.0769230769230769,0.0,97,1,0,12
12,20,"['48270', '48273', '48278', '48289', '48307', '48290', '48300', '48304', '48308', '48283', '48284', '48303']",BRANCH_MISPREDICTION,0.35,True,0.72,0.0693069306930693,0.0,9,7,0,94
12,20,"['48270', '48273', '48278', '48289', '48307', '48290', '48300', '48304', '48308', '48283', '48284', '48303']",CACHE_PRESSURE,0.47,True,0.8307692307692308,0.3928571428571428,0.0,54,22,0,34
12,20,"['48270', '48273', '48278', '48289', '48307', '48290', '48300', '48304', '48308', '48283', '48284', '48303']",INTRA_NODE_LOAD_IMBALANCE,0.1875,True,0.5454545454545454,0.4411764705882353,0.3571428571428571,27,30,15,38
12,21,"['48273', '48274', '48276', '48278', '48290', '48293', '48300', '48305', '48308', '48283', '48284', '48303']",PIPELINE_STALL,0.2249999999999999,True,0.8979591836734693,0.144927536231884,0.0,44,10,0,59
12,21,"['48273', '48274', '48276', '48278', '48290', '48293', '48300', '48305', '48308', '48283', '48284', '48303']",COMPUTE_UNDERUTILIZATION,0.5,True,0.8275862068965517,0.3076923076923077,0.0,48,20,0,45
12,21,"['48273', '48274', '48276', '48278', '48290', '48293', '48300', '48305', '48308', '48283', '48284', '48303']",PRECISION_WASTE,0.3375000000000001,True,1.0,0.0,0.0,101,0,0,12
12,21,"['48273', '48274', '48276', '48278', '48290', '48293', '48300', '48305', '48308', '48283', '48284', '48303']",BRANCH_MISPREDICTION,0.3333333333333333,True,0.95,0.0,0.0952380952380952,19,0,2,92
12,21,"['48273', '48274', '48276', '48278', '48290', '48293', '48300', '48305', '48308', '48283', '48284', '48303']",CACHE_PRESSURE,0.4800000000000001,True,0.8545454545454545,0.0384615384615384,0.2295081967213114,47,2,14,50
12,21,"['48273', '48274', '48276', '48278', '48290', '48293', '48300', '48305', '48308', '48283', '48284', '48303']",INTRA_NODE_LOAD_IMBALANCE,0.425,True,1.0,0.0,0.0,34,0,0,79
12,22,"['48267', '48269', '48270', '48273', '48278', '48289', '48307', '48290', '48291', '48293', '48304', '48305']",PIPELINE_STALL,0.4,True,0.1777777777777777,0.2258064516129032,0.8,4,21,16,72
12,22,"['48267', '48269', '48270', '48273', '48278', '48289', '48307', '48290', '48291', '48293', '48304', '48305']",COMPUTE_UNDERUTILIZATION,0.2375,True,0.9955555555555556,1.0,0.0,112,1,0,0
12,22,"['48267', '48269', '48270', '48273', '48278', '48289', '48307', '48290', '48291', '48293', '48304', '48305']",PRECISION_WASTE,0.5750000000000001,True,0.688888888888889,0.0,0.4745762711864407,31,0,28,54
12,22,"['48267', '48269', '48270', '48273', '48278', '48289', '48307', '48290', '48291', '48293', '48304', '48305']",BRANCH_MISPREDICTION,0.25,True,0.9176470588235294,0.0945945945945946,0.0,39,7,0,67
12,22,"['48267', '48269', '48270', '48273', '48278', '48289', '48307', '48290', '48291', '48293', '48304', '48305']",CACHE_PRESSURE,0.33,True,0.8571428571428571,0.0,0.25,15,0,5,93
12,22,"['48267', '48269', '48270', '48273', '48278', '48289', '48307', '48290', '48291', '48293', '48304', '48305']",INTRA_NODE_LOAD_IMBALANCE,0.17,True,0.8914285714285715,0.5428571428571428,0.0,78,19,0,16
12,23,"['48267', '48270', '48274', '48276', '48290', '48291', '48293', '48300', '48305', '48308', '48283', '48303']",PIPELINE_STALL,0.1875,True,0.7948717948717949,0.1447368421052631,0.1388888888888889,31,11,5,65
12,23,"['48267', '48270', '48274', '48276', '48290', '48291', '48293', '48300', '48305', '48308', '48283', '48303']",COMPUTE_UNDERUTILIZATION,0.525,True,0.8944099378881988,0.08,0.1724137931034483,72,2,15,23
12,23,"['48267', '48270', '48274', '48276', '48290', '48291', '48293', '48300', '48305', '48308', '48283', '48303']",PRECISION_WASTE,0.5666666666666668,True,0.975206611570248,0.0566037735849056,0.0,59,3,0,50
12,23,"['48267', '48270', '48274', '48276', '48290', '48291', '48293', '48300', '48305', '48308', '48283', '48303']",BRANCH_MISPREDICTION,0.2166666666666667,True,1.0,0.0,0.0,43,0,0,69
12,23,"['48267', '48270', '48274', '48276', '48290', '48291', '48293', '48300', '48305', '48308', '48283', '48303']",CACHE_PRESSURE,0.425,True,0.8235294117647058,0.1948051948051948,0.0,35,15,0,62
12,23,"['48267', '48270', '48274', '48276', '48290', '48291', '48293', '48300', '48305', '48308', '48283', '48303']",INTRA_NODE_LOAD_IMBALANCE,0.4833333333333334,True,1.0,0.0,0.0,49,0,0,63
12,24,"['48269', '48274', '48289', '48307', '48291', '48295', '48304', '48305', '48308', '48283', '48284', '48303']",PIPELINE_STALL,0.1625,True,0.6015037593984962,0.726027397260274,0.0,40,53,0,20
12,24,"['48269', '48274', '48289', '48307', '48291', '48295', '48304', '48305', '48308', '48283', '48284', '48303']",COMPUTE_UNDERUTILIZATION,0.5666666666666668,True,0.9661016949152544,0.0714285714285714,0.0,57,4,0,52
12,24,"['48269', '48274', '48289', '48307', '48291', '48295', '48304', '48305', '48308', '48283', '48284', '48303']",PRECISION_WASTE,0.35,True,0.988235294117647,0.0689655172413793,0.0,84,2,0,27
12,24,"['48269', '48274', '48289', '48307', '48291', '48295', '48304', '48305', '48308', '48283', '48284', '48303']",BRANCH_MISPREDICTION,0.1,True,0.8571428571428571,0.2205882352941176,0.0,45,15,0,53
12,24,"['48269', '48274', '48289', '48307', '48291', '48295', '48304', '48305', '48308', '48283', '48284', '48303']",CACHE_PRESSURE,0.4375000000000001,True,0.9176470588235294,0.0821917808219178,0.025,39,6,1,67
12,24,"['48269', '48274', '48289', '48307', '48291', '48295', '48304', '48305', '48308', '48283', '48284', '48303']",INTRA_NODE_LOAD_IMBALANCE,0.23,True,0.8550724637681159,0.15,0.1917808219178082,59,6,14,34
12,25,"['48270', '48273', '48276', '48278', '48289', '48290', '48291', '48293', '48295', '48305', '48308', '48283']",PIPELINE_STALL,0.3,True,0.7000000000000001,0.1666666666666666,0.16,21,14,4,70
12,25,"['48270', '48273', '48276', '48278', '48289', '48290', '48291', '48293', '48295', '48305', '48308', '48283']",COMPUTE_UNDERUTILIZATION,0.21,True,0.9940119760479044,0.0384615384615384,0.0,83,1,0,25
12,25,"['48270', '48273', '48276', '48278', '48289', '48290', '48291', '48293', '48295', '48305', '48308', '48283']",PRECISION_WASTE,0.425,True,0.9485714285714286,0.3461538461538461,0.0,83,9,0,17
12,25,"['48270', '48273', '48276', '48278', '48289', '48290', '48291', '48293', '48295', '48305', '48308', '48283']",BRANCH_MISPREDICTION,0.25,True,1.0,0.0,0.0,45,0,0,64
12,25,"['48270', '48273', '48276', '48278', '48289', '48290', '48291', '48293', '48295', '48305', '48308', '48283']",CACHE_PRESSURE,0.38,True,0.8266666666666667,0.1666666666666666,0.0,31,13,0,65
12,25,"['48270', '48273', '48276', '48278', '48289', '48290', '48291', '48293', '48295', '48305', '48308', '48283']",INTRA_NODE_LOAD_IMBALANCE,0.3125,True,1.0,0.0,0.0,63,0,0,46
12,26,"['48270', '48273', '48274', '48307', '48290', '48291', '48293', '48295', '48300', '48304', '48305', '48284']",PIPELINE_STALL,0.31,True,1.0,0.0,0.0,21,0,0,93
12,26,"['48270', '48273', '48274', '48307', '48290', '48291', '48293', '48295', '48300', '48304', '48305', '48284']",COMPUTE_UNDERUTILIZATION,0.125,True,0.8379888268156424,0.7435897435897436,0.0,75,29,0,10
12,26,"['48270', '48273', '48274', '48307', '48290', '48291', '48293', '48295', '48300', '48304', '48305', '48284']",PRECISION_WASTE,0.4833333333333334,True,0.961038961038961,0.15,0.0,74,6,0,34
12,26,"['48270', '48273', '48274', '48307', '48290', '48291', '48293', '48295', '48300', '48304', '48305', '48284']",BRANCH_MISPREDICTION,0.1,True,0.4,0.2571428571428571,0.0,9,27,0,78
12,26,"['48270', '48273', '48274', '48307', '48290', '48291', '48293', '48295', '48300', '48304', '48305', '48284']",CACHE_PRESSURE,0.225,True,0.691358024691358,0.2560975609756097,0.125,28,21,4,61
12,26,"['48270', '48273', '48274', '48307', '48290', '48291', '48293', '48295', '48300', '48304', '48305', '48284']",INTRA_NODE_LOAD_IMBALANCE,0.1666666666666666,True,0.5957446808510638,0.7916666666666666,0.0,42,57,0,15
12,27,"['48267', '48274', '48276', '48278', '48307', '48290', '48293', '48295', '48300', '48304', '48305', '48308']",PIPELINE_STALL,0.125,True,0.912,0.1964285714285714,0.0,57,11,0,45
12,27,"['48267', '48274', '48276', '48278', '48307', '48290', '48293', '48295', '48300', '48304', '48305', '48308']",COMPUTE_UNDERUTILIZATION,0.275,True,0.7317073170731707,0.8301886792452831,0.0,60,44,0,9
12,27,"['48267', '48274', '48276', '48278', '48307', '48290', '48293', '48295', '48300', '48304', '48305', '48308']",PRECISION_WASTE,0.5333333333333333,True,0.7891156462585034,0.5636363636363636,0.0,58,31,0,24
12,27,"['48267', '48274', '48276', '48278', '48307', '48290', '48293', '48295', '48300', '48304', '48305', '48308']",BRANCH_MISPREDICTION,0.25,True,0.923076923076923,0.0126582278481012,0.1176470588235294,30,1,4,78
12,27,"['48267', '48274', '48276', '48278', '48307', '48290', '48293', '48295', '48300', '48304', '48305', '48308']",CACHE_PRESSURE,0.38,True,0.5652173913043478,0.0123456790123456,0.59375,13,1,19,80
12,27,"['48267', '48274', '48276', '48278', '48307', '48290', '48293', '48295', '48300', '48304', '48305', '48308']",INTRA_NODE_LOAD_IMBALANCE,0.2875,True,0.9927007299270074,0.0222222222222222,0.0,68,1,0,44
12,28,"['48267', '48269', '48270', '48273', '48291', '48293', '48295', '48300', '48304', '48308', '48284', '48303']",PIPELINE_STALL,0.2375,True,0.8505747126436781,0.0,0.26,37,0,13,62
12,28,"['48267', '48269', '48270', '48273', '48291', '48293', '48295', '48300', '48304', '48308', '48284', '48303']",COMPUTE_UNDERUTILIZATION,0.3875,True,0.9433962264150944,0.2432432432432432,0.0,75,9,0,28
12,28,"['48267', '48269', '48270', '48273', '48291', '48293', '48295', '48300', '48304', '48308', '48284', '48303']",PRECISION_WASTE,0.425,True,0.9878048780487804,0.0,0.0240963855421686,81,0,2,29
12,28,"['48267', '48269', '48270', '48273', '48291', '48293', '48295', '48300', '48304', '48308', '48284', '48303']",BRANCH_MISPREDICTION,0.1999999999999999,True,0.8727272727272727,0.0795454545454545,0.0,24,7,0,81
12,28,"['48267', '48269', '48270', '48273', '48291', '48293', '48295', '48300', '48304', '48308', '48284', '48303']",CACHE_PRESSURE,0.3625,True,0.7457627118644068,0.0963855421686747,0.2413793103448276,22,8,7,75
12,28,"['48267', '48269', '48270', '48273', '48291', '48293', '48295', '48300', '48304', '48308', '48284', '48303']",INTRA_NODE_LOAD_IMBALANCE,0.1833333333333333,True,0.9545454545454544,0.1224489795918367,0.0,63,6,0,43
12,29,"['48267', '48269', '48270', '48273', '48276', '48278', '48289', '48307', '48291', '48305', '48308', '48284']",PIPELINE_STALL,0.2166666666666666,True,0.810126582278481,0.1923076923076923,0.0,32,15,0,63
12,29,"['48267', '48269', '48270', '48273', '48276', '48278', '48289', '48307', '48291', '48305', '48308', '48284']",COMPUTE_UNDERUTILIZATION,0.26,True,0.8800000000000001,0.1034482758620689,0.1851851851851851,66,3,15,26
12,29,"['48267', '48269', '48270', '48273', '48276', '48278', '48289', '48307', '48291', '48305', '48308', '48284']",PRECISION_WASTE,0.25,True,0.92,0.2926829268292683,0.0,69,12,0,29
12,29,"['48267', '48269', '48270', '48273', '48276', '48278', '48289', '48307', '48291', '48305', '48308', '48284']",BRANCH_MISPREDICTION,0.2875000000000001,True,1.0,0.0,0.0,16,0,0,94
12,29,"['48267', '48269', '48270', '48273', '48276', '48278', '48289', '48307', '48291', '48305', '48308', '48284']",CACHE_PRESSURE,0.3875,True,0.9565217391304348,0.0,0.0833333333333333,55,0,5,50
12,29,"['48267', '48269', '48270', '48273', '48276', '48278', '48289', '48307', '48291', '48305', '48308', '48284']",INTRA_NODE_LOAD_IMBALANCE,0.0666666666666666,True,0.8767123287671234,0.391304347826087,0.0,64,18,0,28
12,30,"['48269', '48270', '48273', '48278', '48289', '48307', '48300', '48304', '48305', '48308', '48284', '48303']",PIPELINE_STALL,0.1699999999999999,True,0.9887640449438202,0.0144927536231884,0.0,44,1,0,68
12,30,"['48269', '48270', '48273', '48278', '48289', '48307', '48300', '48304', '48305', '48308', '48284', '48303']",COMPUTE_UNDERUTILIZATION,0.325,True,0.9821428571428572,0.0344827586206896,0.0,55,2,0,56
12,30,"['48269', '48270', '48273', '48278', '48289', '48307', '48300', '48304', '48305', '48308', '48284', '48303']",PRECISION_WASTE,0.2375,True,0.9940828402366864,0.0344827586206896,0.0,84,1,0,28
12,30,"['48269', '48270', '48273', '48278', '48289', '48307', '48300', '48304', '48305', '48308', '48284', '48303']",BRANCH_MISPREDICTION,0.25,True,0.72,0.0673076923076923,0.0,9,7,0,97
12,30,"['48269', '48270', '48273', '48278', '48289', '48307', '48300', '48304', '48305', '48308', '48284', '48303']",CACHE_PRESSURE,0.3375000000000001,True,0.8403361344537814,0.0,0.2753623188405797,50,0,19,44
12,30,"['48269', '48270', '48273', '48278', '48289', '48307', '48300', '48304', '48305', '48308', '48284', '48303']",INTRA_NODE_LOAD_IMBALANCE,0.2125,True,0.8316831683168316,0.0357142857142857,0.2631578947368421,42,2,15,54
12,31,"['48267', '48273', '48278', '48307', '48291', '48293', '48304', '48305', '48308', '48283', '48284', '48303']",PIPELINE_STALL,0.3125,True,0.942528735632184,0.044776119402985,0.0465116279069767,41,3,2,64
12,31,"['48267', '48273', '48278', '48307', '48291', '48293', '48304', '48305', '48308', '48283', '48284', '48303']",COMPUTE_UNDERUTILIZATION,0.6333333333333334,True,0.9323308270676692,0.1875,0.0,62,9,0,39
12,31,"['48267', '48273', '48278', '48307', '48291', '48293', '48304', '48305', '48308', '48283', '48284', '48303']",PRECISION_WASTE,0.3875,True,0.7643312101910829,0.0,0.3814432989690721,60,0,37,13
12,31,"['48267', '48273', '48278', '48307', '48291', '48293', '48304', '48305', '48308', '48283', '48284', '48303']",BRANCH_MISPREDICTION,0.25,True,0.8157894736842105,0.1772151898734177,0.0,31,14,0,65
12,31,"['48267', '48273', '48278', '48307', '48291', '48293', '48304', '48305', '48308', '48283', '48284', '48303']",CACHE_PRESSURE,0.4375,True,0.8266666666666667,0.1538461538461538,0.03125,31,12,1,66
12,31,"['48267', '48273', '48278', '48307', '48291', '48293', '48304', '48305', '48308', '48283', '48284', '48303']",INTRA_NODE_LOAD_IMBALANCE,0.35,True,0.992,0.0208333333333333,0.0,62,1,0,47
12,32,"['48270', '48273', '48274', '48276', '48289', '48307', '48300', '48304', '48305', '48308', '48284', '48303']",PIPELINE_STALL,0.1625,True,0.7272727272727273,0.36,0.0,36,27,0,48
12,32,"['48270', '48273', '48274', '48276', '48289', '48307', '48300', '48304', '48305', '48308', '48284', '48303']",COMPUTE_UNDERUTILIZATION,0.3166666666666667,True,0.95,0.0547945205479452,0.0,38,4,0,69
12,32,"['48270', '48273', '48274', '48276', '48289', '48307', '48300', '48304', '48305', '48308', '48284', '48303']",PRECISION_WASTE,0.425,True,0.9928057553956836,0.0238095238095238,0.0,69,1,0,41
12,32,"['48270', '48273', '48274', '48276', '48289', '48307', '48300', '48304', '48305', '48308', '48284', '48303']",BRANCH_MISPREDICTION,0.2833333333333334,True,,0.0,,0,0,0,111
12,32,"['48270', '48273', '48274', '48276', '48289', '48307', '48300', '48304', '48305', '48308', '48284', '48303']",CACHE_PRESSURE,0.3875,True,0.7716535433070866,0.1951219512195122,0.3,49,8,21,33
12,32,"['48270', '48273', '48274', '48276', '48289', '48307', '48300', '48304', '48305', '48308', '48284', '48303']",INTRA_NODE_LOAD_IMBALANCE,0.2625,True,0.6274509803921569,0.0617283950617283,0.4666666666666667,16,5,14,76
12,33,"['48267', '48269', '48270', '48273', '48274', '48276', '48289', '48291', '48300', '48308', '48283', '48284']",PIPELINE_STALL,0.32,True,0.7341772151898733,0.2727272727272727,0.0,29,21,0,56
12,33,"['48267', '48269', '48270', '48273', '48274', '48276', '48289', '48291', '48300', '48308', '48283', '48284']",COMPUTE_UNDERUTILIZATION,0.15,True,0.955223880597015,0.1428571428571428,0.0,64,6,0,36
12,33,"['48267', '48269', '48270', '48273', '48274', '48276', '48289', '48291', '48300', '48308', '48283', '48284']",PRECISION_WASTE,0.2333333333333333,True,0.92,0.3243243243243243,0.0,69,12,0,25
12,33,"['48267', '48269', '48270', '48273', '48274', '48276', '48289', '48291', '48300', '48308', '48283', '48284']",BRANCH_MISPREDICTION,0.3833333333333333,True,1.0,0.0,0.0,15,0,0,91
12,33,"['48267', '48269', '48270', '48273', '48274', '48276', '48289', '48291', '48300', '48308', '48283', '48284']",CACHE_PRESSURE,0.3333333333333333,True,0.8923076923076924,0.2916666666666667,0.0,58,14,0,34
12,33,"['48267', '48269', '48270', '48273', '48274', '48276', '48289', '48291', '48300', '48308', '48283', '48284']",INTRA_NODE_LOAD_IMBALANCE,0.3625,True,0.6774193548387097,0.0714285714285714,0.4166666666666667,21,5,15,65
12,34,"['48267', '48269', '48270', '48273', '48289', '48290', '48293', '48304', '48305', '48283', '48284', '48303']",PIPELINE_STALL,0.26,True,0.8210526315789473,0.2,0.048780487804878,39,15,2,60
12,34,"['48267', '48269', '48270', '48273', '48289', '48290', '48293', '48304', '48305', '48283', '48284', '48303']",COMPUTE_UNDERUTILIZATION,0.21,True,0.98989898989899,0.1111111111111111,0.0,98,2,0,16
12,34,"['48267', '48269', '48270', '48273', '48289', '48290', '48293', '48304', '48305', '48283', '48284', '48303']",PRECISION_WASTE,0.15,True,0.9888888888888888,0.0384615384615384,0.0111111111111111,89,1,1,25
12,34,"['48267', '48269', '48270', '48273', '48289', '48290', '48293', '48304', '48305', '48283', '48284', '48303']",BRANCH_MISPREDICTION,0.1666666666666666,True,0.9195402298850576,0.0921052631578947,0.0,40,7,0,69
12,34,"['48267', '48269', '48270', '48273', '48289', '48290', '48293', '48304', '48305', '48283', '48284', '48303']",CACHE_PRESSURE,0.38,True,0.5106382978723405,0.1,0.5384615384615384,12,9,14,81
12,34,"['48267', '48269', '48270', '48273', '48289', '48290', '48293', '48304', '48305', '48283', '48284', '48303']",INTRA_NODE_LOAD_IMBALANCE,0.31,True,0.8992248062015504,0.2241379310344827,0.0,58,13,0,45
12,35,"['48273', '48274', '48276', '48289', '48290', '48291', '48293', '48295', '48304', '48305', '48308', '48284']",PIPELINE_STALL,0.125,True,0.7469879518072289,0.2658227848101265,0.0,31,21,0,58
12,35,"['48273', '48274', '48276', '48289', '48290', '48291', '48293', '48295', '48304', '48305', '48308', '48284']",COMPUTE_UNDERUTILIZATION,0.2833333333333334,True,0.888888888888889,0.4047619047619047,0.0,68,17,0,25
12,35,"['48273', '48274', '48276', '48289', '48290', '48291', '48293', '48295', '48304', '48305', '48308', '48284']",PRECISION_WASTE,0.1166666666666666,True,0.8624999999999999,0.5365853658536586,0.0,69,22,0,19
12,35,"['48273', '48274', '48276', '48289', '48290', '48291', '48293', '48295', '48304', '48305', '48308', '48284']",BRANCH_MISPREDICTION,0.2,True,0.9863013698630138,0.0,0.027027027027027,36,0,1,73
12,35,"['48273', '48274', '48276', '48289', '48290', '48291', '48293', '48295', '48304', '48305', '48308', '48284']",CACHE_PRESSURE,0.3,True,0.6792452830188679,0.1379310344827586,0.217391304347826,18,12,5,75
12,35,"['48273', '48274', '48276', '48289', '48290', '48291', '48293', '48295', '48304', '48305', '48308', '48284']",INTRA_NODE_LOAD_IMBALANCE,0.45,True,0.9923664122137404,0.0222222222222222,0.0,65,1,0,44
12,36,"['48269', '48273', '48274', '48278', '48289', '48291', '48295', '48300', '48305', '48308', '48283', '48284']",PIPELINE_STALL,0.31,True,0.8860759493670886,0.1184210526315789,0.0,35,9,0,67
12,36,"['48269', '48273', '48274', '48278', '48289', '48291', '48295', '48300', '48305', '48308', '48283', '48284']",COMPUTE_UNDERUTILIZATION,0.4333333333333334,True,0.7719298245614035,0.2407407407407407,0.2280701754385964,44,13,13,41
12,36,"['48269', '48273', '48274', '48278', '48289', '48291', '48295', '48300', '48305', '48308', '48283', '48284']",PRECISION_WASTE,0.1166666666666666,True,0.9428571428571428,1.0,0.0,99,12,0,0
12,36,"['48269', '48273', '48274', '48278', '48289', '48291', '48295', '48300', '48305', '48308', '48283', '48284']",BRANCH_MISPREDICTION,0.15,True,0.8108108108108109,0.1728395061728395,0.0,30,14,0,67
12,36,"['48269', '48273', '48274', '48278', '48289', '48291', '48295', '48300', '48305', '48308', '48283', '48284']",CACHE_PRESSURE,0.3875,True,0.991150442477876,0.0,0.0175438596491228,56,0,1,54
12,36,"['48269', '48273', '48274', '48278', '48289', '48291', '48295', '48300', '48305', '48308', '48283', '48284']",INTRA_NODE_LOAD_IMBALANCE,0.2666666666666666,True,0.8596491228070174,0.0212765957446808,0.234375,49,1,15,46
12,37,"['48270', '48273', '48274', '48278', '48307', '48290', '48291', '48293', '48300', '48304', '48308', '48283']",PIPELINE_STALL,0.25,True,0.6666666666666666,0.1382978723404255,0.0,13,13,0,81
12,37,"['48270', '48273', '48274', '48278', '48307', '48290', '48291', '48293', '48300', '48304', '48308', '48283']",COMPUTE_UNDERUTILIZATION,0.3375,True,0.8251748251748251,0.5208333333333334,0.0,59,25,0,23
12,37,"['48270', '48273', '48274', '48278', '48307', '48290', '48291', '48293', '48300', '48304', '48308', '48283']",PRECISION_WASTE,0.3166666666666667,True,0.9333333333333332,0.2702702702702703,0.0,70,10,0,27
12,37,"['48270', '48273', '48274', '48278', '48307', '48290', '48291', '48293', '48300', '48304', '48308', '48283']",BRANCH_MISPREDICTION,0.2,True,0.8679245283018869,0.0833333333333333,0.0,23,7,0,77
12,37,"['48270', '48273', '48274', '48278', '48307', '48290', '48291', '48293', '48300', '48304', '48308', '48283']",CACHE_PRESSURE,0.38,True,0.7647058823529412,0.3529411764705882,0.0,39,24,0,44
12,37,"['48270', '48273', '48274', '48278', '48307', '48290', '48291', '48293', '48300', '48304', '48308', '48283']",INTRA_NODE_LOAD_IMBALANCE,0.41,True,0.9879518072289156,0.0151515151515151,0.0,41,1,0,65
12,38,"['48267', '48269', '48273', '48276', '48278', '48289', '48307', '48291', '48293', '48300', '48305', '48283']",PIPELINE_STALL,0.25,True,0.8351648351648352,0.2238805970149253,0.0,38,15,0,52
12,38,"['48267', '48269', '48273', '48276', '48278', '48289', '48307', '48291', '48293', '48300', '48305', '48283']",COMPUTE_UNDERUTILIZATION,0.35,True,0.6808510638297871,0.52,0.4,48,13,32,12
12,38,"['48267', '48269', '48273', '48276', '48278', '48289', '48307', '48291', '48293', '48300', '48305', '48283']",PRECISION_WASTE,0.3625,True,0.7407407407407407,0.0,0.4117647058823529,40,0,28,37
12,38,"['48267', '48269', '48273', '48276', '48278', '48289', '48307', '48291', '48293', '48300', '48305', '48283']",BRANCH_MISPREDICTION,0.1125,True,1.0,0.0,0.0,20,0,0,85
12,38,"['48267', '48269', '48273', '48276', '48278', '48289', '48307', '48291', '48293', '48300', '48305', '48283']",CACHE_PRESSURE,0.31,True,0.9879518072289156,0.015625,0.0,41,1,0,63
12,38,"['48267', '48269', '48273', '48276', '48278', '48289', '48307', '48291', '48293', '48300', '48305', '48283']",INTRA_NODE_LOAD_IMBALANCE,0.3,True,1.0,0.0,0.0,45,0,0,60
12,39,"['48267', '48269', '48270', '48276', '48289', '48293', '48300', '48304', '48305', '48308', '48283', '48284']",PIPELINE_STALL,0.35,True,0.5656565656565656,0.0,0.6056338028169014,28,0,43,34
12,39,"['48267', '48269', '48270', '48276', '48289', '48293', '48300', '48304', '48305', '48308', '48283', '48284']",COMPUTE_UNDERUTILIZATION,0.24,True,0.986842105263158,0.0666666666666666,0.0,75,2,0,28
12,39,"['48267', '48269', '48270', '48276', '48289', '48293', '48300', '48304', '48305', '48308', '48283', '48284']",PRECISION_WASTE,0.7000000000000001,True,0.9298245614035088,0.12,0.0363636363636363,53,6,2,44
12,39,"['48267', '48269', '48270', '48276', '48289', '48293', '48300', '48304', '48305', '48308', '48283', '48284']",BRANCH_MISPREDICTION,0.2833333333333334,True,1.0,0.0,0.0,29,0,0,76
12,39,"['48267', '48269', '48270', '48276', '48289', '48293', '48300', '48304', '48305', '48308', '48283', '48284']",CACHE_PRESSURE,0.4625,True,0.7567567567567567,0.0634920634920634,0.3333333333333333,28,4,14,59
12,39,"['48267', '48269', '48270', '48276', '48289', '48293', '48300', '48304', '48305', '48308', '48283', '48284']",INTRA_NODE_LOAD_IMBALANCE,0.41,True,1.0,0.0,0.0,47,0,0,58
12,40,"['48267', '48270', '48273', '48278', '48289', '48307', '48290', '48291', '48295', '48304', '48305', '48284']",PIPELINE_STALL,0.3625,True,0.4571428571428572,0.0729166666666666,0.6,8,7,12,89
12,40,"['48267', '48270', '48273', '48278', '48289', '48307', '48290', '48291', '48295', '48304', '48305', '48284']",COMPUTE_UNDERUTILIZATION,0.32,True,0.9942196531791908,0.0333333333333333,0.0,86,1,0,29
12,40,"['48267', '48270', '48273', '48278', '48289', '48307', '48290', '48291', '48295', '48304', '48305', '48284']",PRECISION_WASTE,0.1,True,0.9304812834224598,0.4482758620689655,0.0,87,13,0,16
12,40,"['48267', '48270', '48273', '48278', '48289', '48307', '48290', '48291', '48295', '48304', '48305', '48284']",BRANCH_MISPREDICTION,0.2666666666666667,True,0.8771929824561403,0.0769230769230769,0.0,25,7,0,84
12,40,"['48267', '48270', '48273', '48278', '48289', '48307', '48290', '48291', '48295', '48304', '48305', '48284']",CACHE_PRESSURE,0.37,True,0.6792452830188679,0.1290322580645161,0.217391304347826,18,12,5,81
12,40,"['48267', '48270', '48273', '48278', '48289', '48307', '48290', '48291', '48295', '48304', '48305', '48284']",INTRA_NODE_LOAD_IMBALANCE,0.1375,True,0.8926553672316384,0.5135135135135135,0.0,79,19,0,18
12,41,"['48267', '48273', '48274', '48276', '48278', '48289', '48307', '48300', '48304', '48308', '48283', '48284']",PIPELINE_STALL,0.2125,True,0.9655172413793104,0.0476190476190476,0.0,42,3,0,60
12,41,"['48267', '48273', '48274', '48276', '48278', '48289', '48307', '48300', '48304', '48308', '48283', '48284']",COMPUTE_UNDERUTILIZATION,0.05,True,0.3593749999999999,1.0,0.0,23,82,0,0
12,41,"['48267', '48273', '48274', '48276', '48278', '48289', '48307', '48300', '48304', '48308', '48283', '48284']",PRECISION_WASTE,0.325,True,0.9529411764705884,0.3333333333333333,0.0,81,8,0,16
12,41,"['48267', '48273', '48274', '48276', '48278', '48289', '48307', '48300', '48304', '48308', '48283', '48284']",BRANCH_MISPREDICTION,0.05,True,0.631578947368421,0.0707070707070707,0.0,6,7,0,92
12,41,"['48267', '48273', '48274', '48276', '48278', '48289', '48307', '48300', '48304', '48308', '48283', '48284']",CACHE_PRESSURE,0.3833333333333333,True,0.8382352941176471,0.4583333333333333,0.0,57,22,0,26
12,41,"['48267', '48273', '48274', '48276', '48278', '48289', '48307', '48300', '48304', '48308', '48283', '48284']",INTRA_NODE_LOAD_IMBALANCE,0.075,True,0.6938775510204082,0.4225352112676056,0.0,34,30,0,41
12,42,"['48267', '48270', '48289', '48290', '48291', '48293', '48295', '48300', '48304', '48308', '48283', '48303']",PIPELINE_STALL,0.19,True,0.7837837837837838,0.0857142857142857,0.2564102564102564,29,6,10,64
12,42,"['48267', '48270', '48289', '48290', '48291', '48293', '48295', '48300', '48304', '48308', '48283', '48303']",COMPUTE_UNDERUTILIZATION,0.2700000000000001,True,0.931818181818182,0.4444444444444444,0.0,82,12,0,15
12,42,"['48267', '48270', '48289', '48290', '48291', '48293', '48295', '48300', '48304', '48308', '48283', '48303']",PRECISION_WASTE,0.5833333333333334,True,0.9850746268656716,0.0,0.0294117647058823,66,0,2,41
12,42,"['48267', '48270', '48289', '48290', '48291', '48293', '48295', '48300', '48304', '48308', '48283', '48303']",BRANCH_MISPREDICTION,0.35,True,0.97196261682243,0.0526315789473684,0.0,52,3,0,54
12,42,"['48267', '48270', '48289', '48290', '48291', '48293', '48295', '48300', '48304', '48308', '48283', '48303']",CACHE_PRESSURE,0.41,True,0.1764705882352941,0.2641509433962264,0.0,3,28,0,78
12,42,"['48267', '48270', '48289', '48290', '48291', '48293', '48295', '48300', '48304', '48308', '48283', '48303']",INTRA_NODE_LOAD_IMBALANCE,0.2333333333333333,True,0.9333333333333332,0.2564102564102564,0.0,70,10,0,29
12,43,"['48267', '48269', '48273', '48274', '48278', '48289', '48307', '48291', '48295', '48300', '48305', '48303']",PIPELINE_STALL,0.2875,True,0.6842105263157895,0.2608695652173913,0.0,26,24,0,68
12,43,"['48267', '48269', '48273', '48274', '48278', '48289', '48307', '48291', '48295', '48300', '48305', '48303']",COMPUTE_UNDERUTILIZATION,0.275,True,0.9090909090909092,0.3333333333333333,0.0131578947368421,75,14,1,28
12,43,"['48267', '48269', '48273', '48274', '48278', '48289', '48307', '48291', '48295', '48300', '48305', '48303']",PRECISION_WASTE,0.3500000000000001,True,0.8930817610062893,0.032258064516129,0.1839080459770115,71,1,16,30
12,43,"['48267', '48269', '48273', '48274', '48278', '48289', '48307', '48291', '48295', '48300', '48305', '48303']",BRANCH_MISPREDICTION,0.1833333333333333,True,0.7837837837837839,0.1797752808988764,0.0,29,16,0,73
12,43,"['48267', '48269', '48273', '48274', '48278', '48289', '48307', '48291', '48295', '48300', '48305', '48303']",CACHE_PRESSURE,0.34,True,0.9411764705882352,0.0,0.1111111111111111,40,0,5,73
12,43,"['48267', '48269', '48273', '48274', '48278', '48289', '48307', '48291', '48295', '48300', '48305', '48303']",INTRA_NODE_LOAD_IMBALANCE,0.19,True,0.7194244604316546,0.3695652173913043,0.3055555555555556,50,17,22,29
12,44,"['48270', '48273', '48276', '48278', '48307', '48290', '48293', '48295', '48300', '48304', '48305', '48284']",PIPELINE_STALL,0.25,True,0.902439024390244,0.0,0.1777777777777777,37,0,8,68
12,44,"['48270', '48273', '48276', '48278', '48307', '48290', '48293', '48295', '48300', '48304', '48305', '48284']",COMPUTE_UNDERUTILIZATION,0.175,True,0.8571428571428571,0.3773584905660377,0.0,60,20,0,33
12,44,"['48270', '48273', '48276', '48278', '48307', '48290', '48293', '48295', '48300', '48304', '48305', '48284']",PRECISION_WASTE,0.3666666666666667,True,0.8055555555555556,0.0,0.3255813953488372,58,0,28,27
12,44,"['48270', '48273', '48276', '48278', '48307', '48290', '48293', '48295', '48300', '48304', '48305', '48284']",BRANCH_MISPREDICTION,0.27,True,,0.1150442477876106,,0,13,0,100
12,44,"['48270', '48273', '48276', '48278', '48307', '48290', '48293', '48295', '48300', '48304', '48305', '48284']",CACHE_PRESSURE,0.42,True,0.7222222222222221,0.0147058823529411,0.4222222222222222,26,1,19,67
12,44,"['48270', '48273', '48276', '48278', '48307', '48290', '48293', '48295', '48300', '48304', '48305', '48284']",INTRA_NODE_LOAD_IMBALANCE,0.4600000000000001,True,0.9014084507042254,0.0,0.1794871794871795,32,0,7,74
12,45,"['48267', '48270', '48273', '48276', '48289', '48290', '48295', '48300', '48305', '48308', '48284', '48303']",PIPELINE_STALL,0.1875,True,0.672566371681416,0.4225352112676056,0.1555555555555555,38,30,7,41
12,45,"['48267', '48270', '48273', '48276', '48289', '48290', '48295', '48300', '48305', '48308', '48284', '48303']",COMPUTE_UNDERUTILIZATION,0.2249999999999999,True,0.9645390070921984,0.1041666666666666,0.0,68,5,0,43
12,45,"['48267', '48270', '48273', '48276', '48289', '48290', '48295', '48300', '48305', '48308', '48284', '48303']",PRECISION_WASTE,0.4666666666666668,True,0.9192546583850932,0.0333333333333333,0.1395348837209302,74,1,12,29
12,45,"['48267', '48270', '48273', '48276', '48289', '48290', '48295', '48300', '48305', '48308', '48284', '48303']",BRANCH_MISPREDICTION,0.3,True,1.0,0.0,0.0,15,0,0,101
12,45,"['48267', '48270', '48273', '48276', '48289', '48290', '48295', '48300', '48305', '48308', '48284', '48303']",CACHE_PRESSURE,0.45,True,0.7532467532467533,0.0,0.3958333333333333,29,0,19,68
12,45,"['48267', '48270', '48273', '48276', '48289', '48290', '48295', '48300', '48305', '48308', '48284', '48303']",INTRA_NODE_LOAD_IMBALANCE,0.2,True,0.7226890756302521,0.3220338983050847,0.2456140350877192,43,19,14,40
12,46,"['48270', '48274', '48289', '48307', '48291', '48295', '48300', '48305', '48308', '48283', '48284', '48303']",PIPELINE_STALL,0.26,True,0.6666666666666666,0.3658536585365853,0.0,30,30,0,52
12,46,"['48270', '48274', '48289', '48307', '48291', '48295', '48300', '48305', '48308', '48283', '48284', '48303']",COMPUTE_UNDERUTILIZATION,0.3,True,0.9739130434782608,0.0535714285714285,0.0,56,3,0,53
12,46,"['48270', '48274', '48289', '48307', '48291', '48295', '48300', '48305', '48308', '48283', '48284', '48303']",PRECISION_WASTE,0.3833333333333334,True,0.9940828402366864,0.0357142857142857,0.0,84,1,0,27
12,46,"['48270', '48274', '48289', '48307', '48291', '48295', '48300', '48305', '48308', '48283', '48284', '48303']",BRANCH_MISPREDICTION,0.1999999999999999,True,0.8679245283018869,0.0786516853932584,0.0,23,7,0,82
12,46,"['48270', '48274', '48289', '48307', '48291', '48295', '48300', '48305', '48308', '48283', '48284', '48303']",CACHE_PRESSURE,0.3625,True,0.8437499999999999,0.3448275862068966,0.0,54,20,0,38
12,46,"['48270', '48274', '48289', '48307', '48291', '48295', '48300', '48305', '48308', '48283', '48284', '48303']",INTRA_NODE_LOAD_IMBALANCE,0.3,True,0.759493670886076,0.0735294117647058,0.3181818181818182,30,5,14,63
12,47,"['48267', '48269', '48270', '48273', '48276', '48278', '48307', '48304', '48305', '48308', '48284', '48303']",PIPELINE_STALL,0.1875,True,0.859504132231405,0.2539682539682539,0.0188679245283018,52,16,1,47
12,47,"['48267', '48269', '48270', '48273', '48276', '48278', '48307', '48304', '48305', '48308', '48284', '48303']",COMPUTE_UNDERUTILIZATION,0.2875,True,0.976,0.0545454545454545,0.0,61,3,0,52
12,47,"['48267', '48269', '48270', '48273', '48276', '48278', '48307', '48304', '48305', '48308', '48284', '48303']",PRECISION_WASTE,0.3333333333333333,True,0.9885057471264368,0.0666666666666666,0.0,86,2,0,28
12,47,"['48267', '48269', '48270', '48273', '48276', '48278', '48307', '48304', '48305', '48308', '48284', '48303']",BRANCH_MISPREDICTION,0.28,True,1.0,0.0,0.0,16,0,0,100
12,47,"['48267', '48269', '48270', '48273', '48276', '48278', '48307', '48304', '48305', '48308', '48284', '48303']",CACHE_PRESSURE,0.35,True,0.8214285714285715,0.0196078431372549,0.2923076923076923,46,1,19,50
12,47,"['48267', '48269', '48270', '48273', '48276', '48278', '48307', '48304', '48305', '48308', '48284', '48303']",INTRA_NODE_LOAD_IMBALANCE,0.22,True,0.8695652173913042,0.0192307692307692,0.21875,50,1,14,51
12,48,"['48267', '48269', '48270', '48276', '48289', '48290', '48291', '48295', '48304', '48308', '48283', '48284']",PIPELINE_STALL,0.2875,True,0.4736842105263157,0.2272727272727272,0.5813953488372093,18,15,25,51
12,48,"['48267', '48269', '48270', '48276', '48289', '48290', '48291', '48295', '48304', '48308', '48283', '48284']",COMPUTE_UNDERUTILIZATION,0.3625,True,0.9461077844311376,0.3,0.0,79,9,0,21
12,48,"['48267', '48269', '48270', '48276', '48289', '48290', '48291', '48295', '48304', '48308', '48283', '48284']",PRECISION_WASTE,0.3666666666666667,True,0.9452054794520548,0.2,0.0,69,8,0,32
12,48,"['48267', '48269', '48270', '48276', '48289', '48290', '48291', '48295', '48304', '48308', '48283', '48284']",BRANCH_MISPREDICTION,0.2666666666666667,True,1.0,0.0,0.0,45,0,0,64
12,48,"['48267', '48269', '48270', '48276', '48289', '48290', '48291', '48295', '48304', '48308', '48283', '48284']",CACHE_PRESSURE,0.36,True,0.7000000000000001,0.2045454545454545,0.0,21,18,0,70
12,48,"['48267', '48269', '48270', '48276', '48289', '48290', '48291', '48295', '48304', '48308', '48283', '48284']",INTRA_NODE_LOAD_IMBALANCE,0.45,True,0.7906976744186047,0.0,0.3461538461538461,51,0,27,31
12,49,"['48267', '48270', '48273', '48274', '48289', '48293', '48295', '48300', '48305', '48308', '48283', '48284']",PIPELINE_STALL,0.2,True,0.9375,0.0909090909090909,0.0,45,6,0,60
12,49,"['48267', '48270', '48273', '48274', '48289', '48293', '48295', '48300', '48305', '48308', '48283', '48284']",COMPUTE_UNDERUTILIZATION,0.2375,True,0.9855072463768116,0.0465116279069767,0.0,68,2,0,41
12,49,"['48267', '48270', '48273', '48274', '48289', '48293', '48295', '48300', '48305', '48308', '48283', '48284']",PRECISION_WASTE,0.7000000000000001,True,0.9608938547486032,0.25,0.0114942528735632,86,6,1,18
12,49,"['48267', '48270', '48273', '48274', '48289', '48293', '48295', '48300', '48305', '48308', '48283', '48284']",BRANCH_MISPREDICTION,0.45,True,0.8727272727272727,0.0804597701149425,0.0,24,7,0,80
12,49,"['48267', '48270', '48273', '48274', '48289', '48293', '48295', '48300', '48305', '48308', '48283', '48284']",CACHE_PRESSURE,0.4875,True,0.7560975609756098,0.0909090909090909,0.3111111111111111,31,6,14,60
12,49,"['48267', '48270', '48273', '48274', '48289', '48293', '48295', '48300', '48305', '48308', '48283', '48284']",INTRA_NODE_LOAD_IMBALANCE,0.325,True,0.6923076923076924,0.4266666666666667,0.0,36,32,0,43
14,0,"['48267', '48269', '48270', '48273', '48274', '48276', '48278', '48289', '48307', '48290', '48295', '48300', '48304', '48308']",PIPELINE_STALL,0.3,True,0.7419354838709677,0.2459016393442623,0.0416666666666666,23,15,1,46
14,0,"['48267', '48269', '48270', '48273', '48274', '48276', '48278', '48289', '48307', '48290', '48295', '48300', '48304', '48308']",COMPUTE_UNDERUTILIZATION,0.4125000000000001,True,0.898876404494382,0.2,0.0,40,9,0,36
14,0,"['48267', '48269', '48270', '48273', '48274', '48276', '48278', '48289', '48307', '48290', '48295', '48300', '48304', '48308']",PRECISION_WASTE,0.3666666666666667,True,0.9052631578947368,0.2142857142857142,0.0,43,9,0,33
14,0,"['48267', '48269', '48270', '48273', '48274', '48276', '48278', '48289', '48307', '48290', '48295', '48300', '48304', '48308']",BRANCH_MISPREDICTION,0.2375,True,1.0,0.0,0.0,14,0,0,71
14,0,"['48267', '48269', '48270', '48273', '48274', '48276', '48278', '48289', '48307', '48290', '48295', '48300', '48304', '48308']",CACHE_PRESSURE,0.35,True,0.5714285714285714,0.2391304347826087,0.4871794871794871,20,11,19,35
14,0,"['48267', '48269', '48270', '48273', '48274', '48276', '48278', '48289', '48307', '48290', '48295', '48300', '48304', '48308']",INTRA_NODE_LOAD_IMBALANCE,0.2099999999999999,True,0.99009900990099,0.0285714285714285,0.0,50,1,0,34
14,1,"['48267', '48273', '48274', '48276', '48289', '48307', '48290', '48300', '48304', '48305', '48308', '48283', '48284', '48303']",PIPELINE_STALL,0.18,True,0.759493670886076,0.3584905660377358,0.0,30,19,0,34
14,1,"['48267', '48273', '48274', '48276', '48289', '48307', '48290', '48300', '48304', '48305', '48308', '48283', '48284', '48303']",COMPUTE_UNDERUTILIZATION,0.3833333333333333,True,0.5111111111111112,0.7333333333333333,0.0,23,44,0,16
14,1,"['48267', '48273', '48274', '48276', '48289', '48307', '48290', '48300', '48304', '48305', '48308', '48283', '48284', '48303']",PRECISION_WASTE,0.5,True,0.9913043478260868,0.0384615384615384,0.0,57,1,0,25
14,1,"['48267', '48273', '48274', '48276', '48289', '48307', '48290', '48300', '48304', '48305', '48308', '48283', '48284', '48303']",BRANCH_MISPREDICTION,0.125,True,1.0,0.0,0.0,6,0,0,77
14,1,"['48267', '48273', '48274', '48276', '48289', '48307', '48290', '48300', '48304', '48305', '48308', '48283', '48284', '48303']",CACHE_PRESSURE,0.3125,True,0.6753246753246753,0.2558139534883721,0.35,26,11,14,32
14,1,"['48267', '48273', '48274', '48276', '48289', '48307', '48290', '48300', '48304', '48305', '48308', '48283', '48284', '48303']",INTRA_NODE_LOAD_IMBALANCE,0.2875000000000001,True,0.3544303797468354,0.6727272727272727,0.5,14,37,14,18
14,2,"['48267', '48269', '48274', '48276', '48278', '48307', '48291', '48293', '48300', '48304', '48305', '48308', '48283', '48284']",PIPELINE_STALL,0.125,True,0.9514563106796116,0.1724137931034483,0.0,49,5,0,24
14,2,"['48267', '48269', '48274', '48276', '48278', '48307', '48291', '48293', '48300', '48304', '48305', '48308', '48283', '48284']",COMPUTE_UNDERUTILIZATION,0.45,True,0.8686868686868687,0.3714285714285714,0.0,43,13,0,22
14,2,"['48267', '48269', '48274', '48276', '48278', '48307', '48291', '48293', '48300', '48304', '48305', '48308', '48283', '48284']",PRECISION_WASTE,0.3666666666666667,True,0.9111111111111112,0.2162162162162162,0.0,41,8,0,29
14,2,"['48267', '48269', '48274', '48276', '48278', '48307', '48291', '48293', '48300', '48304', '48305', '48308', '48283', '48284']",BRANCH_MISPREDICTION,0.375,True,0.8235294117647058,0.0,0.3,14,0,6,58
14,2,"['48267', '48269', '48274', '48276', '48278', '48307', '48291', '48293', '48300', '48304', '48305', '48308', '48283', '48284']",CACHE_PRESSURE,0.4375,True,0.9863013698630138,0.0238095238095238,0.0,36,1,0,41
14,2,"['48267', '48269', '48274', '48276', '48278', '48307', '48291', '48293', '48300', '48304', '48305', '48308', '48283', '48284']",INTRA_NODE_LOAD_IMBALANCE,0.3166666666666667,True,1.0,0.0,0.0,39,0,0,39
14,3,"['48269', '48270', '48273', '48274', '48278', '48290', '48291', '48293', '48300', '48304', '48308', '48283', '48284', '48303']",PIPELINE_STALL,0.23,True,0.8571428571428571,0.0909090909090909,0.0,18,6,0,60
14,3,"['48269', '48270', '48273', '48274', '48278', '48290', '48291', '48293', '48300', '48304', '48308', '48283', '48284', '48303']",COMPUTE_UNDERUTILIZATION,0.4,True,0.9333333333333332,0.2,0.0,49,7,0,28
14,3,"['48269', '48270', '48273', '48274', '48278', '48290', '48291', '48293', '48300', '48304', '48308', '48283', '48284', '48303']",PRECISION_WASTE,0.35,True,1.0,0.0,0.0,72,0,0,12
14,3,"['48269', '48270', '48273', '48274', '48278', '48290', '48291', '48293', '48300', '48304', '48308', '48283', '48284', '48303']",BRANCH_MISPREDICTION,0.2333333333333333,True,0.8727272727272727,0.1166666666666666,0.0,24,7,0,53
14,3,"['48269', '48270', '48273', '48274', '48278', '48290', '48291', '48293', '48300', '48304', '48308', '48283', '48284', '48303']",CACHE_PRESSURE,0.49,True,0.945945945945946,0.0816326530612244,0.0,35,4,0,45
14,3,"['48269', '48270', '48273', '48274', '48278', '48290', '48291', '48293', '48300', '48304', '48308', '48283', '48284', '48303']",INTRA_NODE_LOAD_IMBALANCE,0.3,True,0.96,0.0625,0.0,36,3,0,45
14,4,"['48267', '48270', '48273', '48274', '48276', '48278', '48289', '48307', '48290', '48293', '48295', '48300', '48304', '48303']",PIPELINE_STALL,0.375,True,0.7692307692307693,0.1791044776119403,0.0,20,12,0,55
14,4,"['48267', '48270', '48273', '48274', '48276', '48278', '48289', '48307', '48290', '48293', '48295', '48300', '48304', '48303']",COMPUTE_UNDERUTILIZATION,0.4875,True,0.9782608695652174,0.0476190476190476,0.0,45,2,0,40
14,4,"['48267', '48270', '48273', '48274', '48276', '48278', '48289', '48307', '48290', '48293', '48295', '48300', '48304', '48303']",PRECISION_WASTE,0.51,True,0.8367346938775511,0.0,0.2807017543859649,41,0,16,30
14,4,"['48267', '48270', '48273', '48274', '48276', '48278', '48289', '48307', '48290', '48293', '48295', '48300', '48304', '48303']",BRANCH_MISPREDICTION,0.2833333333333334,True,1.0,0.0,0.0,14,0,0,73
14,4,"['48267', '48270', '48273', '48274', '48276', '48278', '48289', '48307', '48290', '48293', '48295', '48300', '48304', '48303']",CACHE_PRESSURE,0.31,True,0.5423728813559322,0.3333333333333333,0.238095238095238,16,22,5,44
14,4,"['48267', '48270', '48273', '48274', '48276', '48278', '48289', '48307', '48290', '48293', '48295', '48300', '48304', '48303']",INTRA_NODE_LOAD_IMBALANCE,0.1375,True,0.5631067961165048,0.7758620689655172,0.0,29,45,0,13
14,5,"['48269', '48270', '48273', '48274', '48276', '48278', '48289', '48290', '48293', '48295', '48300', '48304', '48305', '48284']",PIPELINE_STALL,0.1999999999999999,True,0.9295774647887324,0.0925925925925925,0.0,33,5,0,49
14,5,"['48269', '48270', '48273', '48274', '48276', '48278', '48289', '48290', '48293', '48295', '48300', '48304', '48305', '48284']",COMPUTE_UNDERUTILIZATION,0.3,True,0.8514851485148516,0.0333333333333333,0.2456140350877192,43,1,14,29
14,5,"['48269', '48270', '48273', '48274', '48276', '48278', '48289', '48290', '48293', '48295', '48300', '48304', '48305', '48284']",PRECISION_WASTE,0.2875,True,0.923076923076923,0.3703703703703703,0.0,60,10,0,17
14,5,"['48269', '48270', '48273', '48274', '48276', '48278', '48289', '48290', '48293', '48295', '48300', '48304', '48305', '48284']",BRANCH_MISPREDICTION,0.21,True,1.0,0.0,0.0,15,0,0,72
14,5,"['48269', '48270', '48273', '48274', '48276', '48278', '48289', '48290', '48293', '48295', '48300', '48304', '48305', '48284']",CACHE_PRESSURE,0.45,True,0.6415094339622641,0.0,0.5277777777777778,17,0,19,51
14,5,"['48269', '48270', '48273', '48274', '48276', '48278', '48289', '48290', '48293', '48295', '48300', '48304', '48305', '48284']",INTRA_NODE_LOAD_IMBALANCE,0.44,True,0.8275862068965517,0.2941176470588235,0.0,36,15,0,36
14,6,"['48270', '48273', '48274', '48276', '48289', '48307', '48290', '48291', '48293', '48295', '48300', '48304', '48283', '48284']",PIPELINE_STALL,0.25,True,1.0,0.0,0.0,8,0,0,70
14,6,"['48270', '48273', '48274', '48276', '48289', '48307', '48290', '48291', '48293', '48295', '48300', '48304', '48283', '48284']",COMPUTE_UNDERUTILIZATION,0.17,True,0.6551724137931034,1.0,0.0,38,40,0,0
14,6,"['48270', '48273', '48274', '48276', '48289', '48307', '48290', '48291', '48293', '48295', '48300', '48304', '48283', '48284']",PRECISION_WASTE,0.26,True,0.9152542372881356,0.4166666666666667,0.0,54,10,0,14
14,6,"['48270', '48273', '48274', '48276', '48289', '48307', '48290', '48291', '48293', '48295', '48300', '48304', '48283', '48284']",BRANCH_MISPREDICTION,0.3166666666666667,True,,0.0,,0,0,0,78
14,6,"['48270', '48273', '48274', '48276', '48289', '48307', '48290', '48291', '48293', '48295', '48300', '48304', '48283', '48284']",CACHE_PRESSURE,0.3125,True,0.5555555555555556,0.5517241379310345,0.0,20,32,0,26
14,6,"['48270', '48273', '48274', '48276', '48289', '48307', '48290', '48291', '48293', '48295', '48300', '48304', '48283', '48284']",INTRA_NODE_LOAD_IMBALANCE,0.3625,True,0.1791044776119403,0.7638888888888888,0.0,6,55,0,17
14,7,"['48269', '48270', '48274', '48276', '48278', '48289', '48290', '48291', '48295', '48300', '48304', '48308', '48284', '48303']",PIPELINE_STALL,0.25,True,0.0689655172413793,0.4915254237288136,0.925925925925926,2,29,25,30
14,7,"['48269', '48270', '48274', '48276', '48278', '48289', '48290', '48291', '48295', '48300', '48304', '48308', '48284', '48303']",COMPUTE_UNDERUTILIZATION,0.3625,True,0.9072164948453608,0.2142857142857142,0.0,44,9,0,33
14,7,"['48269', '48270', '48274', '48276', '48278', '48289', '48290', '48291', '48295', '48300', '48304', '48308', '48284', '48303']",PRECISION_WASTE,0.4000000000000001,True,0.9909909909909907,0.032258064516129,0.0,55,1,0,30
14,7,"['48269', '48270', '48274', '48276', '48278', '48289', '48290', '48291', '48295', '48300', '48304', '48308', '48284', '48303']",BRANCH_MISPREDICTION,0.25,True,1.0,0.0,0.0,29,0,0,57
14,7,"['48269', '48270', '48274', '48276', '48278', '48289', '48290', '48291', '48295', '48300', '48304', '48308', '48284', '48303']",CACHE_PRESSURE,0.25,True,0.7837837837837837,0.2115384615384615,0.1470588235294117,29,11,5,41
14,7,"['48269', '48270', '48274', '48276', '48278', '48289', '48290', '48291', '48295', '48300', '48304', '48308', '48284', '48303']",INTRA_NODE_LOAD_IMBALANCE,0.24,True,0.8543689320388349,0.0,0.2542372881355932,44,0,15,27
14,8,"['48267', '48269', '48270', '48274', '48278', '48289', '48307', '48290', '48293', '48295', '48300', '48304', '48283', '48303']",PIPELINE_STALL,0.32,True,1.0,0.0,0.0,30,0,0,58
14,8,"['48267', '48269', '48270', '48274', '48278', '48289', '48307', '48290', '48293', '48295', '48300', '48304', '48283', '48303']",COMPUTE_UNDERUTILIZATION,0.3000000000000001,True,0.9448818897637796,0.25,0.0,60,7,0,21
14,8,"['48267', '48269', '48270', '48274', '48278', '48289', '48307', '48290', '48293', '48295', '48300', '48304', '48283', '48303']",PRECISION_WASTE,0.3333333333333333,True,0.9917355371900828,0.0357142857142857,0.0,60,1,0,27
14,8,"['48267', '48269', '48270', '48274', '48278', '48289', '48307', '48290', '48293', '48295', '48300', '48304', '48283', '48303']",BRANCH_MISPREDICTION,0.25,True,0.9367088607594936,0.0980392156862745,0.0,37,5,0,46
14,8,"['48267', '48269', '48270', '48274', '48278', '48289', '48307', '48290', '48293', '48295', '48300', '48304', '48283', '48303']",CACHE_PRESSURE,0.4800000000000001,True,0.2857142857142857,0.1111111111111111,0.75,4,8,12,64
14,8,"['48267', '48269', '48270', '48274', '48278', '48289', '48307', '48290', '48293', '48295', '48300', '48304', '48283', '48303']",INTRA_NODE_LOAD_IMBALANCE,0.3375,True,0.945054945054945,0.1111111111111111,0.0,43,5,0,40
14,9,"['48267', '48269', '48273', '48274', '48276', '48278', '48289', '48307', '48290', '48291', '48295', '48300', '48283', '48303']",PIPELINE_STALL,0.33,True,0.3846153846153846,0.4210526315789473,0.0,10,32,0,44
14,9,"['48267', '48269', '48273', '48274', '48276', '48278', '48289', '48307', '48290', '48291', '48295', '48300', '48283', '48303']",COMPUTE_UNDERUTILIZATION,0.24,True,0.8737864077669902,0.3170731707317073,0.0,45,13,0,28
14,9,"['48267', '48269', '48273', '48274', '48276', '48278', '48289', '48307', '48290', '48291', '48295', '48300', '48283', '48303']",PRECISION_WASTE,0.1875,True,0.993006993006993,0.0666666666666666,0.0,71,1,0,14
14,9,"['48267', '48269', '48273', '48274', '48276', '48278', '48289', '48307', '48290', '48291', '48295', '48300', '48283', '48303']",BRANCH_MISPREDICTION,0.0666666666666666,True,0.851063829787234,0.106060606060606,0.0,20,7,0,59
14,9,"['48267', '48269', '48273', '48274', '48276', '48278', '48289', '48307', '48290', '48291', '48295', '48300', '48283', '48303']",CACHE_PRESSURE,0.4200000000000001,True,0.8823529411764706,0.1428571428571428,0.0,30,8,0,48
14,9,"['48267', '48269', '48273', '48274', '48276', '48278', '48289', '48307', '48290', '48291', '48295', '48300', '48283', '48303']",INTRA_NODE_LOAD_IMBALANCE,0.2375,True,0.6511627906976744,0.3636363636363636,0.3333333333333333,28,16,14,28
14,10,"['48267', '48270', '48273', '48274', '48276', '48278', '48307', '48290', '48291', '48295', '48300', '48283', '48284', '48303']",PIPELINE_STALL,0.375,True,0.5142857142857142,0.2151898734177215,0.0,9,17,0,62
14,10,"['48267', '48270', '48273', '48274', '48276', '48278', '48307', '48290', '48291', '48295', '48300', '48283', '48284', '48303']",COMPUTE_UNDERUTILIZATION,0.2875,True,1.0,0.0,0.0,37,0,0,51
14,10,"['48267', '48270', '48273', '48274', '48276', '48278', '48307', '48290', '48291', '48295', '48300', '48283', '48284', '48303']",PRECISION_WASTE,0.17,True,0.9942857142857142,1.0,0.0,87,1,0,0
14,10,"['48267', '48270', '48273', '48274', '48276', '48278', '48307', '48290', '48291', '48295', '48300', '48283', '48284', '48303']",BRANCH_MISPREDICTION,0.2875,True,,0.0,,0,0,0,88
14,10,"['48267', '48270', '48273', '48274', '48276', '48278', '48307', '48290', '48291', '48295', '48300', '48283', '48284', '48303']",CACHE_PRESSURE,0.37,True,0.7722772277227723,0.4693877551020408,0.0,39,23,0,26
14,10,"['48267', '48270', '48273', '48274', '48276', '48278', '48307', '48290', '48291', '48295', '48300', '48283', '48284', '48303']",INTRA_NODE_LOAD_IMBALANCE,0.3199999999999999,True,0.2790697674418604,0.2388059701492537,0.7142857142857143,6,16,15,51
14,11,"['48267', '48269', '48273', '48274', '48276', '48307', '48290', '48293', '48300', '48304', '48308', '48283', '48284', '48303']",PIPELINE_STALL,0.325,True,0.975,0.0465116279069767,0.0,39,2,0,41
14,11,"['48267', '48269', '48273', '48274', '48276', '48307', '48290', '48293', '48300', '48304', '48308', '48283', '48284', '48303']",COMPUTE_UNDERUTILIZATION,0.5,True,0.7532467532467533,0.3584905660377358,0.0,29,19,0,34
14,11,"['48267', '48269', '48273', '48274', '48276', '48307', '48290', '48293', '48300', '48304', '48308', '48283', '48284', '48303']",PRECISION_WASTE,0.5333333333333333,True,1.0,0.0,0.0,57,0,0,25
14,11,"['48267', '48269', '48273', '48274', '48276', '48307', '48290', '48293', '48300', '48304', '48308', '48283', '48284', '48303']",BRANCH_MISPREDICTION,0.1124999999999999,True,0.8571428571428571,0.0263157894736842,0.0,6,2,0,74
14,11,"['48267', '48269', '48273', '48274', '48276', '48307', '48290', '48293', '48300', '48304', '48308', '48283', '48284', '48303']",CACHE_PRESSURE,0.45,True,0.6388888888888888,0.2666666666666666,0.3783783783783784,23,12,14,33
14,11,"['48267', '48269', '48273', '48274', '48276', '48307', '48290', '48293', '48300', '48304', '48308', '48283', '48284', '48303']",INTRA_NODE_LOAD_IMBALANCE,0.54,True,1.0,0.0,0.0,19,0,0,63
14,12,"['48267', '48269', '48270', '48273', '48274', '48278', '48307', '48290', '48291', '48293', '48300', '48304', '48305', '48284']",PIPELINE_STALL,0.33,True,1.0,0.0,0.0,17,0,0,70
14,12,"['48267', '48269', '48270', '48273', '48274', '48278', '48307', '48290', '48291', '48293', '48300', '48304', '48305', '48284']",COMPUTE_UNDERUTILIZATION,0.1875,True,0.9934640522875816,0.0909090909090909,0.0,76,1,0,10
14,12,"['48267', '48269', '48270', '48273', '48274', '48278', '48307', '48290', '48291', '48293', '48300', '48304', '48305', '48284']",PRECISION_WASTE,0.3333333333333334,True,0.9056603773584906,0.2564102564102564,0.0,48,10,0,29
14,12,"['48267', '48269', '48270', '48273', '48274', '48278', '48307', '48290', '48291', '48293', '48300', '48304', '48305', '48284']",BRANCH_MISPREDICTION,0.25,True,0.6206896551724138,0.141025641025641,0.0,9,11,0,67
14,12,"['48267', '48269', '48270', '48273', '48274', '48278', '48307', '48290', '48291', '48293', '48300', '48304', '48305', '48284']",CACHE_PRESSURE,0.41,True,0.888888888888889,0.0172413793103448,0.1724137931034483,24,1,5,57
14,12,"['48267', '48269', '48270', '48273', '48274', '48278', '48307', '48290', '48291', '48293', '48300', '48304', '48305', '48284']",INTRA_NODE_LOAD_IMBALANCE,0.29,True,0.8155339805825244,0.4222222222222222,0.0,42,19,0,26
14,13,"['48270', '48274', '48278', '48307', '48290', '48291', '48293', '48300', '48304', '48305', '48308', '48283', '48284', '48303']",PIPELINE_STALL,0.21,True,0.9787234042553192,0.0163934426229508,0.0,23,1,0,60
14,13,"['48270', '48274', '48278', '48307', '48290', '48291', '48293', '48300', '48304', '48305', '48308', '48283', '48284', '48303']",COMPUTE_UNDERUTILIZATION,0.5666666666666668,True,1.0,0.0,0.0,48,0,0,36
14,13,"['48270', '48274', '48278', '48307', '48290', '48291', '48293', '48300', '48304', '48305', '48308', '48283', '48284', '48303']",PRECISION_WASTE,0.3,True,1.0,0.0,0.0,58,0,0,26
14,13,"['48270', '48274', '48278', '48307', '48290', '48291', '48293', '48300', '48304', '48305', '48308', '48283', '48284', '48303']",BRANCH_MISPREDICTION,0.4000000000000001,True,0.8679245283018869,0.1147540983606557,0.0,23,7,0,54
14,13,"['48270', '48274', '48278', '48307', '48290', '48291', '48293', '48300', '48304', '48305', '48308', '48283', '48284', '48303']",CACHE_PRESSURE,0.4700000000000001,True,0.868421052631579,0.196078431372549,0.0,33,10,0,41
14,13,"['48270', '48274', '48278', '48307', '48290', '48291', '48293', '48300', '48304', '48305', '48308', '48283', '48284', '48303']",INTRA_NODE_LOAD_IMBALANCE,0.3125,True,0.9859154929577464,0.0204081632653061,0.0,35,1,0,48
14,14,"['48269', '48274', '48278', '48289', '48307', '48290', '48291', '48295', '48300', '48304', '48305', '48308', '48283', '48303']",PIPELINE_STALL,0.21,True,0.5714285714285715,0.5806451612903226,0.0,24,36,0,26
14,14,"['48269', '48274', '48278', '48289', '48307', '48290', '48291', '48295', '48300', '48304', '48305', '48308', '48283', '48303']",COMPUTE_UNDERUTILIZATION,0.1666666666666666,True,0.7652173913043477,0.6428571428571429,0.0,44,27,0,15
14,14,"['48269', '48274', '48278', '48289', '48307', '48290', '48291', '48295', '48300', '48304', '48305', '48308', '48283', '48303']",PRECISION_WASTE,0.35,True,0.8085106382978724,0.9310344827586208,0.0,57,27,0,2
14,14,"['48269', '48274', '48278', '48289', '48307', '48290', '48291', '48295', '48300', '48304', '48305', '48308', '48283', '48303']",BRANCH_MISPREDICTION,0.225,True,0.86,0.3255813953488372,0.0,43,14,0,29
14,14,"['48269', '48274', '48278', '48289', '48307', '48290', '48291', '48295', '48300', '48304', '48305', '48308', '48283', '48303']",CACHE_PRESSURE,0.45,True,1.0,0.0,0.0,27,0,0,59
14,14,"['48269', '48274', '48278', '48289', '48307', '48290', '48291', '48295', '48300', '48304', '48305', '48308', '48283', '48303']",INTRA_NODE_LOAD_IMBALANCE,0.2,True,0.993006993006993,0.0666666666666666,0.0,71,1,0,14
14,15,"['48267', '48269', '48270', '48273', '48274', '48278', '48307', '48290', '48295', '48304', '48305', '48308', '48284', '48303']",PIPELINE_STALL,0.18,True,0.6304347826086957,0.5074626865671642,0.0,29,34,0,33
14,15,"['48267', '48269', '48270', '48273', '48274', '48278', '48307', '48290', '48295', '48304', '48305', '48308', '48284', '48303']",COMPUTE_UNDERUTILIZATION,0.5833333333333334,True,0.9906542056074767,0.0232558139534883,0.0,53,1,0,42
14,15,"['48267', '48269', '48270', '48273', '48274', '48278', '48307', '48290', '48295', '48304', '48305', '48308', '48284', '48303']",PRECISION_WASTE,0.125,True,0.694214876033058,0.0555555555555555,0.4615384615384615,42,1,36,17
14,15,"['48267', '48269', '48270', '48273', '48274', '48278', '48307', '48290', '48295', '48304', '48305', '48308', '48284', '48303']",BRANCH_MISPREDICTION,0.3166666666666667,True,0.8771929824561403,0.0985915492957746,0.0,25,7,0,64
14,15,"['48267', '48269', '48270', '48273', '48274', '48278', '48307', '48290', '48295', '48304', '48305', '48308', '48284', '48303']",CACHE_PRESSURE,0.425,True,0.696969696969697,0.0185185185185185,0.4523809523809524,23,1,19,53
14,15,"['48267', '48269', '48270', '48273', '48274', '48278', '48307', '48290', '48295', '48304', '48305', '48308', '48284', '48303']",INTRA_NODE_LOAD_IMBALANCE,0.25,True,0.8666666666666666,0.0344827586206896,0.2238805970149253,52,1,15,28
14,16,"['48267', '48270', '48273', '48274', '48276', '48290', '48293', '48295', '48300', '48305', '48308', '48283', '48284', '48303']",PIPELINE_STALL,0.275,True,0.9382716049382716,0.1,0.0,38,5,0,45
14,16,"['48267', '48270', '48273', '48274', '48276', '48290', '48293', '48295', '48300', '48305', '48308', '48283', '48284', '48303']",COMPUTE_UNDERUTILIZATION,0.4666666666666667,True,0.9791666666666666,0.048780487804878,0.0,47,2,0,39
14,16,"['48267', '48270', '48273', '48274', '48276', '48290', '48293', '48295', '48300', '48305', '48308', '48283', '48284', '48303']",PRECISION_WASTE,0.5750000000000001,True,0.9583333333333334,0.0,0.08,69,0,6,13
14,16,"['48267', '48270', '48273', '48274', '48276', '48290', '48293', '48295', '48300', '48305', '48308', '48283', '48284', '48303']",BRANCH_MISPREDICTION,0.275,True,1.0,0.0,0.0,15,0,0,73
14,16,"['48267', '48270', '48273', '48274', '48276', '48290', '48293', '48295', '48300', '48305', '48308', '48283', '48284', '48303']",CACHE_PRESSURE,0.4200000000000001,True,0.6857142857142857,0.16,0.3684210526315789,24,8,14,42
14,16,"['48267', '48270', '48273', '48274', '48276', '48290', '48293', '48295', '48300', '48305', '48308', '48283', '48284', '48303']",INTRA_NODE_LOAD_IMBALANCE,0.45,True,0.9767441860465116,0.0149253731343283,0.0,21,1,0,66
14,17,"['48267', '48269', '48270', '48273', '48274', '48278', '48289', '48291', '48295', '48304', '48305', '48308', '48283', '48284']",PIPELINE_STALL,0.24,True,0.8474576271186441,0.1475409836065573,0.0,25,9,0,52
14,17,"['48267', '48269', '48270', '48273', '48274', '48278', '48289', '48291', '48295', '48304', '48305', '48308', '48283', '48284']",COMPUTE_UNDERUTILIZATION,0.5,True,1.0,0.0,0.0,58,0,0,28
14,17,"['48267', '48269', '48270', '48273', '48274', '48278', '48289', '48291', '48295', '48304', '48305', '48308', '48283', '48284']",PRECISION_WASTE,0.175,True,0.9182389937106918,1.0,0.0,73,13,0,0
14,17,"['48267', '48269', '48270', '48273', '48274', '48278', '48289', '48291', '48295', '48304', '48305', '48308', '48283', '48284']",BRANCH_MISPREDICTION,0.2,True,0.9195402298850576,0.1521739130434782,0.0,40,7,0,39
14,17,"['48267', '48269', '48270', '48273', '48274', '48278', '48289', '48291', '48295', '48304', '48305', '48308', '48283', '48284']",CACHE_PRESSURE,0.39,True,1.0,0.0,0.0,30,0,0,56
14,17,"['48267', '48269', '48270', '48273', '48274', '48278', '48289', '48291', '48295', '48304', '48305', '48308', '48283', '48284']",INTRA_NODE_LOAD_IMBALANCE,0.1875,True,0.9925925925925926,0.0526315789473684,0.0,67,1,0,18
14,18,"['48267', '48269', '48270', '48273', '48274', '48278', '48289', '48307', '48291', '48293', '48295', '48308', '48283', '48284']",PIPELINE_STALL,0.28,True,1.0,0.0,0.0,16,0,0,66
14,18,"['48267', '48269', '48270', '48273', '48274', '48278', '48289', '48307', '48291', '48293', '48295', '48308', '48283', '48284']",COMPUTE_UNDERUTILIZATION,0.27,True,0.9508196721311476,0.25,0.0,58,6,0,18
14,18,"['48267', '48269', '48270', '48273', '48274', '48278', '48289', '48307', '48291', '48293', '48295', '48308', '48283', '48284']",PRECISION_WASTE,0.2875,True,0.9395973154362416,0.75,0.0,70,9,0,3
14,18,"['48267', '48269', '48270', '48273', '48274', '48278', '48289', '48307', '48291', '48293', '48295', '48308', '48283', '48284']",BRANCH_MISPREDICTION,0.25,True,0.8771929824561403,0.1228070175438596,0.0,25,7,0,50
14,18,"['48267', '48269', '48270', '48273', '48274', '48278', '48289', '48307', '48291', '48293', '48295', '48308', '48283', '48284']",CACHE_PRESSURE,0.43,True,0.888888888888889,0.16,0.0,32,8,0,42
14,18,"['48267', '48269', '48270', '48273', '48274', '48278', '48289', '48307', '48291', '48293', '48295', '48308', '48283', '48284']",INTRA_NODE_LOAD_IMBALANCE,0.3625,True,0.9866666666666666,0.0222222222222222,0.0,37,1,0,44
14,19,"['48273', '48274', '48276', '48278', '48289', '48290', '48293', '48295', '48300', '48304', '48305', '48283', '48284', '48303']",PIPELINE_STALL,0.2375,True,0.9090909090909092,0.1372549019607843,0.0,35,7,0,44
14,19,"['48273', '48274', '48276', '48278', '48289', '48290', '48293', '48295', '48300', '48304', '48305', '48283', '48284', '48303']",COMPUTE_UNDERUTILIZATION,0.4,True,0.7848101265822784,0.3090909090909091,0.0,31,17,0,38
14,19,"['48273', '48274', '48276', '48278', '48289', '48290', '48293', '48295', '48300', '48304', '48305', '48283', '48284', '48303']",PRECISION_WASTE,0.2625,True,0.8974358974358974,,0.1860465116279069,70,0,16,0
14,19,"['48273', '48274', '48276', '48278', '48289', '48290', '48293', '48295', '48300', '48304', '48305', '48283', '48284', '48303']",BRANCH_MISPREDICTION,0.25,True,0.975609756097561,0.0,0.0476190476190476,20,0,1,65
14,19,"['48273', '48274', '48276', '48278', '48289', '48290', '48293', '48295', '48300', '48304', '48305', '48283', '48284', '48303']",CACHE_PRESSURE,0.41,True,0.65,0.0,0.5185185185185185,13,0,14,59
14,19,"['48273', '48274', '48276', '48278', '48289', '48290', '48293', '48295', '48300', '48304', '48305', '48283', '48284', '48303']",INTRA_NODE_LOAD_IMBALANCE,0.4800000000000001,True,1.0,0.0,0.0,28,0,0,58
14,20,"['48269', '48270', '48273', '48278', '48289', '48307', '48290', '48293', '48300', '48305', '48308', '48283', '48284', '48303']",PIPELINE_STALL,0.26,True,0.7272727272727273,0.0,0.4285714285714285,16,0,12,56
14,20,"['48269', '48270', '48273', '48278', '48289', '48307', '48290', '48293', '48300', '48305', '48308', '48283', '48284', '48303']",COMPUTE_UNDERUTILIZATION,0.33,True,1.0,0.0,0.0,55,0,0,29
14,20,"['48269', '48270', '48273', '48278', '48289', '48307', '48290', '48293', '48300', '48305', '48308', '48283', '48284', '48303']",PRECISION_WASTE,0.4166666666666667,True,1.0,0.0,0.0,72,0,0,12
14,20,"['48269', '48270', '48273', '48278', '48289', '48307', '48290', '48293', '48300', '48305', '48308', '48283', '48284', '48303']",BRANCH_MISPREDICTION,0.2875,True,0.72,0.0933333333333333,0.0,9,7,0,68
14,20,"['48269', '48270', '48273', '48278', '48289', '48307', '48290', '48293', '48300', '48305', '48308', '48283', '48284', '48303']",CACHE_PRESSURE,0.45,True,0.8444444444444443,0.0,0.2692307692307692,38,0,14,32
14,20,"['48269', '48270', '48273', '48278', '48289', '48307', '48290', '48293', '48300', '48305', '48308', '48283', '48284', '48303']",INTRA_NODE_LOAD_IMBALANCE,0.44,True,0.9818181818181818,0.0175438596491228,0.0,27,1,0,56
14,21,"['48269', '48270', '48276', '48278', '48289', '48307', '48290', '48293', '48295', '48300', '48304', '48305', '48284', '48303']",PIPELINE_STALL,0.2125,True,0.7733333333333333,0.0,0.3695652173913043,29,0,17,41
14,21,"['48269', '48270', '48276', '48278', '48289', '48307', '48290', '48293', '48295', '48300', '48304', '48305', '48284', '48303']",COMPUTE_UNDERUTILIZATION,0.1375,True,0.9827586206896552,0.0666666666666666,0.0,57,2,0,28
14,21,"['48269', '48270', '48276', '48278', '48289', '48307', '48290', '48293', '48295', '48300', '48304', '48305', '48284', '48303']",PRECISION_WASTE,0.475,True,0.6744186046511628,0.0,0.4912280701754385,29,0,28,30
14,21,"['48269', '48270', '48276', '48278', '48289', '48307', '48290', '48293', '48295', '48300', '48304', '48305', '48284', '48303']",BRANCH_MISPREDICTION,0.175,True,1.0,0.0,0.0,14,0,0,73
14,21,"['48269', '48270', '48276', '48278', '48289', '48307', '48290', '48293', '48295', '48300', '48304', '48305', '48284', '48303']",CACHE_PRESSURE,0.4600000000000001,True,0.5777777777777777,0.0,0.59375,13,0,19,55
14,21,"['48269', '48270', '48276', '48278', '48289', '48307', '48290', '48293', '48295', '48300', '48304', '48305', '48284', '48303']",INTRA_NODE_LOAD_IMBALANCE,0.26,True,0.8282828282828283,0.3695652173913043,0.0,41,17,0,29
14,22,"['48269', '48273', '48276', '48278', '48289', '48307', '48291', '48293', '48295', '48300', '48304', '48305', '48308', '48303']",PIPELINE_STALL,0.25,True,0.8043478260869565,0.4047619047619047,0.0263157894736842,37,17,1,25
14,22,"['48269', '48273', '48276', '48278', '48289', '48307', '48291', '48293', '48295', '48300', '48304', '48305', '48308', '48303']",COMPUTE_UNDERUTILIZATION,0.34,True,0.8541666666666666,0.358974358974359,0.0,41,14,0,25
14,22,"['48269', '48273', '48276', '48278', '48289', '48307', '48291', '48293', '48295', '48300', '48304', '48305', '48308', '48303']",PRECISION_WASTE,0.5333333333333333,True,0.8636363636363636,0.0,0.24,38,0,12,30
14,22,"['48269', '48273', '48276', '48278', '48289', '48307', '48291', '48293', '48295', '48300', '48304', '48305', '48308', '48303']",BRANCH_MISPREDICTION,0.125,True,0.9523809523809524,0.0333333333333333,0.0,20,2,0,58
14,22,"['48269', '48273', '48276', '48278', '48289', '48307', '48291', '48293', '48295', '48300', '48304', '48305', '48308', '48303']",CACHE_PRESSURE,0.24,True,0.9090909090909092,0.0,0.1666666666666666,25,0,5,50
14,22,"['48269', '48273', '48276', '48278', '48289', '48307', '48291', '48293', '48295', '48300', '48304', '48305', '48308', '48303']",INTRA_NODE_LOAD_IMBALANCE,0.2299999999999999,True,0.9908256880733944,0.0384615384615384,0.0,54,1,0,25
14,23,"['48267', '48269', '48270', '48274', '48278', '48289', '48307', '48293', '48295', '48300', '48305', '48283', '48284', '48303']",PIPELINE_STALL,0.25,True,0.8333333333333333,0.0,0.2857142857142857,30,0,12,47
14,23,"['48267', '48269', '48270', '48274', '48278', '48289', '48307', '48293', '48295', '48300', '48305', '48283', '48284', '48303']",COMPUTE_UNDERUTILIZATION,0.325,True,0.6593406593406593,0.0,0.5081967213114754,30,0,31,28
14,23,"['48267', '48269', '48270', '48274', '48278', '48289', '48307', '48293', '48295', '48300', '48305', '48283', '48284', '48303']",PRECISION_WASTE,0.4625,True,0.8805970149253731,0.0,0.2133333333333333,59,0,16,14
14,23,"['48267', '48269', '48270', '48274', '48278', '48289', '48307', '48293', '48295', '48300', '48305', '48283', '48284', '48303']",BRANCH_MISPREDICTION,0.3166666666666667,True,0.8679245283018869,0.106060606060606,0.0,23,7,0,59
14,23,"['48267', '48269', '48270', '48274', '48278', '48289', '48307', '48293', '48295', '48300', '48305', '48283', '48284', '48303']",CACHE_PRESSURE,0.37,True,0.7761194029850746,0.0204081632653061,0.35,26,1,14,48
14,23,"['48267', '48269', '48270', '48274', '48278', '48289', '48307', '48293', '48295', '48300', '48305', '48283', '48284', '48303']",INTRA_NODE_LOAD_IMBALANCE,0.33,True,0.983050847457627,0.0166666666666666,0.0,29,1,0,59
14,24,"['48267', '48269', '48270', '48273', '48274', '48278', '48289', '48291', '48293', '48304', '48305', '48308', '48284', '48303']",PIPELINE_STALL,0.14,True,0.5494505494505494,0.6612903225806451,0.0,25,41,0,21
14,24,"['48267', '48269', '48270', '48273', '48274', '48278', '48289', '48291', '48293', '48304', '48305', '48308', '48284', '48303']",COMPUTE_UNDERUTILIZATION,0.475,True,0.9932885906040269,0.0769230769230769,0.0,74,1,0,12
14,24,"['48267', '48269', '48270', '48273', '48274', '48278', '48289', '48291', '48293', '48304', '48305', '48308', '48284', '48303']",PRECISION_WASTE,0.3666666666666667,True,0.9914529914529916,0.0344827586206896,0.0,58,1,0,28
14,24,"['48267', '48269', '48270', '48273', '48274', '48278', '48289', '48291', '48293', '48304', '48305', '48308', '48284', '48303']",BRANCH_MISPREDICTION,0.25,True,0.9195402298850576,0.1489361702127659,0.0,40,7,0,40
14,24,"['48267', '48269', '48270', '48273', '48274', '48278', '48289', '48291', '48293', '48304', '48305', '48308', '48284', '48303']",CACHE_PRESSURE,0.34,True,0.9019607843137256,0.0,0.1785714285714285,23,0,5,59
14,24,"['48267', '48269', '48270', '48273', '48274', '48278', '48289', '48291', '48293', '48304', '48305', '48308', '48284', '48303']",INTRA_NODE_LOAD_IMBALANCE,0.2375,True,0.9838709677419354,0.0769230769230769,0.0,61,2,0,24
14,25,"['48269', '48270', '48278', '48289', '48307', '48291', '48293', '48300', '48304', '48305', '48308', '48283', '48284', '48303']",PIPELINE_STALL,0.22,True,0.8484848484848484,0.0,0.2631578947368421,28,0,10,41
14,25,"['48269', '48270', '48278', '48289', '48307', '48291', '48293', '48300', '48304', '48305', '48308', '48283', '48284', '48303']",COMPUTE_UNDERUTILIZATION,0.3399999999999999,True,1.0,0.0,0.0,54,0,0,25
14,25,"['48269', '48270', '48278', '48289', '48307', '48291', '48293', '48300', '48304', '48305', '48308', '48283', '48284', '48303']",PRECISION_WASTE,0.6833333333333335,True,0.8723404255319149,0.0,0.2264150943396226,41,0,12,26
14,25,"['48269', '48270', '48278', '48289', '48307', '48291', '48293', '48300', '48304', '48305', '48308', '48283', '48284', '48303']",BRANCH_MISPREDICTION,0.3,True,0.8679245283018869,0.125,0.0,23,7,0,49
14,25,"['48269', '48270', '48278', '48289', '48307', '48291', '48293', '48300', '48304', '48305', '48308', '48283', '48284', '48303']",CACHE_PRESSURE,0.42,True,0.9859154929577464,0.0,0.0277777777777777,35,0,1,43
14,25,"['48269', '48270', '48278', '48289', '48307', '48291', '48293', '48300', '48304', '48305', '48308', '48283', '48284', '48303']",INTRA_NODE_LOAD_IMBALANCE,0.275,True,0.9879518072289156,0.0263157894736842,0.0,41,1,0,37
14,26,"['48267', '48269', '48270', '48273', '48276', '48278', '48289', '48307', '48290', '48300', '48308', '48283', '48284', '48303']",PIPELINE_STALL,0.275,True,0.5423728813559322,0.2727272727272727,0.4285714285714285,16,15,12,40
14,26,"['48267', '48269', '48270', '48273', '48276', '48278', '48289', '48307', '48290', '48300', '48308', '48283', '48284', '48303']",COMPUTE_UNDERUTILIZATION,0.375,True,1.0,0.0,0.0,39,0,0,44
14,26,"['48267', '48269', '48270', '48273', '48276', '48278', '48289', '48307', '48290', '48300', '48308', '48283', '48284', '48303']",PRECISION_WASTE,0.39,True,0.9929078014184396,0.0769230769230769,0.0,70,1,0,12
14,26,"['48267', '48269', '48270', '48273', '48276', '48278', '48289', '48307', '48290', '48300', '48308', '48283', '48284', '48303']",BRANCH_MISPREDICTION,0.3,True,,0.0,,0,0,0,83
14,26,"['48267', '48269', '48270', '48273', '48276', '48278', '48289', '48307', '48290', '48300', '48308', '48283', '48284', '48303']",CACHE_PRESSURE,0.6000000000000001,True,0.845360824742268,0.0357142857142857,0.2545454545454545,41,1,14,27
14,26,"['48267', '48269', '48270', '48273', '48276', '48278', '48289', '48307', '48290', '48300', '48308', '48283', '48284', '48303']",INTRA_NODE_LOAD_IMBALANCE,0.15,True,1.0,0.0,0.0,27,0,0,56
14,27,"['48267', '48269', '48270', '48278', '48289', '48290', '48291', '48293', '48295', '48300', '48304', '48305', '48308', '48284']",PIPELINE_STALL,0.1399999999999999,True,0.6461538461538462,0.024390243902439,0.5116279069767442,21,1,22,40
14,27,"['48267', '48269', '48270', '48278', '48289', '48290', '48291', '48293', '48295', '48300', '48304', '48305', '48308', '48284']",COMPUTE_UNDERUTILIZATION,0.1625,True,0.9940119760479044,1.0,0.0,83,1,0,0
14,27,"['48267', '48269', '48270', '48278', '48289', '48290', '48291', '48293', '48295', '48300', '48304', '48305', '48308', '48284']",PRECISION_WASTE,0.25,True,0.8958333333333334,0.2439024390243902,0.0,43,10,0,31
14,27,"['48267', '48269', '48270', '48278', '48289', '48290', '48291', '48293', '48295', '48300', '48304', '48305', '48308', '48284']",BRANCH_MISPREDICTION,0.1666666666666666,True,0.9156626506024096,0.1521739130434782,0.0,38,7,0,39
14,27,"['48267', '48269', '48270', '48278', '48289', '48290', '48291', '48293', '48295', '48300', '48304', '48305', '48308', '48284']",CACHE_PRESSURE,0.34,True,0.6153846153846153,0.0,0.5555555555555556,4,0,5,75
14,27,"['48267', '48269', '48270', '48278', '48289', '48290', '48291', '48293', '48295', '48300', '48304', '48305', '48308', '48284']",INTRA_NODE_LOAD_IMBALANCE,0.1833333333333333,True,0.980891719745223,0.4285714285714285,0.0,77,3,0,4
14,28,"['48267', '48269', '48270', '48273', '48274', '48289', '48307', '48290', '48295', '48304', '48305', '48283', '48284', '48303']",PIPELINE_STALL,0.15,True,0.4210526315789474,0.7534246575342466,0.0,20,55,0,18
14,28,"['48267', '48269', '48270', '48273', '48274', '48289', '48307', '48290', '48295', '48304', '48305', '48283', '48284', '48303']",COMPUTE_UNDERUTILIZATION,0.5166666666666667,True,0.8269230769230769,0.0588235294117647,0.2711864406779661,43,2,16,32
14,28,"['48267', '48269', '48270', '48273', '48274', '48289', '48307', '48290', '48295', '48304', '48305', '48283', '48284', '48303']",PRECISION_WASTE,0.175,True,0.9873417721518988,0.1333333333333333,0.0,78,2,0,13
14,28,"['48267', '48269', '48270', '48273', '48274', '48289', '48307', '48290', '48295', '48304', '48305', '48283', '48284', '48303']",BRANCH_MISPREDICTION,0.4166666666666667,True,0.8771929824561403,0.1029411764705882,0.0,25,7,0,61
14,28,"['48267', '48269', '48270', '48273', '48274', '48289', '48307', '48290', '48295', '48304', '48305', '48283', '48284', '48303']",CACHE_PRESSURE,0.37,True,0.5555555555555556,0.15625,0.4827586206896552,15,10,14,54
14,28,"['48267', '48269', '48270', '48273', '48274', '48289', '48307', '48290', '48295', '48304', '48305', '48283', '48284', '48303']",INTRA_NODE_LOAD_IMBALANCE,0.2,True,0.5925925925925926,0.6382978723404256,0.3043478260869565,32,30,14,17
14,29,"['48267', '48269', '48270', '48273', '48274', '48289', '48307', '48290', '48293', '48300', '48304', '48305', '48308', '48303']",PIPELINE_STALL,0.18,True,0.7164179104477612,0.3015873015873015,0.0,24,19,0,44
14,29,"['48267', '48269', '48270', '48273', '48274', '48289', '48307', '48290', '48293', '48300', '48304', '48305', '48308', '48303']",COMPUTE_UNDERUTILIZATION,0.35,True,0.9784172661870504,0.1578947368421052,0.0,68,3,0,16
14,29,"['48267', '48269', '48270', '48273', '48274', '48289', '48307', '48290', '48293', '48300', '48304', '48305', '48308', '48303']",PRECISION_WASTE,0.2,True,0.9411764705882352,0.0727272727272727,0.0,32,4,0,51
14,29,"['48267', '48269', '48270', '48273', '48274', '48289', '48307', '48290', '48293', '48300', '48304', '48305', '48308', '48303']",BRANCH_MISPREDICTION,0.3000000000000001,True,0.8679245283018869,0.109375,0.0,23,7,0,57
14,29,"['48267', '48269', '48270', '48273', '48274', '48289', '48307', '48290', '48293', '48300', '48304', '48305', '48308', '48303']",CACHE_PRESSURE,0.3375,True,0.5238095238095238,0.0,0.6451612903225806,11,0,20,56
14,29,"['48267', '48269', '48270', '48273', '48274', '48289', '48307', '48290', '48293', '48300', '48304', '48305', '48308', '48303']",INTRA_NODE_LOAD_IMBALANCE,0.325,True,0.9777777777777776,0.0465116279069767,0.0,44,2,0,41
14,30,"['48267', '48269', '48273', '48276', '48278', '48289', '48307', '48290', '48291', '48293', '48300', '48304', '48305', '48308']",PIPELINE_STALL,0.2,True,0.7792207792207793,0.3541666666666667,0.0,30,17,0,31
14,30,"['48267', '48269', '48273', '48276', '48278', '48289', '48307', '48290', '48291', '48293', '48300', '48304', '48305', '48308']",COMPUTE_UNDERUTILIZATION,0.27,True,0.9014084507042254,1.0,0.0,64,14,0,0
14,30,"['48267', '48269', '48273', '48276', '48278', '48289', '48307', '48290', '48291', '48293', '48300', '48304', '48305', '48308']",PRECISION_WASTE,0.5500000000000002,True,0.8928571428571428,0.1132075471698113,0.0,25,6,0,47
14,30,"['48267', '48269', '48273', '48276', '48278', '48289', '48307', '48290', '48291', '48293', '48300', '48304', '48305', '48308']",BRANCH_MISPREDICTION,0.1375,True,1.0,0.0,0.0,20,0,0,58
14,30,"['48267', '48269', '48273', '48276', '48278', '48289', '48307', '48290', '48291', '48293', '48300', '48304', '48305', '48308']",CACHE_PRESSURE,0.4600000000000001,True,0.8571428571428571,0.0,0.25,15,0,5,58
14,30,"['48267', '48269', '48273', '48276', '48278', '48289', '48307', '48290', '48291', '48293', '48300', '48304', '48305', '48308']",INTRA_NODE_LOAD_IMBALANCE,0.3299999999999999,True,1.0,0.0,0.0,60,0,0,18
14,31,"['48267', '48273', '48276', '48289', '48290', '48291', '48293', '48295', '48300', '48304', '48305', '48283', '48284', '48303']",PIPELINE_STALL,0.2625,True,0.868421052631579,0.1702127659574468,0.0571428571428571,33,8,2,39
14,31,"['48267', '48273', '48276', '48289', '48290', '48291', '48293', '48295', '48300', '48304', '48305', '48283', '48284', '48303']",COMPUTE_UNDERUTILIZATION,0.1333333333333333,True,0.870967741935484,0.5714285714285714,0.0,54,16,0,12
14,31,"['48267', '48273', '48276', '48289', '48290', '48291', '48293', '48295', '48300', '48304', '48305', '48283', '48284', '48303']",PRECISION_WASTE,0.35,True,0.7454545454545455,0.0,0.4057971014492754,41,0,28,13
14,31,"['48267', '48273', '48276', '48289', '48290', '48291', '48293', '48295', '48300', '48304', '48305', '48283', '48284', '48303']",BRANCH_MISPREDICTION,0.2166666666666666,True,0.95,0.0,0.0952380952380952,19,0,2,61
14,31,"['48267', '48273', '48276', '48289', '48290', '48291', '48293', '48295', '48300', '48304', '48305', '48283', '48284', '48303']",CACHE_PRESSURE,0.34,True,0.0833333333333333,0.2716049382716049,0.0,1,22,0,59
14,31,"['48267', '48273', '48276', '48289', '48290', '48291', '48293', '48295', '48300', '48304', '48305', '48283', '48284', '48303']",INTRA_NODE_LOAD_IMBALANCE,0.4166666666666667,True,0.975609756097561,0.0476190476190476,0.0,40,2,0,40
14,32,"['48267', '48269', '48270', '48273', '48289', '48307', '48291', '48293', '48295', '48300', '48308', '48283', '48284', '48303']",PIPELINE_STALL,0.32,True,0.7555555555555554,0.0,0.3928571428571428,17,0,11,52
14,32,"['48267', '48269', '48270', '48273', '48289', '48307', '48291', '48293', '48295', '48300', '48308', '48283', '48284', '48303']",COMPUTE_UNDERUTILIZATION,0.25,True,0.923076923076923,0.3461538461538461,0.0,54,9,0,17
14,32,"['48267', '48269', '48270', '48273', '48289', '48307', '48291', '48293', '48295', '48300', '48308', '48283', '48284', '48303']",PRECISION_WASTE,0.3,True,1.0,0.0,0.0,67,0,0,13
14,32,"['48267', '48269', '48270', '48273', '48289', '48307', '48291', '48293', '48295', '48300', '48308', '48283', '48284', '48303']",BRANCH_MISPREDICTION,0.2125,True,0.72,0.0985915492957746,0.0,9,7,0,64
14,32,"['48267', '48269', '48270', '48273', '48289', '48307', '48291', '48293', '48295', '48300', '48308', '48283', '48284', '48303']",CACHE_PRESSURE,0.33,True,0.7945205479452054,0.2941176470588235,0.0,29,15,0,36
14,32,"['48267', '48269', '48270', '48273', '48289', '48307', '48291', '48293', '48295', '48300', '48308', '48283', '48284', '48303']",INTRA_NODE_LOAD_IMBALANCE,0.36,True,0.9,0.1132075471698113,0.0,27,6,0,47
14,33,"['48270', '48273', '48276', '48278', '48307', '48291', '48293', '48295', '48300', '48304', '48308', '48283', '48284', '48303']",PIPELINE_STALL,0.275,True,0.96875,0.0,0.0606060606060606,31,0,2,45
14,33,"['48270', '48273', '48276', '48278', '48307', '48291', '48293', '48295', '48300', '48304', '48308', '48283', '48284', '48303']",COMPUTE_UNDERUTILIZATION,0.4333333333333333,True,0.7058823529411764,0.25,0.0,18,15,0,45
14,33,"['48270', '48273', '48276', '48278', '48307', '48291', '48293', '48295', '48300', '48304', '48308', '48283', '48284', '48303']",PRECISION_WASTE,0.4000000000000001,True,1.0,,0.0,78,0,0,0
14,33,"['48270', '48273', '48276', '48278', '48307', '48291', '48293', '48295', '48300', '48304', '48308', '48283', '48284', '48303']",BRANCH_MISPREDICTION,0.28,True,,0.0,,0,0,0,78
14,33,"['48270', '48273', '48276', '48278', '48307', '48291', '48293', '48295', '48300', '48304', '48308', '48283', '48284', '48303']",CACHE_PRESSURE,0.26,True,0.7526881720430108,0.5238095238095238,0.0277777777777777,35,22,1,20
14,33,"['48270', '48273', '48276', '48278', '48307', '48291', '48293', '48295', '48300', '48304', '48308', '48283', '48284', '48303']",INTRA_NODE_LOAD_IMBALANCE,0.38,True,0.8372093023255813,0.1166666666666666,0.0,18,7,0,53
14,34,"['48267', '48269', '48273', '48276', '48289', '48307', '48290', '48291', '48293', '48300', '48304', '48308', '48283', '48284']",PIPELINE_STALL,0.1875,True,0.923076923076923,0.1162790697674418,0.0,30,5,0,38
14,34,"['48267', '48269', '48273', '48276', '48289', '48307', '48290', '48291', '48293', '48300', '48304', '48308', '48283', '48284']",COMPUTE_UNDERUTILIZATION,0.19,True,0.7931034482758621,0.8888888888888888,0.0,46,24,0,3
14,34,"['48267', '48269', '48273', '48276', '48289', '48307', '48290', '48291', '48293', '48300', '48304', '48308', '48283', '48284']",PRECISION_WASTE,0.3333333333333334,True,0.9135802469135804,0.1944444444444444,0.0,37,7,0,29
14,34,"['48267', '48269', '48273', '48276', '48289', '48307', '48290', '48291', '48293', '48300', '48304', '48308', '48283', '48284']",BRANCH_MISPREDICTION,0.15,True,1.0,0.0,0.0,6,0,0,67
14,34,"['48267', '48269', '48273', '48276', '48289', '48307', '48290', '48291', '48293', '48300', '48304', '48308', '48283', '48284']",CACHE_PRESSURE,0.51,True,0.8181818181818181,0.1454545454545454,0.0,18,8,0,47
14,34,"['48267', '48269', '48273', '48276', '48289', '48307', '48290', '48291', '48293', '48300', '48304', '48308', '48283', '48284']",INTRA_NODE_LOAD_IMBALANCE,0.25,True,0.7209302325581396,0.5714285714285714,0.0,31,24,0,18
14,35,"['48270', '48274', '48278', '48289', '48290', '48291', '48293', '48295', '48300', '48304', '48305', '48308', '48283', '48303']",PIPELINE_STALL,0.18,True,0.7301587301587301,0.2741935483870967,0.0,23,17,0,45
14,35,"['48270', '48274', '48278', '48289', '48290', '48291', '48293', '48295', '48300', '48304', '48305', '48308', '48283', '48303']",COMPUTE_UNDERUTILIZATION,0.075,True,0.8194444444444444,1.0,0.0,59,26,0,0
14,35,"['48270', '48274', '48278', '48289', '48290', '48291', '48293', '48295', '48300', '48304', '48305', '48308', '48283', '48303']",PRECISION_WASTE,0.15,True,0.8028169014084507,1.0,0.0,57,28,0,0
14,35,"['48270', '48274', '48278', '48289', '48290', '48291', '48293', '48295', '48300', '48304', '48305', '48308', '48283', '48303']",BRANCH_MISPREDICTION,0.225,True,0.962962962962963,0.1212121212121212,0.0,52,4,0,29
14,35,"['48270', '48274', '48278', '48289', '48290', '48291', '48293', '48295', '48300', '48304', '48305', '48308', '48283', '48303']",CACHE_PRESSURE,0.41,True,0.6842105263157895,0.1666666666666666,0.0,13,12,0,60
14,35,"['48270', '48274', '48278', '48289', '48290', '48291', '48293', '48295', '48300', '48304', '48305', '48308', '48283', '48303']",INTRA_NODE_LOAD_IMBALANCE,0.375,True,0.9914529914529916,0.037037037037037,0.0,58,1,0,26
14,36,"['48267', '48269', '48270', '48273', '48274', '48276', '48307', '48290', '48291', '48295', '48304', '48308', '48283', '48284']",PIPELINE_STALL,0.2875,True,0.9444444444444444,0.0298507462686567,0.0,17,2,0,65
14,36,"['48267', '48269', '48270', '48273', '48274', '48276', '48307', '48290', '48291', '48295', '48304', '48308', '48283', '48284']",COMPUTE_UNDERUTILIZATION,0.3375,True,0.8979591836734693,0.25,0.0,44,10,0,30
14,36,"['48267', '48269', '48270', '48273', '48274', '48276', '48307', '48290', '48291', '48295', '48304', '48308', '48283', '48284']",PRECISION_WASTE,0.45,True,0.935483870967742,0.3076923076923077,0.0,58,8,0,18
14,36,"['48267', '48269', '48270', '48273', '48274', '48276', '48307', '48290', '48291', '48295', '48304', '48308', '48283', '48284']",BRANCH_MISPREDICTION,0.2375,True,1.0,0.0,0.0,16,0,0,68
14,36,"['48267', '48269', '48270', '48273', '48274', '48276', '48307', '48290', '48291', '48295', '48304', '48308', '48283', '48284']",CACHE_PRESSURE,0.325,True,0.7407407407407407,0.3888888888888889,0.0,30,21,0,33
14,36,"['48267', '48269', '48270', '48273', '48274', '48276', '48307', '48290', '48291', '48295', '48304', '48308', '48283', '48284']",INTRA_NODE_LOAD_IMBALANCE,0.31,True,0.7945205479452055,0.024390243902439,0.3255813953488372,29,1,14,40
14,37,"['48267', '48269', '48270', '48273', '48276', '48278', '48289', '48307', '48291', '48300', '48305', '48308', '48283', '48284']",PIPELINE_STALL,0.2875,True,0.5423728813559322,0.3,0.4285714285714285,16,15,12,35
14,37,"['48267', '48269', '48270', '48273', '48276', '48278', '48289', '48307', '48291', '48300', '48305', '48308', '48283', '48284']",COMPUTE_UNDERUTILIZATION,0.3375,True,0.813953488372093,0.0357142857142857,0.3,35,1,15,27
14,37,"['48267', '48269', '48270', '48273', '48276', '48278', '48289', '48307', '48291', '48300', '48305', '48308', '48283', '48284']",PRECISION_WASTE,0.275,True,0.907563025210084,0.4583333333333333,0.0,54,11,0,13
14,37,"['48267', '48269', '48270', '48273', '48276', '48278', '48289', '48307', '48291', '48300', '48305', '48308', '48283', '48284']",BRANCH_MISPREDICTION,0.3166666666666667,True,,0.0,,0,0,0,78
14,37,"['48267', '48269', '48270', '48273', '48276', '48278', '48289', '48307', '48291', '48300', '48305', '48308', '48283', '48284']",CACHE_PRESSURE,0.3875,True,0.9909909909909907,0.0434782608695652,0.0,55,1,0,22
14,37,"['48267', '48269', '48270', '48273', '48276', '48278', '48289', '48307', '48291', '48300', '48305', '48308', '48283', '48284']",INTRA_NODE_LOAD_IMBALANCE,0.3625,True,0.7058823529411764,0.0,0.4545454545454545,18,0,15,45
14,38,"['48269', '48270', '48273', '48274', '48276', '48278', '48289', '48307', '48291', '48295', '48304', '48305', '48308', '48283']",PIPELINE_STALL,0.25,True,0.4155844155844155,0.6818181818181818,0.0,16,45,0,21
14,38,"['48269', '48270', '48273', '48274', '48276', '48278', '48289', '48307', '48291', '48295', '48304', '48305', '48308', '48283']",COMPUTE_UNDERUTILIZATION,0.4000000000000001,True,1.0,0.0,0.0,41,0,0,41
14,38,"['48269', '48270', '48273', '48274', '48276', '48278', '48289', '48307', '48291', '48295', '48304', '48305', '48308', '48283']",PRECISION_WASTE,0.275,True,0.9016393442622952,0.4444444444444444,0.0,55,12,0,15
14,38,"['48269', '48270', '48273', '48274', '48276', '48278', '48289', '48307', '48291', '48295', '48304', '48305', '48308', '48283']",BRANCH_MISPREDICTION,0.2333333333333333,True,1.0,0.0,0.0,30,0,0,52
14,38,"['48269', '48270', '48273', '48274', '48276', '48278', '48289', '48307', '48291', '48295', '48304', '48305', '48308', '48283']",CACHE_PRESSURE,0.375,True,0.988235294117647,0.0,0.0232558139534883,42,0,1,39
14,38,"['48269', '48270', '48273', '48274', '48276', '48278', '48289', '48307', '48291', '48295', '48304', '48305', '48308', '48283']",INTRA_NODE_LOAD_IMBALANCE,0.4,True,0.8275862068965517,0.0,0.2941176470588235,36,0,15,31
14,39,"['48273', '48274', '48276', '48278', '48289', '48290', '48291', '48293', '48295', '48300', '48304', '48308', '48283', '48284']",PIPELINE_STALL,0.28,True,0.8846153846153846,0.1111111111111111,0.0,23,6,0,48
14,39,"['48273', '48274', '48276', '48278', '48289', '48290', '48291', '48293', '48295', '48300', '48304', '48308', '48283', '48284']",COMPUTE_UNDERUTILIZATION,0.26,True,0.5048543689320388,1.0,0.0,26,51,0,0
14,39,"['48273', '48274', '48276', '48278', '48289', '48290', '48291', '48293', '48295', '48300', '48304', '48308', '48283', '48284']",PRECISION_WASTE,0.0999999999999999,True,0.923076923076923,1.0,0.0,66,11,0,0
14,39,"['48273', '48274', '48276', '48278', '48289', '48290', '48291', '48293', '48295', '48300', '48304', '48308', '48283', '48284']",BRANCH_MISPREDICTION,0.2625,True,0.95,0.0,0.0952380952380952,19,0,2,56
14,39,"['48273', '48274', '48276', '48278', '48289', '48290', '48291', '48293', '48295', '48300', '48304', '48308', '48283', '48284']",CACHE_PRESSURE,0.33,True,0.5277777777777778,0.5862068965517241,0.0,19,34,0,24
14,39,"['48273', '48274', '48276', '48278', '48289', '48290', '48291', '48293', '48295', '48300', '48304', '48308', '48283', '48284']",INTRA_NODE_LOAD_IMBALANCE,0.3099999999999999,True,1.0,0.0,0.0,34,0,0,43
14,40,"['48270', '48273', '48274', '48289', '48290', '48291', '48293', '48295', '48300', '48304', '48305', '48308', '48283', '48284']",PIPELINE_STALL,0.28,True,0.8717948717948718,0.078125,0.0,17,5,0,59
14,40,"['48270', '48273', '48274', '48289', '48290', '48291', '48293', '48295', '48300', '48304', '48305', '48308', '48283', '48284']",COMPUTE_UNDERUTILIZATION,0.0999999999999999,True,0.791044776119403,1.0,0.0,53,28,0,0
14,40,"['48270', '48273', '48274', '48289', '48290', '48291', '48293', '48295', '48300', '48304', '48305', '48308', '48283', '48284']",PRECISION_WASTE,0.2166666666666667,True,0.9193548387096774,0.4166666666666667,0.0,57,10,0,14
14,40,"['48270', '48273', '48274', '48289', '48290', '48291', '48293', '48295', '48300', '48304', '48305', '48308', '48283', '48284']",BRANCH_MISPREDICTION,0.25,True,0.8727272727272727,0.1228070175438596,0.0,24,7,0,50
14,40,"['48270', '48273', '48274', '48289', '48290', '48291', '48293', '48295', '48300', '48304', '48305', '48308', '48283', '48284']",CACHE_PRESSURE,0.36,True,0.6206896551724138,0.3492063492063492,0.0,18,22,0,41
14,40,"['48270', '48273', '48274', '48289', '48290', '48291', '48293', '48295', '48300', '48304', '48305', '48308', '48283', '48284']",INTRA_NODE_LOAD_IMBALANCE,0.3625,True,0.972972972972973,0.0444444444444444,0.0,36,2,0,43
14,41,"['48269', '48273', '48274', '48276', '48307', '48290', '48291', '48293', '48295', '48300', '48304', '48308', '48283', '48284']",PIPELINE_STALL,0.225,True,0.9152542372881356,0.0980392156862745,0.0,27,5,0,46
14,41,"['48269', '48273', '48274', '48276', '48307', '48290', '48291', '48293', '48295', '48300', '48304', '48308', '48283', '48284']",COMPUTE_UNDERUTILIZATION,0.3333333333333333,True,0.7088607594936709,0.46,0.0,28,23,0,27
14,41,"['48269', '48273', '48274', '48276', '48307', '48290', '48291', '48293', '48295', '48300', '48304', '48308', '48283', '48284']",PRECISION_WASTE,0.2875,True,0.9391304347826086,0.2916666666666667,0.0,54,7,0,17
14,41,"['48269', '48273', '48274', '48276', '48307', '48290', '48291', '48293', '48295', '48300', '48304', '48308', '48283', '48284']",BRANCH_MISPREDICTION,0.425,True,,0.0,1.0,0,0,6,72
14,41,"['48269', '48273', '48274', '48276', '48307', '48290', '48291', '48293', '48295', '48300', '48304', '48308', '48283', '48284']",CACHE_PRESSURE,0.3625,True,0.7733333333333333,0.3469387755102041,0.0,29,17,0,32
14,41,"['48269', '48273', '48274', '48276', '48307', '48290', '48291', '48293', '48295', '48300', '48304', '48308', '48283', '48284']",INTRA_NODE_LOAD_IMBALANCE,0.4833333333333334,True,1.0,0.0,0.0,25,0,0,53
14,42,"['48267', '48270', '48273', '48274', '48278', '48289', '48307', '48290', '48293', '48300', '48304', '48308', '48283', '48284']",PIPELINE_STALL,0.3,True,1.0,0.0,0.0,20,0,0,60
14,42,"['48267', '48270', '48273', '48274', '48278', '48289', '48307', '48290', '48293', '48300', '48304', '48308', '48283', '48284']",COMPUTE_UNDERUTILIZATION,0.26,True,0.896551724137931,0.2195121951219512,0.0,39,9,0,32
14,42,"['48267', '48270', '48273', '48274', '48278', '48289', '48307', '48290', '48293', '48300', '48304', '48308', '48283', '48284']",PRECISION_WASTE,0.2166666666666667,True,0.912,0.4782608695652174,0.0,57,11,0,12
14,42,"['48267', '48270', '48273', '48274', '48278', '48289', '48307', '48290', '48293', '48300', '48304', '48308', '48283', '48284']",BRANCH_MISPREDICTION,0.2249999999999999,True,0.72,0.0985915492957746,0.0,9,7,0,64
14,42,"['48267', '48270', '48273', '48274', '48278', '48289', '48307', '48290', '48293', '48300', '48304', '48308', '48283', '48284']",CACHE_PRESSURE,0.3125,True,0.7209302325581396,0.4897959183673469,0.0,31,24,0,25
14,42,"['48267', '48270', '48273', '48274', '48278', '48289', '48307', '48290', '48293', '48300', '48304', '48308', '48283', '48284']",INTRA_NODE_LOAD_IMBALANCE,0.38,True,0.9130434782608696,0.0677966101694915,0.0,21,4,0,55
14,43,"['48267', '48269', '48274', '48276', '48278', '48289', '48290', '48291', '48293', '48295', '48300', '48305', '48284', '48303']",PIPELINE_STALL,0.2,True,0.15,0.0,0.918918918918919,3,0,34,52
14,43,"['48267', '48269', '48274', '48276', '48278', '48289', '48290', '48291', '48293', '48295', '48300', '48305', '48284', '48303']",COMPUTE_UNDERUTILIZATION,0.1875,True,0.9146341463414632,1.0,0.0,75,14,0,0
14,43,"['48267', '48269', '48274', '48276', '48278', '48289', '48290', '48291', '48293', '48295', '48300', '48305', '48284', '48303']",PRECISION_WASTE,0.3333333333333334,True,0.8431372549019608,0.0,0.2711864406779661,43,0,16,30
14,43,"['48267', '48269', '48274', '48276', '48278', '48289', '48290', '48291', '48293', '48295', '48300', '48305', '48284', '48303']",BRANCH_MISPREDICTION,0.2833333333333334,True,0.923076923076923,0.0,0.1428571428571428,30,0,5,54
14,43,"['48267', '48269', '48274', '48276', '48278', '48289', '48290', '48291', '48293', '48295', '48300', '48305', '48284', '48303']",CACHE_PRESSURE,0.22,True,0.8484848484848484,0.0,0.2631578947368421,14,0,5,70
14,43,"['48267', '48269', '48274', '48276', '48278', '48289', '48290', '48291', '48293', '48295', '48300', '48305', '48284', '48303']",INTRA_NODE_LOAD_IMBALANCE,0.1,True,0.8702290076335879,0.53125,0.0,57,17,0,15
14,44,"['48267', '48269', '48273', '48274', '48276', '48278', '48307', '48291', '48293', '48295', '48300', '48304', '48283', '48303']",PIPELINE_STALL,0.3625,True,0.8732394366197184,0.173076923076923,0.0,31,9,0,43
14,44,"['48267', '48269', '48273', '48274', '48276', '48278', '48307', '48291', '48293', '48295', '48300', '48304', '48283', '48303']",COMPUTE_UNDERUTILIZATION,0.3,True,0.7912087912087912,0.4042553191489361,0.0,36,19,0,28
14,44,"['48267', '48269', '48273', '48274', '48276', '48278', '48307', '48291', '48293', '48295', '48300', '48304', '48283', '48303']",PRECISION_WASTE,0.4,True,0.8688524590163935,0.0,0.2318840579710145,53,0,16,14
14,44,"['48267', '48269', '48273', '48274', '48276', '48278', '48307', '48291', '48293', '48295', '48300', '48304', '48283', '48303']",BRANCH_MISPREDICTION,0.075,True,0.851063829787234,0.1111111111111111,0.0,20,7,0,56
14,44,"['48267', '48269', '48273', '48274', '48276', '48278', '48307', '48291', '48293', '48295', '48300', '48304', '48283', '48303']",CACHE_PRESSURE,0.31,True,0.8518518518518519,0.1333333333333333,0.0,23,8,0,52
14,44,"['48267', '48269', '48273', '48274', '48276', '48278', '48307', '48291', '48293', '48295', '48300', '48304', '48283', '48303']",INTRA_NODE_LOAD_IMBALANCE,0.4800000000000001,True,1.0,0.0,0.0,33,0,0,50
14,45,"['48267', '48270', '48273', '48274', '48278', '48289', '48307', '48290', '48291', '48293', '48295', '48304', '48284', '48303']",PIPELINE_STALL,0.36,True,1.0,0.0,0.0,4,0,0,85
14,45,"['48267', '48270', '48273', '48274', '48278', '48289', '48307', '48290', '48291', '48293', '48295', '48304', '48284', '48303']",COMPUTE_UNDERUTILIZATION,0.23,True,0.9197080291970804,0.4230769230769231,0.0,63,11,0,15
14,45,"['48267', '48270', '48273', '48274', '48278', '48289', '48307', '48290', '48291', '48293', '48295', '48304', '48284', '48303']",PRECISION_WASTE,0.1875,True,0.993103448275862,0.0588235294117647,0.0,72,1,0,16
14,45,"['48267', '48270', '48273', '48274', '48278', '48289', '48307', '48290', '48291', '48293', '48295', '48304', '48284', '48303']",BRANCH_MISPREDICTION,0.275,True,0.8771929824561403,0.109375,0.0,25,7,0,57
14,45,"['48267', '48270', '48273', '48274', '48278', '48289', '48307', '48290', '48291', '48293', '48295', '48304', '48284', '48303']",CACHE_PRESSURE,0.34,True,0.1290322580645161,0.2682926829268293,0.7142857142857143,2,22,5,60
14,45,"['48267', '48270', '48273', '48274', '48278', '48289', '48307', '48290', '48291', '48293', '48295', '48304', '48284', '48303']",INTRA_NODE_LOAD_IMBALANCE,0.13,True,0.6917293233082707,0.9534883720930232,0.0,46,41,0,2
14,46,"['48267', '48269', '48273', '48276', '48278', '48289', '48307', '48291', '48293', '48304', '48305', '48283', '48284', '48303']",PIPELINE_STALL,0.32,True,0.9189189189189187,0.1276595744680851,0.0,34,6,0,41
14,46,"['48267', '48269', '48273', '48276', '48278', '48289', '48307', '48291', '48293', '48304', '48305', '48283', '48284', '48303']",COMPUTE_UNDERUTILIZATION,0.32,True,0.896,0.52,0.0,56,13,0,12
14,46,"['48267', '48269', '48273', '48276', '48278', '48289', '48307', '48291', '48293', '48304', '48305', '48283', '48284', '48303']",PRECISION_WASTE,0.175,True,0.859504132231405,0.0769230769230769,0.2352941176470588,52,1,16,12
14,46,"['48267', '48269', '48273', '48276', '48278', '48289', '48307', '48291', '48293', '48304', '48305', '48283', '48284', '48303']",BRANCH_MISPREDICTION,0.1,True,0.88,0.1016949152542373,0.0,22,6,0,53
14,46,"['48267', '48269', '48273', '48276', '48278', '48289', '48307', '48291', '48293', '48304', '48305', '48283', '48284', '48303']",CACHE_PRESSURE,0.39,True,0.9777777777777776,0.0,0.0434782608695652,22,0,1,58
14,46,"['48267', '48269', '48273', '48276', '48278', '48289', '48307', '48291', '48293', '48304', '48305', '48283', '48284', '48303']",INTRA_NODE_LOAD_IMBALANCE,0.2375,True,0.8453608247422679,0.375,0.0,41,15,0,25
14,47,"['48267', '48269', '48274', '48276', '48278', '48290', '48291', '48293', '48295', '48300', '48304', '48305', '48283', '48284']",PIPELINE_STALL,0.15,True,0.9019607843137256,0.2564102564102564,0.0,46,10,0,29
14,47,"['48267', '48269', '48274', '48276', '48278', '48290', '48291', '48293', '48295', '48300', '48304', '48305', '48283', '48284']",COMPUTE_UNDERUTILIZATION,0.1666666666666667,True,0.9051094890510948,0.5652173913043478,0.0,62,13,0,10
14,47,"['48267', '48269', '48274', '48276', '48278', '48290', '48291', '48293', '48295', '48300', '48304', '48305', '48283', '48284']",PRECISION_WASTE,0.5833333333333334,True,0.9523809523809524,0.24,0.0,60,6,0,19
14,47,"['48267', '48269', '48274', '48276', '48278', '48290', '48291', '48293', '48295', '48300', '48304', '48305', '48283', '48284']",BRANCH_MISPREDICTION,0.25,True,0.909090909090909,0.02,0.1428571428571428,30,1,5,49
14,47,"['48267', '48269', '48274', '48276', '48278', '48290', '48291', '48293', '48295', '48300', '48304', '48305', '48283', '48284']",CACHE_PRESSURE,0.38,True,0.9285714285714286,0.0277777777777777,0.0,13,2,0,70
14,47,"['48267', '48269', '48274', '48276', '48278', '48290', '48291', '48293', '48295', '48300', '48304', '48305', '48283', '48284']",INTRA_NODE_LOAD_IMBALANCE,0.45,True,1.0,0.0,0.0,54,0,0,31
14,48,"['48267', '48273', '48274', '48278', '48289', '48290', '48291', '48293', '48295', '48305', '48308', '48283', '48284', '48303']",PIPELINE_STALL,0.19,True,0.5135135135135135,0.5217391304347826,0.0,19,36,0,33
14,48,"['48267', '48273', '48274', '48278', '48289', '48290', '48291', '48293', '48295', '48305', '48308', '48283', '48284', '48303']",COMPUTE_UNDERUTILIZATION,0.2,True,0.9051094890510948,0.5,0.0,62,13,0,13
14,48,"['48267', '48273', '48274', '48278', '48289', '48290', '48291', '48293', '48295', '48305', '48308', '48283', '48284', '48303']",PRECISION_WASTE,0.1,True,0.9942857142857142,1.0,0.0,87,1,0,0
14,48,"['48267', '48273', '48274', '48278', '48289', '48290', '48291', '48293', '48295', '48305', '48308', '48283', '48284', '48303']",BRANCH_MISPREDICTION,0.175,True,0.8679245283018869,0.3333333333333333,0.0,46,14,0,28
14,48,"['48267', '48273', '48274', '48278', '48289', '48290', '48291', '48293', '48295', '48305', '48308', '48283', '48284', '48303']",CACHE_PRESSURE,0.4,True,0.7000000000000001,0.1621621621621621,0.0,14,12,0,62
14,48,"['48267', '48273', '48274', '48278', '48289', '48290', '48291', '48293', '48295', '48305', '48308', '48283', '48284', '48303']",INTRA_NODE_LOAD_IMBALANCE,0.325,True,0.991596638655462,0.0344827586206896,0.0,59,1,0,28
14,49,"['48267', '48269', '48270', '48274', '48276', '48278', '48289', '48290', '48291', '48300', '48304', '48305', '48308', '48303']",PIPELINE_STALL,0.1875,True,0.5679012345679013,0.5166666666666667,0.1481481481481481,23,31,4,29
14,49,"['48267', '48269', '48270', '48274', '48276', '48278', '48289', '48290', '48291', '48300', '48304', '48305', '48308', '48303']",COMPUTE_UNDERUTILIZATION,0.2875,True,0.9929078014184396,0.0588235294117647,0.0,70,1,0,16
14,49,"['48267', '48269', '48270', '48274', '48276', '48278', '48289', '48290', '48291', '48300', '48304', '48305', '48308', '48303']",PRECISION_WASTE,0.7000000000000001,True,0.9836065573770492,0.0175438596491228,0.0,30,1,0,56
14,49,"['48267', '48269', '48270', '48274', '48276', '48278', '48289', '48290', '48291', '48300', '48304', '48305', '48308', '48303']",BRANCH_MISPREDICTION,0.3,True,1.0,0.0,0.0,43,0,0,44
14,49,"['48267', '48269', '48270', '48274', '48276', '48278', '48289', '48290', '48291', '48300', '48304', '48305', '48308', '48303']",CACHE_PRESSURE,0.3375000000000001,True,0.9090909090909092,0.0,0.1666666666666666,25,0,5,57
14,49,"['48267', '48269', '48270', '48274', '48276', '48278', '48289', '48290', '48291', '48300', '48304', '48305', '48308', '48303']",INTRA_NODE_LOAD_IMBALANCE,0.1875,True,0.9931972789115648,0.0714285714285714,0.0,73,1,0,13
16,0,"['48267', '48269', '48270', '48273', '48274', '48276', '48289', '48290', '48291', '48295', '48300', '48304', '48308', '48283', '48284', '48303']",PIPELINE_STALL,0.2299999999999999,True,0.5306122448979591,0.5348837209302325,0.0,13,23,0,20
16,0,"['48267', '48269', '48270', '48273', '48274', '48276', '48289', '48290', '48291', '48295', '48300', '48304', '48308', '48283', '48284', '48303']",COMPUTE_UNDERUTILIZATION,0.3,True,0.8524590163934427,0.3,0.0,26,9,0,21
16,0,"['48267', '48269', '48270', '48273', '48274', '48276', '48289', '48290', '48291', '48295', '48300', '48304', '48308', '48283', '48284', '48303']",PRECISION_WASTE,0.3,True,0.988235294117647,0.0714285714285714,0.0,42,1,0,13
16,0,"['48267', '48269', '48270', '48273', '48274', '48276', '48289', '48290', '48291', '48295', '48300', '48304', '48308', '48283', '48284', '48303']",BRANCH_MISPREDICTION,0.225,True,1.0,0.0,0.0,15,0,0,41
16,0,"['48267', '48269', '48270', '48273', '48274', '48276', '48289', '48290', '48291', '48295', '48300', '48304', '48308', '48283', '48284', '48303']",CACHE_PRESSURE,0.28,True,0.6296296296296297,0.5128205128205128,0.0,17,20,0,19
16,0,"['48267', '48269', '48270', '48273', '48274', '48276', '48289', '48290', '48291', '48295', '48300', '48304', '48308', '48283', '48284', '48303']",INTRA_NODE_LOAD_IMBALANCE,0.3,True,0.653061224489796,0.1153846153846153,0.4666666666666667,16,3,14,23
16,1,"['48267', '48269', '48270', '48273', '48274', '48276', '48278', '48289', '48307', '48290', '48300', '48304', '48305', '48308', '48283', '48303']",PIPELINE_STALL,0.29,True,0.5333333333333333,0.6666666666666666,0.0,16,28,0,14
16,1,"['48267', '48269', '48270', '48273', '48274', '48276', '48278', '48289', '48307', '48290', '48300', '48304', '48305', '48308', '48283', '48303']",COMPUTE_UNDERUTILIZATION,0.5000000000000001,True,1.0,0.0,0.0,26,0,0,32
16,1,"['48267', '48269', '48270', '48273', '48274', '48276', '48278', '48289', '48307', '48290', '48300', '48304', '48305', '48308', '48283', '48303']",PRECISION_WASTE,0.2875,True,0.984126984126984,0.037037037037037,0.0,31,1,0,26
16,1,"['48267', '48269', '48270', '48273', '48274', '48276', '48278', '48289', '48307', '48290', '48300', '48304', '48305', '48308', '48283', '48303']",BRANCH_MISPREDICTION,0.2166666666666666,True,1.0,0.0,0.0,14,0,0,44
16,1,"['48267', '48269', '48270', '48273', '48274', '48276', '48278', '48289', '48307', '48290', '48300', '48304', '48305', '48308', '48283', '48303']",CACHE_PRESSURE,0.4625,True,0.7812500000000001,0.0,0.358974358974359,25,0,14,19
16,1,"['48267', '48269', '48270', '48273', '48274', '48276', '48278', '48289', '48307', '48290', '48300', '48304', '48305', '48308', '48283', '48303']",INTRA_NODE_LOAD_IMBALANCE,0.1625,True,0.9666666666666666,0.0689655172413793,0.0,29,2,0,27
16,2,"['48267', '48269', '48270', '48274', '48278', '48307', '48290', '48291', '48293', '48295', '48300', '48304', '48305', '48283', '48284', '48303']",PIPELINE_STALL,0.27,True,0.9787234042553192,0.0256410256410256,0.0,23,1,0,38
16,2,"['48267', '48269', '48270', '48274', '48278', '48307', '48290', '48291', '48293', '48295', '48300', '48304', '48305', '48283', '48284', '48303']",COMPUTE_UNDERUTILIZATION,0.1875,True,1.0,0.0,0.0,52,0,0,10
16,2,"['48267', '48269', '48270', '48274', '48278', '48307', '48290', '48291', '48293', '48295', '48300', '48304', '48305', '48283', '48284', '48303']",PRECISION_WASTE,0.325,True,0.9787234042553192,0.0,0.0416666666666666,46,0,2,14
16,2,"['48267', '48269', '48270', '48274', '48278', '48307', '48290', '48291', '48293', '48295', '48300', '48304', '48305', '48283', '48284', '48303']",BRANCH_MISPREDICTION,0.3833333333333333,True,0.8679245283018869,0.1794871794871795,0.0,23,7,0,32
16,2,"['48267', '48269', '48270', '48274', '48278', '48307', '48290', '48291', '48293', '48295', '48300', '48304', '48305', '48283', '48284', '48303']",CACHE_PRESSURE,0.41,True,0.9473684210526316,0.0188679245283018,0.0,9,1,0,52
16,2,"['48267', '48269', '48270', '48274', '48278', '48307', '48290', '48291', '48293', '48295', '48300', '48304', '48305', '48283', '48284', '48303']",INTRA_NODE_LOAD_IMBALANCE,0.3125,True,0.9859154929577464,0.037037037037037,0.0,35,1,0,26
16,3,"['48267', '48269', '48270', '48274', '48276', '48278', '48289', '48290', '48291', '48293', '48300', '48304', '48305', '48308', '48283', '48284']",PIPELINE_STALL,0.29,True,0.2580645161290322,0.0,0.8518518518518519,4,0,23,25
16,3,"['48267', '48269', '48270', '48274', '48276', '48278', '48289', '48290', '48291', '48293', '48300', '48304', '48305', '48308', '48283', '48284']",COMPUTE_UNDERUTILIZATION,0.1625,True,1.0,,0.0,52,0,0,0
16,3,"['48267', '48269', '48270', '48274', '48276', '48278', '48289', '48290', '48291', '48293', '48300', '48304', '48305', '48308', '48283', '48284']",PRECISION_WASTE,0.5250000000000001,True,0.8333333333333333,0.1621621621621621,0.0,15,6,0,31
16,3,"['48267', '48269', '48270', '48274', '48276', '48278', '48289', '48290', '48291', '48293', '48300', '48304', '48305', '48308', '48283', '48284']",BRANCH_MISPREDICTION,0.3,True,1.0,0.0,0.0,29,0,0,23
16,3,"['48267', '48269', '48270', '48274', '48276', '48278', '48289', '48290', '48291', '48293', '48300', '48304', '48305', '48308', '48283', '48284']",CACHE_PRESSURE,0.4700000000000001,True,1.0,0.0,0.0,15,0,0,37
16,3,"['48267', '48269', '48270', '48274', '48276', '48278', '48289', '48290', '48291', '48293', '48300', '48304', '48305', '48308', '48283', '48284']",INTRA_NODE_LOAD_IMBALANCE,0.2799999999999999,True,1.0,0.0,0.0,35,0,0,17
16,4,"['48267', '48269', '48270', '48274', '48276', '48278', '48289', '48307', '48290', '48291', '48293', '48295', '48300', '48304', '48283', '48303']",PIPELINE_STALL,0.23,True,0.8750000000000001,0.0952380952380952,0.0,14,4,0,38
16,4,"['48267', '48269', '48270', '48274', '48276', '48278', '48289', '48307', '48290', '48291', '48293', '48295', '48300', '48304', '48283', '48303']",COMPUTE_UNDERUTILIZATION,0.2299999999999999,True,0.9166666666666666,0.6666666666666666,0.0,44,8,0,4
16,4,"['48267', '48269', '48270', '48274', '48276', '48278', '48289', '48307', '48290', '48291', '48293', '48295', '48300', '48304', '48283', '48303']",PRECISION_WASTE,0.4375,True,0.6,0.0,0.5714285714285714,12,0,16,28
16,4,"['48267', '48269', '48270', '48274', '48276', '48278', '48289', '48307', '48290', '48291', '48293', '48295', '48300', '48304', '48283', '48303']",BRANCH_MISPREDICTION,0.325,True,1.0,0.0,0.0,28,0,0,28
16,4,"['48267', '48269', '48270', '48274', '48276', '48278', '48289', '48307', '48290', '48291', '48293', '48295', '48300', '48304', '48283', '48303']",CACHE_PRESSURE,0.425,True,0.3333333333333333,0.1481481481481481,0.0,2,8,0,46
16,4,"['48267', '48269', '48270', '48274', '48276', '48278', '48289', '48307', '48290', '48291', '48293', '48295', '48300', '48304', '48283', '48303']",INTRA_NODE_LOAD_IMBALANCE,0.225,True,0.6829268292682926,0.9285714285714286,0.0,28,26,0,2
16,5,"['48267', '48269', '48270', '48273', '48274', '48278', '48289', '48307', '48291', '48293', '48300', '48304', '48305', '48308', '48283', '48303']",PIPELINE_STALL,0.27,True,0.631578947368421,0.3333333333333333,0.0,12,14,0,28
16,5,"['48267', '48269', '48270', '48273', '48274', '48278', '48289', '48307', '48291', '48293', '48300', '48304', '48305', '48308', '48283', '48303']",COMPUTE_UNDERUTILIZATION,0.26,True,1.0,0.0,0.0,42,0,0,12
16,5,"['48267', '48269', '48270', '48273', '48274', '48278', '48289', '48307', '48291', '48293', '48300', '48304', '48305', '48308', '48283', '48303']",PRECISION_WASTE,0.35,True,1.0,0.0,0.0,28,0,0,26
16,5,"['48267', '48269', '48270', '48273', '48274', '48278', '48289', '48307', '48291', '48293', '48300', '48304', '48305', '48308', '48283', '48303']",BRANCH_MISPREDICTION,0.2333333333333333,True,0.8679245283018869,0.2258064516129032,0.0,23,7,0,24
16,5,"['48267', '48269', '48270', '48273', '48274', '48278', '48289', '48307', '48291', '48293', '48300', '48304', '48305', '48308', '48283', '48303']",CACHE_PRESSURE,0.44,True,0.9777777777777776,0.0,0.0434782608695652,22,0,1,31
16,5,"['48267', '48269', '48270', '48273', '48274', '48278', '48289', '48307', '48291', '48293', '48300', '48304', '48305', '48308', '48283', '48303']",INTRA_NODE_LOAD_IMBALANCE,0.27,True,0.983050847457627,0.04,0.0,29,1,0,24
16,6,"['48267', '48269', '48270', '48273', '48274', '48276', '48289', '48307', '48291', '48293', '48295', '48300', '48304', '48305', '48283', '48303']",PIPELINE_STALL,0.2299999999999999,True,0.6956521739130436,0.358974358974359,0.0,16,14,0,25
16,6,"['48267', '48269', '48270', '48273', '48274', '48276', '48289', '48307', '48291', '48293', '48295', '48300', '48304', '48305', '48283', '48303']",COMPUTE_UNDERUTILIZATION,0.28,True,0.9761904761904764,0.1428571428571428,0.0,41,2,0,12
16,6,"['48267', '48269', '48270', '48273', '48274', '48276', '48289', '48307', '48291', '48293', '48295', '48300', '48304', '48305', '48283', '48303']",PRECISION_WASTE,0.55,True,0.6,0.0,0.5714285714285714,12,0,16,27
16,6,"['48267', '48269', '48270', '48273', '48274', '48276', '48289', '48307', '48291', '48293', '48295', '48300', '48304', '48305', '48283', '48303']",BRANCH_MISPREDICTION,0.225,True,1.0,0.0,0.0,14,0,0,41
16,6,"['48267', '48269', '48270', '48273', '48274', '48276', '48289', '48307', '48291', '48293', '48295', '48300', '48304', '48305', '48283', '48303']",CACHE_PRESSURE,0.35,True,0.7428571428571429,0.2142857142857142,0.0,13,9,0,33
16,6,"['48267', '48269', '48270', '48273', '48274', '48276', '48289', '48307', '48291', '48293', '48295', '48300', '48304', '48305', '48283', '48303']",INTRA_NODE_LOAD_IMBALANCE,0.35,True,0.5,0.6829268292682927,0.0,14,28,0,13
16,7,"['48269', '48270', '48274', '48276', '48278', '48289', '48307', '48290', '48291', '48295', '48300', '48304', '48305', '48283', '48284', '48303']",PIPELINE_STALL,0.27,True,0.5,0.6222222222222222,0.0,14,28,0,17
16,7,"['48269', '48270', '48274', '48276', '48278', '48289', '48307', '48290', '48291', '48295', '48300', '48304', '48305', '48283', '48284', '48303']",COMPUTE_UNDERUTILIZATION,0.23,True,1.0,0.0,0.0,30,0,0,29
16,7,"['48269', '48270', '48274', '48276', '48278', '48289', '48307', '48290', '48291', '48295', '48300', '48304', '48305', '48283', '48284', '48303']",PRECISION_WASTE,0.225,True,0.7671232876712328,0.0666666666666666,0.3636363636363636,28,1,16,14
16,7,"['48269', '48270', '48274', '48276', '48278', '48289', '48307', '48290', '48291', '48295', '48300', '48304', '48305', '48283', '48284', '48303']",BRANCH_MISPREDICTION,0.275,True,1.0,0.0,0.0,14,0,0,45
16,7,"['48269', '48270', '48274', '48276', '48278', '48289', '48307', '48290', '48291', '48295', '48300', '48304', '48305', '48283', '48284', '48303']",CACHE_PRESSURE,0.5000000000000001,True,1.0,0.0,0.0,27,0,0,32
16,7,"['48269', '48270', '48274', '48276', '48278', '48289', '48307', '48290', '48291', '48295', '48300', '48304', '48305', '48283', '48284', '48303']",INTRA_NODE_LOAD_IMBALANCE,0.24,True,0.5000000000000001,0.5333333333333333,0.4827586206896552,15,16,14,14
16,8,"['48267', '48269', '48270', '48273', '48274', '48276', '48278', '48291', '48293', '48300', '48304', '48305', '48308', '48283', '48284', '48303']",PIPELINE_STALL,0.21,True,0.9090909090909092,0.24,0.0,30,6,0,19
16,8,"['48267', '48269', '48270', '48273', '48274', '48276', '48278', '48291', '48293', '48300', '48304', '48305', '48308', '48283', '48284', '48303']",COMPUTE_UNDERUTILIZATION,0.35,True,1.0,0.0,0.0,33,0,0,22
16,8,"['48267', '48269', '48270', '48273', '48274', '48276', '48278', '48291', '48293', '48300', '48304', '48305', '48308', '48283', '48284', '48303']",PRECISION_WASTE,0.5250000000000001,True,1.0,0.0,0.0,43,0,0,12
16,8,"['48267', '48269', '48270', '48273', '48274', '48276', '48278', '48291', '48293', '48300', '48304', '48305', '48308', '48283', '48284', '48303']",BRANCH_MISPREDICTION,0.2625,True,1.0,0.0,0.0,15,0,0,40
16,8,"['48267', '48269', '48270', '48273', '48274', '48276', '48278', '48291', '48293', '48300', '48304', '48305', '48308', '48283', '48284', '48303']",CACHE_PRESSURE,0.3625,True,1.0,0.0,0.0,32,0,0,23
16,8,"['48267', '48269', '48270', '48273', '48274', '48276', '48278', '48291', '48293', '48300', '48304', '48305', '48308', '48283', '48284', '48303']",INTRA_NODE_LOAD_IMBALANCE,0.3166666666666667,True,1.0,0.0,0.0,21,0,0,34
16,9,"['48273', '48274', '48276', '48278', '48289', '48307', '48290', '48293', '48295', '48300', '48304', '48305', '48308', '48283', '48284', '48303']",PIPELINE_STALL,0.2875,True,0.962962962962963,0.0689655172413793,0.0,26,2,0,27
16,9,"['48273', '48274', '48276', '48278', '48289', '48307', '48290', '48293', '48295', '48300', '48304', '48305', '48308', '48283', '48284', '48303']",COMPUTE_UNDERUTILIZATION,0.5125000000000001,True,,0.4909090909090909,,0,27,0,28
16,9,"['48273', '48274', '48276', '48278', '48289', '48307', '48290', '48293', '48295', '48300', '48304', '48305', '48308', '48283', '48284', '48303']",PRECISION_WASTE,0.3666666666666667,True,1.0,,0.0,55,0,0,0
16,9,"['48273', '48274', '48276', '48278', '48289', '48307', '48290', '48293', '48295', '48300', '48304', '48305', '48308', '48283', '48284', '48303']",BRANCH_MISPREDICTION,0.0833333333333333,True,0.631578947368421,0.1428571428571428,0.0,6,7,0,42
16,9,"['48273', '48274', '48276', '48278', '48289', '48307', '48290', '48293', '48295', '48300', '48304', '48305', '48308', '48283', '48284', '48303']",CACHE_PRESSURE,0.51,True,0.65,0.0,0.5185185185185185,13,0,14,28
16,9,"['48273', '48274', '48276', '48278', '48289', '48307', '48290', '48293', '48295', '48300', '48304', '48305', '48308', '48283', '48284', '48303']",INTRA_NODE_LOAD_IMBALANCE,0.24,True,0.7027027027027027,0.2619047619047619,0.0,13,11,0,31
16,10,"['48267', '48270', '48273', '48274', '48278', '48289', '48307', '48290', '48291', '48295', '48300', '48304', '48308', '48283', '48284', '48303']",PIPELINE_STALL,0.3299999999999999,True,,0.2631578947368421,,0,15,0,42
16,10,"['48267', '48270', '48273', '48274', '48278', '48289', '48307', '48290', '48291', '48295', '48300', '48304', '48308', '48283', '48284', '48303']",COMPUTE_UNDERUTILIZATION,0.29,True,0.7441860465116279,0.2682926829268293,0.0,16,11,0,30
16,10,"['48267', '48270', '48273', '48274', '48278', '48289', '48307', '48290', '48291', '48295', '48300', '48304', '48308', '48283', '48284', '48303']",PRECISION_WASTE,0.15,True,0.991150442477876,1.0,0.0,56,1,0,0
16,10,"['48267', '48270', '48273', '48274', '48278', '48289', '48307', '48290', '48291', '48295', '48300', '48304', '48308', '48283', '48284', '48303']",BRANCH_MISPREDICTION,0.2625,True,0.72,0.1458333333333333,0.0,9,7,0,41
16,10,"['48267', '48270', '48273', '48274', '48278', '48289', '48307', '48290', '48291', '48295', '48300', '48304', '48308', '48283', '48284', '48303']",CACHE_PRESSURE,0.44,True,0.5925925925925926,0.5365853658536586,0.0,16,22,0,19
16,10,"['48267', '48270', '48273', '48274', '48278', '48289', '48307', '48290', '48291', '48295', '48300', '48304', '48308', '48283', '48284', '48303']",INTRA_NODE_LOAD_IMBALANCE,0.28,True,0.6808510638297872,0.037037037037037,0.4666666666666667,16,1,14,26
16,11,"['48267', '48269', '48270', '48273', '48274', '48276', '48278', '48289', '48307', '48291', '48293', '48304', '48305', '48308', '48283', '48284']",PIPELINE_STALL,0.175,True,0.9696969696969696,0.0285714285714285,0.0,16,1,0,34
16,11,"['48267', '48269', '48270', '48273', '48274', '48276', '48278', '48289', '48307', '48291', '48293', '48304', '48305', '48308', '48283', '48284']",COMPUTE_UNDERUTILIZATION,0.3,True,1.0,0.0,0.0,39,0,0,12
16,11,"['48267', '48269', '48270', '48273', '48274', '48276', '48278', '48289', '48307', '48291', '48293', '48304', '48305', '48308', '48283', '48284']",PRECISION_WASTE,0.175,True,0.8181818181818181,0.5,0.0,27,12,0,12
16,11,"['48267', '48269', '48270', '48273', '48274', '48276', '48278', '48289', '48307', '48291', '48293', '48304', '48305', '48308', '48283', '48284']",BRANCH_MISPREDICTION,0.2166666666666666,True,1.0,0.0,0.0,16,0,0,35
16,11,"['48267', '48269', '48270', '48273', '48274', '48276', '48278', '48289', '48307', '48291', '48293', '48304', '48305', '48308', '48283', '48284']",CACHE_PRESSURE,0.4125,True,0.981132075471698,0.0,0.037037037037037,26,0,1,24
16,11,"['48267', '48269', '48270', '48273', '48274', '48276', '48278', '48289', '48307', '48291', '48293', '48304', '48305', '48308', '48283', '48284']",INTRA_NODE_LOAD_IMBALANCE,0.3,True,1.0,0.0,0.0,22,0,0,29
16,12,"['48267', '48269', '48270', '48273', '48274', '48276', '48278', '48289', '48307', '48291', '48293', '48295', '48308', '48283', '48284', '48303']",PIPELINE_STALL,0.27,True,1.0,0.0,0.0,12,0,0,43
16,12,"['48267', '48269', '48270', '48273', '48274', '48276', '48278', '48289', '48307', '48291', '48293', '48295', '48308', '48283', '48284', '48303']",COMPUTE_UNDERUTILIZATION,0.19,True,0.911764705882353,0.25,0.0,31,6,0,18
16,12,"['48267', '48269', '48270', '48273', '48274', '48276', '48278', '48289', '48307', '48291', '48293', '48295', '48308', '48283', '48284', '48303']",PRECISION_WASTE,0.1875,True,0.9908256880733944,1.0,0.0,54,1,0,0
16,12,"['48267', '48269', '48270', '48273', '48274', '48276', '48278', '48289', '48307', '48291', '48293', '48295', '48308', '48283', '48284', '48303']",BRANCH_MISPREDICTION,0.2625,True,1.0,0.0,0.0,16,0,0,39
16,12,"['48267', '48269', '48270', '48273', '48274', '48276', '48278', '48289', '48307', '48291', '48293', '48295', '48308', '48283', '48284', '48303']",CACHE_PRESSURE,0.32,True,0.8750000000000001,0.2962962962962963,0.0,28,8,0,19
16,12,"['48267', '48269', '48270', '48273', '48274', '48276', '48278', '48289', '48307', '48291', '48293', '48295', '48308', '48283', '48284', '48303']",INTRA_NODE_LOAD_IMBALANCE,0.275,True,1.0,0.0,0.0,16,0,0,39
16,13,"['48267', '48269', '48270', '48273', '48274', '48276', '48289', '48307', '48290', '48291', '48293', '48304', '48305', '48308', '48284', '48303']",PIPELINE_STALL,0.24,True,0.9411764705882352,0.0204081632653061,0.0,8,1,0,48
16,13,"['48267', '48269', '48270', '48273', '48274', '48276', '48289', '48307', '48290', '48291', '48293', '48304', '48305', '48308', '48284', '48303']",COMPUTE_UNDERUTILIZATION,0.22,True,0.972972972972973,1.0,0.0,54,3,0,0
16,13,"['48267', '48269', '48270', '48273', '48274', '48276', '48289', '48307', '48290', '48291', '48293', '48304', '48305', '48308', '48284', '48303']",PRECISION_WASTE,0.3666666666666667,True,0.8108108108108109,0.1666666666666666,0.0,15,7,0,35
16,13,"['48267', '48269', '48270', '48273', '48274', '48276', '48289', '48307', '48290', '48291', '48293', '48304', '48305', '48308', '48284', '48303']",BRANCH_MISPREDICTION,0.25,True,1.0,0.0,0.0,16,0,0,41
16,13,"['48267', '48269', '48270', '48273', '48274', '48276', '48289', '48307', '48290', '48291', '48293', '48304', '48305', '48308', '48284', '48303']",CACHE_PRESSURE,0.37,True,0.7857142857142858,0.0,0.3529411764705882,11,0,6,40
16,13,"['48267', '48269', '48270', '48273', '48274', '48276', '48289', '48307', '48290', '48291', '48293', '48304', '48305', '48308', '48284', '48303']",INTRA_NODE_LOAD_IMBALANCE,0.2299999999999999,True,0.96875,0.0769230769230769,0.0,31,2,0,24
16,14,"['48267', '48269', '48270', '48273', '48278', '48289', '48290', '48291', '48293', '48300', '48304', '48305', '48308', '48283', '48284', '48303']",PIPELINE_STALL,0.21,True,0.9302325581395348,0.0588235294117647,0.0476190476190476,20,2,1,32
16,14,"['48267', '48269', '48270', '48273', '48278', '48289', '48290', '48291', '48293', '48300', '48304', '48305', '48308', '48283', '48284', '48303']",COMPUTE_UNDERUTILIZATION,0.325,True,1.0,,0.0,55,0,0,0
16,14,"['48267', '48269', '48270', '48273', '48278', '48289', '48290', '48291', '48293', '48300', '48304', '48305', '48308', '48283', '48284', '48303']",PRECISION_WASTE,0.6166666666666667,True,0.8378378378378378,0.0,0.2790697674418604,31,0,12,12
16,14,"['48267', '48269', '48270', '48273', '48278', '48289', '48290', '48291', '48293', '48300', '48304', '48305', '48308', '48283', '48284', '48303']",BRANCH_MISPREDICTION,0.2666666666666666,True,0.8727272727272727,0.2258064516129032,0.0,24,7,0,24
16,14,"['48267', '48269', '48270', '48273', '48278', '48289', '48290', '48291', '48293', '48300', '48304', '48305', '48308', '48283', '48284', '48303']",CACHE_PRESSURE,0.4,True,1.0,0.0,0.0,11,0,0,44
16,14,"['48267', '48269', '48270', '48273', '48278', '48289', '48290', '48291', '48293', '48300', '48304', '48305', '48308', '48283', '48284', '48303']",INTRA_NODE_LOAD_IMBALANCE,0.2375,True,0.988235294117647,0.0769230769230769,0.0,42,1,0,12
16,15,"['48267', '48269', '48270', '48274', '48276', '48278', '48289', '48307', '48290', '48293', '48295', '48300', '48304', '48305', '48308', '48284']",PIPELINE_STALL,0.1375,True,1.0,0.0,0.0,38,0,0,19
16,15,"['48267', '48269', '48270', '48274', '48276', '48278', '48289', '48307', '48290', '48293', '48295', '48300', '48304', '48305', '48308', '48284']",COMPUTE_UNDERUTILIZATION,0.25,True,0.9876543209876544,0.0588235294117647,0.0,40,1,0,16
16,15,"['48267', '48269', '48270', '48274', '48276', '48278', '48289', '48307', '48290', '48293', '48295', '48300', '48304', '48305', '48308', '48284']",PRECISION_WASTE,0.3166666666666667,True,0.8205128205128205,0.1707317073170731,0.0,16,7,0,34
16,15,"['48267', '48269', '48270', '48274', '48276', '48278', '48289', '48307', '48290', '48293', '48295', '48300', '48304', '48305', '48308', '48284']",BRANCH_MISPREDICTION,0.3,True,1.0,0.0,0.0,14,0,0,43
16,15,"['48267', '48269', '48270', '48274', '48276', '48278', '48289', '48307', '48290', '48293', '48295', '48300', '48304', '48305', '48308', '48284']",CACHE_PRESSURE,0.4800000000000001,True,0.2962962962962963,0.0,0.8260869565217391,4,0,19,34
16,15,"['48267', '48269', '48270', '48274', '48276', '48278', '48289', '48307', '48290', '48293', '48295', '48300', '48304', '48305', '48308', '48284']",INTRA_NODE_LOAD_IMBALANCE,0.19,True,0.9859154929577464,0.0454545454545454,0.0,35,1,0,21
16,16,"['48269', '48270', '48273', '48274', '48276', '48278', '48307', '48290', '48293', '48300', '48304', '48305', '48308', '48283', '48284', '48303']",PIPELINE_STALL,0.2,True,0.9803921568627452,0.03125,0.0,25,1,0,31
16,16,"['48269', '48270', '48273', '48274', '48276', '48278', '48307', '48290', '48293', '48300', '48304', '48305', '48308', '48283', '48284', '48303']",COMPUTE_UNDERUTILIZATION,0.4625000000000001,True,1.0,0.0,0.0,18,0,0,39
16,16,"['48269', '48270', '48273', '48274', '48276', '48278', '48307', '48290', '48293', '48300', '48304', '48305', '48308', '48283', '48284', '48303']",PRECISION_WASTE,0.2375,True,1.0,0.0,0.0,45,0,0,12
16,16,"['48269', '48270', '48273', '48274', '48276', '48278', '48307', '48290', '48293', '48300', '48304', '48305', '48308', '48283', '48284', '48303']",BRANCH_MISPREDICTION,0.2166666666666666,True,,0.0,,0,0,0,57
16,16,"['48269', '48270', '48273', '48274', '48276', '48278', '48307', '48290', '48293', '48300', '48304', '48305', '48308', '48283', '48284', '48303']",CACHE_PRESSURE,0.4,True,0.8148148148148149,0.1,0.2978723404255319,33,1,14,9
16,16,"['48269', '48270', '48273', '48274', '48276', '48278', '48307', '48290', '48293', '48300', '48304', '48305', '48308', '48283', '48284', '48303']",INTRA_NODE_LOAD_IMBALANCE,0.44,True,1.0,0.0,0.0,6,0,0,51
16,17,"['48267', '48269', '48270', '48273', '48274', '48276', '48278', '48289', '48307', '48291', '48293', '48295', '48300', '48304', '48283', '48284']",PIPELINE_STALL,0.125,True,1.0,0.0,0.0,16,0,0,35
16,17,"['48267', '48269', '48270', '48273', '48274', '48276', '48278', '48289', '48307', '48291', '48293', '48295', '48300', '48304', '48283', '48284']",COMPUTE_UNDERUTILIZATION,0.35,True,0.9642857142857144,0.0833333333333333,0.0,27,2,0,22
16,17,"['48267', '48269', '48270', '48273', '48274', '48276', '48278', '48289', '48307', '48291', '48293', '48295', '48300', '48304', '48283', '48284']",PRECISION_WASTE,0.22,True,0.888888888888889,0.9090909090909092,0.0,40,10,0,1
16,17,"['48267', '48269', '48270', '48273', '48274', '48276', '48278', '48289', '48307', '48291', '48293', '48295', '48300', '48304', '48283', '48284']",BRANCH_MISPREDICTION,0.3166666666666667,True,,0.0,,0,0,0,51
16,17,"['48267', '48269', '48270', '48273', '48274', '48276', '48278', '48289', '48307', '48291', '48293', '48295', '48300', '48304', '48283', '48284']",CACHE_PRESSURE,0.39,True,0.7906976744186047,0.2424242424242424,0.0555555555555555,17,8,1,25
16,17,"['48267', '48269', '48270', '48273', '48274', '48276', '48278', '48289', '48307', '48291', '48293', '48295', '48300', '48304', '48283', '48284']",INTRA_NODE_LOAD_IMBALANCE,0.2249999999999999,True,0.3157894736842105,0.5777777777777777,0.0,6,26,0,19
16,18,"['48269', '48273', '48274', '48276', '48278', '48289', '48307', '48290', '48293', '48295', '48300', '48305', '48308', '48283', '48284', '48303']",PIPELINE_STALL,0.29,True,0.962962962962963,0.064516129032258,0.0,26,2,0,29
16,18,"['48269', '48273', '48274', '48276', '48278', '48289', '48307', '48290', '48293', '48295', '48300', '48305', '48308', '48283', '48284', '48303']",COMPUTE_UNDERUTILIZATION,0.4200000000000001,True,0.6818181818181819,0.3333333333333333,0.0,15,14,0,28
16,18,"['48269', '48273', '48274', '48276', '48278', '48289', '48307', '48290', '48293', '48295', '48300', '48305', '48308', '48283', '48284', '48303']",PRECISION_WASTE,0.4166666666666667,True,1.0,,0.0,57,0,0,0
16,18,"['48269', '48273', '48274', '48276', '48278', '48289', '48307', '48290', '48293', '48295', '48300', '48305', '48308', '48283', '48284', '48303']",BRANCH_MISPREDICTION,0.3375000000000001,True,0.2857142857142857,0.0,0.8333333333333334,1,0,5,51
16,18,"['48269', '48273', '48274', '48276', '48278', '48289', '48307', '48290', '48293', '48295', '48300', '48305', '48308', '48283', '48284', '48303']",CACHE_PRESSURE,0.4800000000000001,True,0.7941176470588235,0.0,0.3414634146341463,27,0,14,16
16,18,"['48269', '48273', '48274', '48276', '48278', '48289', '48307', '48290', '48293', '48295', '48300', '48305', '48308', '48283', '48284', '48303']",INTRA_NODE_LOAD_IMBALANCE,0.32,True,1.0,0.0,0.0,13,0,0,44
16,19,"['48267', '48269', '48270', '48273', '48276', '48278', '48307', '48290', '48293', '48300', '48304', '48305', '48308', '48283', '48284', '48303']",PIPELINE_STALL,0.1625,True,0.9866666666666666,0.0526315789473684,0.0,37,1,0,18
16,19,"['48267', '48269', '48270', '48273', '48276', '48278', '48307', '48290', '48293', '48300', '48304', '48305', '48308', '48283', '48284', '48303']",COMPUTE_UNDERUTILIZATION,0.3,True,1.0,0.0,0.0,30,0,0,26
16,19,"['48267', '48269', '48270', '48273', '48276', '48278', '48307', '48290', '48293', '48300', '48304', '48305', '48308', '48283', '48284', '48303']",PRECISION_WASTE,0.45,True,1.0,0.0,0.0,44,0,0,12
16,19,"['48267', '48269', '48270', '48273', '48276', '48278', '48307', '48290', '48293', '48300', '48304', '48305', '48308', '48283', '48284', '48303']",BRANCH_MISPREDICTION,0.2125,True,,0.0,,0,0,0,56
16,19,"['48267', '48269', '48270', '48273', '48276', '48278', '48307', '48290', '48293', '48300', '48304', '48305', '48308', '48283', '48284', '48303']",CACHE_PRESSURE,0.3625,True,0.7272727272727274,0.0454545454545454,0.4117647058823529,20,1,14,21
16,19,"['48267', '48269', '48270', '48273', '48276', '48278', '48307', '48290', '48293', '48300', '48304', '48305', '48308', '48283', '48284', '48303']",INTRA_NODE_LOAD_IMBALANCE,0.41,True,1.0,0.0,0.0,18,0,0,38
16,20,"['48269', '48270', '48274', '48276', '48278', '48289', '48307', '48290', '48291', '48295', '48300', '48304', '48305', '48308', '48283', '48284']",PIPELINE_STALL,0.23,True,0.6923076923076924,0.4444444444444444,0.0,18,16,0,20
16,20,"['48269', '48270', '48274', '48276', '48278', '48289', '48307', '48290', '48291', '48295', '48300', '48304', '48305', '48308', '48283', '48284']",COMPUTE_UNDERUTILIZATION,0.23,True,0.9803921568627452,0.0344827586206896,0.0,25,1,0,28
16,20,"['48269', '48270', '48274', '48276', '48278', '48289', '48307', '48290', '48291', '48295', '48300', '48304', '48305', '48308', '48283', '48284']",PRECISION_WASTE,0.8,True,0.888888888888889,0.2692307692307692,0.0,28,7,0,19
16,20,"['48269', '48270', '48274', '48276', '48278', '48289', '48307', '48290', '48291', '48295', '48300', '48304', '48305', '48308', '48283', '48284']",BRANCH_MISPREDICTION,0.2833333333333334,True,1.0,0.0,0.0,14,0,0,40
16,20,"['48269', '48270', '48274', '48276', '48278', '48289', '48307', '48290', '48291', '48295', '48300', '48304', '48305', '48308', '48283', '48284']",CACHE_PRESSURE,0.4600000000000001,True,1.0,0.0,0.0,31,0,0,23
16,20,"['48269', '48270', '48274', '48276', '48278', '48289', '48307', '48290', '48291', '48295', '48300', '48304', '48305', '48308', '48283', '48284']",INTRA_NODE_LOAD_IMBALANCE,0.18,True,1.0,0.0,0.0,35,0,0,19
16,21,"['48267', '48270', '48273', '48274', '48278', '48289', '48307', '48290', '48291', '48293', '48295', '48300', '48305', '48308', '48284', '48303']",PIPELINE_STALL,0.26,True,1.0,0.0,0.0,4,0,0,56
16,21,"['48267', '48270', '48273', '48274', '48278', '48289', '48307', '48290', '48291', '48293', '48295', '48300', '48305', '48308', '48284', '48303']",COMPUTE_UNDERUTILIZATION,0.29,True,0.989247311827957,0.0714285714285714,0.0,46,1,0,13
16,21,"['48267', '48270', '48273', '48274', '48278', '48289', '48307', '48290', '48291', '48293', '48295', '48300', '48305', '48308', '48284', '48303']",PRECISION_WASTE,0.5000000000000001,True,1.0,0.0,0.0,44,0,0,16
16,21,"['48267', '48270', '48273', '48274', '48278', '48289', '48307', '48290', '48291', '48293', '48295', '48300', '48305', '48308', '48284', '48303']",BRANCH_MISPREDICTION,0.25,True,0.72,0.1372549019607843,0.0,9,7,0,44
16,21,"['48267', '48270', '48273', '48274', '48278', '48289', '48307', '48290', '48291', '48293', '48295', '48300', '48305', '48308', '48284', '48303']",CACHE_PRESSURE,0.325,True,0.6222222222222222,0.2926829268292683,0.2631578947368421,14,12,5,29
16,21,"['48267', '48270', '48273', '48274', '48278', '48289', '48307', '48290', '48291', '48293', '48295', '48300', '48305', '48308', '48284', '48303']",INTRA_NODE_LOAD_IMBALANCE,0.3125,True,0.967741935483871,0.0666666666666666,0.0,30,2,0,28
16,22,"['48267', '48269', '48270', '48273', '48278', '48307', '48291', '48293', '48295', '48300', '48304', '48305', '48308', '48283', '48284', '48303']",PIPELINE_STALL,0.34,True,0.96875,0.0,0.0606060606060606,31,0,2,23
16,22,"['48267', '48269', '48270', '48273', '48278', '48307', '48291', '48293', '48295', '48300', '48304', '48305', '48308', '48283', '48284', '48303']",COMPUTE_UNDERUTILIZATION,0.125,True,1.0,0.0,0.0,34,0,0,22
16,22,"['48267', '48269', '48270', '48273', '48278', '48307', '48291', '48293', '48295', '48300', '48304', '48305', '48308', '48283', '48284', '48303']",PRECISION_WASTE,0.3,True,1.0,,0.0,56,0,0,0
16,22,"['48267', '48269', '48270', '48273', '48278', '48307', '48291', '48293', '48295', '48300', '48304', '48305', '48308', '48283', '48284', '48303']",BRANCH_MISPREDICTION,0.325,True,0.72,0.1489361702127659,0.0,9,7,0,40
16,22,"['48267', '48269', '48270', '48273', '48278', '48307', '48291', '48293', '48295', '48300', '48304', '48305', '48308', '48283', '48284', '48303']",CACHE_PRESSURE,0.37,True,1.0,0.0,0.0,21,0,0,35
16,22,"['48267', '48269', '48270', '48273', '48278', '48307', '48291', '48293', '48295', '48300', '48304', '48305', '48308', '48283', '48284', '48303']",INTRA_NODE_LOAD_IMBALANCE,0.25,True,0.9850746268656716,0.0434782608695652,0.0,33,1,0,22
16,23,"['48267', '48270', '48274', '48276', '48278', '48289', '48290', '48291', '48293', '48295', '48300', '48304', '48308', '48283', '48284', '48303']",PIPELINE_STALL,0.2299999999999999,True,0.16,0.0,0.9130434782608696,2,0,21,31
16,23,"['48267', '48270', '48274', '48276', '48278', '48289', '48290', '48291', '48293', '48295', '48300', '48304', '48308', '48283', '48284', '48303']",COMPUTE_UNDERUTILIZATION,0.4200000000000001,True,0.8923076923076924,0.28,0.0,29,7,0,18
16,23,"['48267', '48270', '48274', '48276', '48278', '48289', '48290', '48291', '48293', '48295', '48300', '48304', '48308', '48283', '48284', '48303']",PRECISION_WASTE,0.6000000000000001,True,1.0,0.0,0.0,40,0,0,14
16,23,"['48267', '48270', '48274', '48276', '48278', '48289', '48290', '48291', '48293', '48295', '48300', '48304', '48308', '48283', '48284', '48303']",BRANCH_MISPREDICTION,0.25,True,1.0,0.0,0.0,29,0,0,25
16,23,"['48267', '48270', '48274', '48276', '48278', '48289', '48290', '48291', '48293', '48295', '48300', '48304', '48308', '48283', '48284', '48303']",CACHE_PRESSURE,0.43,True,0.16,0.4038461538461538,0.0,2,21,0,31
16,23,"['48267', '48270', '48274', '48276', '48278', '48289', '48290', '48291', '48293', '48295', '48300', '48304', '48308', '48283', '48284', '48303']",INTRA_NODE_LOAD_IMBALANCE,0.25,True,0.935483870967742,0.16,0.0,29,4,0,21
16,24,"['48270', '48276', '48278', '48289', '48307', '48290', '48291', '48293', '48295', '48300', '48304', '48305', '48308', '48283', '48284', '48303']",PIPELINE_STALL,0.32,True,0.074074074074074,0.0,0.9615384615384616,1,0,25,26
16,24,"['48270', '48276', '48278', '48289', '48307', '48290', '48291', '48293', '48295', '48300', '48304', '48305', '48308', '48283', '48284', '48303']",COMPUTE_UNDERUTILIZATION,0.3,True,0.962962962962963,0.0769230769230769,0.0,26,2,0,24
16,24,"['48270', '48276', '48278', '48289', '48307', '48290', '48291', '48293', '48295', '48300', '48304', '48305', '48308', '48283', '48284', '48303']",PRECISION_WASTE,0.5,True,0.8484848484848484,0.0,0.2631578947368421,28,0,10,14
16,24,"['48270', '48276', '48278', '48289', '48307', '48290', '48291', '48293', '48295', '48300', '48304', '48305', '48308', '48283', '48284', '48303']",BRANCH_MISPREDICTION,0.4000000000000001,True,1.0,0.0,0.0,14,0,0,38
16,24,"['48270', '48276', '48278', '48289', '48307', '48290', '48291', '48293', '48295', '48300', '48304', '48305', '48308', '48283', '48284', '48303']",CACHE_PRESSURE,0.4125,True,0.6842105263157895,0.3076923076923077,0.0,13,12,0,27
16,24,"['48270', '48276', '48278', '48289', '48307', '48290', '48291', '48293', '48295', '48300', '48304', '48305', '48308', '48283', '48284', '48303']",INTRA_NODE_LOAD_IMBALANCE,0.375,True,1.0,0.0,0.0,26,0,0,26
16,25,"['48267', '48269', '48270', '48276', '48278', '48289', '48307', '48290', '48291', '48293', '48295', '48300', '48304', '48305', '48283', '48284']",PIPELINE_STALL,0.23,True,1.0,0.0,0.0,30,0,0,23
16,25,"['48267', '48269', '48270', '48276', '48278', '48289', '48307', '48290', '48291', '48293', '48295', '48300', '48304', '48305', '48283', '48284']",COMPUTE_UNDERUTILIZATION,0.22,True,1.0,,0.0,53,0,0,0
16,25,"['48267', '48269', '48270', '48276', '48278', '48289', '48307', '48290', '48291', '48293', '48295', '48300', '48304', '48305', '48283', '48284']",PRECISION_WASTE,0.4666666666666667,True,,0.0,1.0,0,0,28,25
16,25,"['48267', '48269', '48270', '48276', '48278', '48289', '48307', '48290', '48291', '48293', '48295', '48300', '48304', '48305', '48283', '48284']",BRANCH_MISPREDICTION,0.2375,True,1.0,0.0,0.0,14,0,0,39
16,25,"['48267', '48269', '48270', '48276', '48278', '48289', '48307', '48290', '48291', '48293', '48295', '48300', '48304', '48305', '48283', '48284']",CACHE_PRESSURE,0.425,True,1.0,0.0,0.0,4,0,0,49
16,25,"['48267', '48269', '48270', '48276', '48278', '48289', '48307', '48290', '48291', '48293', '48295', '48300', '48304', '48305', '48283', '48284']",INTRA_NODE_LOAD_IMBALANCE,0.32,True,1.0,0.0,0.0,32,0,0,21
16,26,"['48267', '48269', '48270', '48273', '48274', '48276', '48278', '48289', '48307', '48290', '48291', '48293', '48300', '48308', '48284', '48303']",PIPELINE_STALL,0.26,True,1.0,0.0,0.0,4,0,0,51
16,26,"['48267', '48269', '48270', '48273', '48274', '48276', '48278', '48289', '48307', '48290', '48291', '48293', '48300', '48308', '48284', '48303']",COMPUTE_UNDERUTILIZATION,0.325,True,0.988235294117647,0.0769230769230769,0.0,42,1,0,12
16,26,"['48267', '48269', '48270', '48273', '48274', '48276', '48278', '48289', '48307', '48290', '48291', '48293', '48300', '48308', '48284', '48303']",PRECISION_WASTE,0.32,True,1.0,0.0,0.0,27,0,0,28
16,26,"['48267', '48269', '48270', '48273', '48274', '48276', '48278', '48289', '48307', '48290', '48291', '48293', '48300', '48308', '48284', '48303']",BRANCH_MISPREDICTION,0.2625,True,,0.0,,0,0,0,55
16,26,"['48267', '48269', '48270', '48273', '48274', '48276', '48278', '48289', '48307', '48290', '48291', '48293', '48300', '48308', '48284', '48303']",CACHE_PRESSURE,0.3,True,0.7714285714285714,0.4782608695652174,0.15625,27,11,5,12
16,26,"['48267', '48269', '48270', '48273', '48274', '48276', '48278', '48289', '48307', '48290', '48291', '48293', '48300', '48308', '48284', '48303']",INTRA_NODE_LOAD_IMBALANCE,0.33,True,0.967741935483871,0.025,0.0,15,1,0,39
16,27,"['48267', '48269', '48270', '48273', '48274', '48289', '48307', '48290', '48291', '48293', '48295', '48305', '48308', '48283', '48284', '48303']",PIPELINE_STALL,0.31,True,0.7272727272727273,0.0535714285714285,0.0,4,3,0,53
16,27,"['48267', '48269', '48270', '48273', '48274', '48289', '48307', '48290', '48291', '48293', '48295', '48305', '48308', '48283', '48284', '48303']",COMPUTE_UNDERUTILIZATION,0.2,True,0.983050847457627,1.0,0.0,58,2,0,0
16,27,"['48267', '48269', '48270', '48273', '48274', '48289', '48307', '48290', '48291', '48293', '48295', '48305', '48308', '48283', '48284', '48303']",PRECISION_WASTE,0.2166666666666666,True,0.989247311827957,0.0714285714285714,0.0,46,1,0,13
16,27,"['48267', '48269', '48270', '48273', '48274', '48289', '48307', '48290', '48291', '48293', '48295', '48305', '48308', '48283', '48284', '48303']",BRANCH_MISPREDICTION,0.2125,True,0.8771929824561403,0.2,0.0,25,7,0,28
16,27,"['48267', '48269', '48270', '48273', '48274', '48289', '48307', '48290', '48291', '48293', '48295', '48305', '48308', '48283', '48284', '48303']",CACHE_PRESSURE,0.44,True,0.8333333333333333,0.1333333333333333,0.0,15,6,0,39
16,27,"['48267', '48269', '48270', '48273', '48274', '48289', '48307', '48290', '48291', '48293', '48295', '48305', '48308', '48283', '48284', '48303']",INTRA_NODE_LOAD_IMBALANCE,0.36,True,0.96875,0.0689655172413793,0.0,31,2,0,27
16,28,"['48267', '48270', '48273', '48274', '48278', '48289', '48307', '48290', '48293', '48295', '48300', '48304', '48305', '48308', '48284', '48303']",PIPELINE_STALL,0.24,True,1.0,0.0,0.0,20,0,0,41
16,28,"['48267', '48270', '48273', '48274', '48278', '48289', '48307', '48290', '48293', '48295', '48300', '48304', '48305', '48308', '48284', '48303']",COMPUTE_UNDERUTILIZATION,0.26,True,0.984126984126984,0.0333333333333333,0.0,31,1,0,29
16,28,"['48267', '48270', '48273', '48274', '48278', '48289', '48307', '48290', '48293', '48295', '48300', '48304', '48305', '48308', '48284', '48303']",PRECISION_WASTE,0.1166666666666666,True,0.989010989010989,0.0625,0.0,45,1,0,15
16,28,"['48267', '48270', '48273', '48274', '48278', '48289', '48307', '48290', '48293', '48295', '48300', '48304', '48305', '48308', '48284', '48303']",BRANCH_MISPREDICTION,0.2375,True,0.72,0.1346153846153846,0.0,9,7,0,45
16,28,"['48267', '48270', '48273', '48274', '48278', '48289', '48307', '48290', '48293', '48295', '48300', '48304', '48305', '48308', '48284', '48303']",CACHE_PRESSURE,0.45,True,,0.0,1.0,0,0,19,42
16,28,"['48267', '48270', '48273', '48274', '48278', '48289', '48307', '48290', '48293', '48295', '48300', '48304', '48305', '48308', '48284', '48303']",INTRA_NODE_LOAD_IMBALANCE,0.24,True,0.967741935483871,0.064516129032258,0.0,30,2,0,29
16,29,"['48267', '48269', '48273', '48274', '48278', '48289', '48307', '48290', '48293', '48300', '48304', '48305', '48308', '48283', '48284', '48303']",PIPELINE_STALL,0.27,True,0.962962962962963,0.064516129032258,0.0,26,2,0,29
16,29,"['48267', '48269', '48273', '48274', '48278', '48289', '48307', '48290', '48293', '48300', '48304', '48305', '48308', '48283', '48284', '48303']",COMPUTE_UNDERUTILIZATION,0.2299999999999999,True,0.7671232876712328,0.5862068965517241,0.0,28,17,0,12
16,29,"['48267', '48269', '48273', '48274', '48278', '48289', '48307', '48290', '48293', '48300', '48304', '48305', '48308', '48283', '48284', '48303']",PRECISION_WASTE,0.3125,True,1.0,0.0,0.0,45,0,0,12
16,29,"['48267', '48269', '48273', '48274', '48278', '48289', '48307', '48290', '48293', '48300', '48304', '48305', '48308', '48283', '48284', '48303']",BRANCH_MISPREDICTION,0.1833333333333333,True,0.6818181818181819,0.3333333333333333,0.0,15,14,0,28
16,29,"['48267', '48269', '48273', '48274', '48278', '48289', '48307', '48290', '48293', '48300', '48304', '48305', '48308', '48283', '48284', '48303']",CACHE_PRESSURE,0.3500000000000001,True,0.6111111111111112,0.0,0.56,11,0,14,32
16,29,"['48267', '48269', '48273', '48274', '48278', '48289', '48307', '48290', '48293', '48300', '48304', '48305', '48308', '48283', '48284', '48303']",INTRA_NODE_LOAD_IMBALANCE,0.32,True,0.9824561403508772,0.0344827586206896,0.0,28,1,0,28
16,30,"['48267', '48269', '48270', '48276', '48278', '48289', '48307', '48290', '48291', '48293', '48295', '48300', '48304', '48305', '48308', '48284']",PIPELINE_STALL,0.26,True,0.7857142857142858,0.0,0.3529411764705882,22,0,12,19
16,30,"['48267', '48269', '48270', '48276', '48278', '48289', '48307', '48290', '48291', '48293', '48295', '48300', '48304', '48305', '48308', '48284']",COMPUTE_UNDERUTILIZATION,0.25,True,0.9904761904761904,1.0,0.0,52,1,0,0
16,30,"['48267', '48269', '48270', '48276', '48278', '48289', '48307', '48290', '48291', '48293', '48295', '48300', '48304', '48305', '48308', '48284']",PRECISION_WASTE,0.3666666666666667,True,0.8,0.1463414634146341,0.0,12,6,0,35
16,30,"['48267', '48269', '48270', '48276', '48278', '48289', '48307', '48290', '48291', '48293', '48295', '48300', '48304', '48305', '48308', '48284']",BRANCH_MISPREDICTION,0.2750000000000001,True,1.0,0.0,0.0,14,0,0,39
16,30,"['48267', '48269', '48270', '48276', '48278', '48289', '48307', '48290', '48291', '48293', '48295', '48300', '48304', '48305', '48308', '48284']",CACHE_PRESSURE,0.3125,True,0.6153846153846153,0.0,0.5555555555555556,4,0,5,44
16,30,"['48267', '48269', '48270', '48276', '48278', '48289', '48307', '48290', '48291', '48293', '48295', '48300', '48304', '48305', '48308', '48284']",INTRA_NODE_LOAD_IMBALANCE,0.26,True,0.9894736842105264,0.1666666666666666,0.0,47,1,0,5
16,31,"['48267', '48269', '48270', '48273', '48274', '48278', '48307', '48291', '48293', '48300', '48304', '48305', '48308', '48283', '48284', '48303']",PIPELINE_STALL,0.21,True,1.0,0.0,0.0,21,0,0,35
16,31,"['48267', '48269', '48270', '48273', '48274', '48278', '48307', '48291', '48293', '48300', '48304', '48305', '48308', '48283', '48284', '48303']",COMPUTE_UNDERUTILIZATION,0.3125,True,1.0,0.0,0.0,34,0,0,22
16,31,"['48267', '48269', '48270', '48273', '48274', '48278', '48307', '48291', '48293', '48300', '48304', '48305', '48308', '48283', '48284', '48303']",PRECISION_WASTE,0.5166666666666667,True,1.0,0.0,0.0,44,0,0,12
16,31,"['48267', '48269', '48270', '48273', '48274', '48278', '48307', '48291', '48293', '48300', '48304', '48305', '48308', '48283', '48284', '48303']",BRANCH_MISPREDICTION,0.2625,True,0.72,0.1489361702127659,0.0,9,7,0,40
16,31,"['48267', '48269', '48270', '48273', '48274', '48278', '48307', '48291', '48293', '48300', '48304', '48305', '48308', '48283', '48284', '48303']",CACHE_PRESSURE,0.425,True,1.0,0.0,0.0,32,0,0,24
16,31,"['48267', '48269', '48270', '48273', '48274', '48278', '48307', '48291', '48293', '48300', '48304', '48305', '48308', '48283', '48284', '48303']",INTRA_NODE_LOAD_IMBALANCE,0.35,True,0.9767441860465116,0.0285714285714285,0.0,21,1,0,34
16,32,"['48267', '48269', '48270', '48273', '48278', '48289', '48307', '48290', '48291', '48295', '48304', '48305', '48308', '48283', '48284', '48303']",PIPELINE_STALL,0.31,True,,0.3125,1.0,0,15,12,33
16,32,"['48267', '48269', '48270', '48273', '48278', '48289', '48307', '48290', '48291', '48295', '48304', '48305', '48308', '48283', '48284', '48303']",COMPUTE_UNDERUTILIZATION,0.25,True,1.0,0.0,0.0,44,0,0,16
16,32,"['48267', '48269', '48270', '48273', '48278', '48289', '48307', '48290', '48291', '48295', '48304', '48305', '48308', '48283', '48284', '48303']",PRECISION_WASTE,0.2,True,0.983050847457627,1.0,0.0,58,2,0,0
16,32,"['48267', '48269', '48270', '48273', '48278', '48289', '48307', '48290', '48291', '48295', '48304', '48305', '48308', '48283', '48284', '48303']",BRANCH_MISPREDICTION,0.225,True,0.8771929824561403,0.2,0.0,25,7,0,28
16,32,"['48267', '48269', '48270', '48273', '48278', '48289', '48307', '48290', '48291', '48295', '48304', '48305', '48308', '48283', '48284', '48303']",CACHE_PRESSURE,0.5200000000000001,True,1.0,0.0,0.0,14,0,0,46
16,32,"['48267', '48269', '48270', '48273', '48278', '48289', '48307', '48290', '48291', '48295', '48304', '48305', '48308', '48283', '48284', '48303']",INTRA_NODE_LOAD_IMBALANCE,0.24,True,0.8431372549019609,0.5,0.2586206896551724,43,1,15,1
16,33,"['48267', '48269', '48273', '48274', '48278', '48289', '48307', '48290', '48291', '48293', '48295', '48300', '48305', '48283', '48284', '48303']",PIPELINE_STALL,0.33,True,0.9090909090909092,0.04,0.0,10,2,0,48
16,33,"['48267', '48269', '48273', '48274', '48278', '48289', '48307', '48290', '48291', '48293', '48295', '48300', '48305', '48283', '48284', '48303']",COMPUTE_UNDERUTILIZATION,0.35,True,0.4383561643835616,0.7692307692307693,0.6595744680851063,16,10,31,3
16,33,"['48267', '48269', '48273', '48274', '48278', '48289', '48307', '48290', '48291', '48293', '48295', '48300', '48305', '48283', '48284', '48303']",PRECISION_WASTE,0.4200000000000001,True,0.846153846153846,,0.2666666666666666,44,0,16,0
16,33,"['48267', '48269', '48273', '48274', '48278', '48289', '48307', '48290', '48291', '48293', '48295', '48300', '48305', '48283', '48284', '48303']",BRANCH_MISPREDICTION,0.15,True,0.6818181818181819,0.3111111111111111,0.0,15,14,0,31
16,33,"['48267', '48269', '48273', '48274', '48278', '48289', '48307', '48290', '48291', '48293', '48295', '48300', '48305', '48283', '48284', '48303']",CACHE_PRESSURE,0.475,True,1.0,0.0,0.0,14,0,0,46
16,33,"['48267', '48269', '48273', '48274', '48278', '48289', '48307', '48290', '48291', '48293', '48295', '48300', '48305', '48283', '48284', '48303']",INTRA_NODE_LOAD_IMBALANCE,0.26,True,0.7671232876712328,0.53125,0.0,28,17,0,15
16,34,"['48267', '48269', '48270', '48273', '48274', '48276', '48289', '48307', '48291', '48293', '48295', '48300', '48304', '48305', '48308', '48303']",PIPELINE_STALL,0.2,True,0.7407407407407407,0.4,0.0,20,14,0,21
16,34,"['48267', '48269', '48270', '48273', '48274', '48276', '48289', '48307', '48291', '48293', '48295', '48300', '48304', '48305', '48308', '48303']",COMPUTE_UNDERUTILIZATION,0.35,True,0.963855421686747,0.2,0.0,40,3,0,12
16,34,"['48267', '48269', '48270', '48273', '48274', '48276', '48289', '48307', '48291', '48293', '48295', '48300', '48304', '48305', '48308', '48303']",PRECISION_WASTE,0.6000000000000001,True,1.0,0.0,0.0,12,0,0,43
16,34,"['48267', '48269', '48270', '48273', '48274', '48276', '48289', '48307', '48291', '48293', '48295', '48300', '48304', '48305', '48308', '48303']",BRANCH_MISPREDICTION,0.2375,True,1.0,0.0,0.0,14,0,0,41
16,34,"['48267', '48269', '48270', '48273', '48274', '48276', '48289', '48307', '48291', '48293', '48295', '48300', '48304', '48305', '48308', '48303']",CACHE_PRESSURE,0.32,True,0.7586206896551725,0.0,0.3888888888888889,11,0,7,37
16,34,"['48267', '48269', '48270', '48273', '48274', '48276', '48289', '48307', '48291', '48293', '48295', '48300', '48304', '48305', '48308', '48303']",INTRA_NODE_LOAD_IMBALANCE,0.31,True,0.983050847457627,0.0384615384615384,0.0,29,1,0,25
16,35,"['48267', '48269', '48270', '48273', '48274', '48276', '48289', '48307', '48290', '48291', '48293', '48300', '48304', '48283', '48284', '48303']",PIPELINE_STALL,0.24,True,1.0,0.0,0.0,4,0,0,49
16,35,"['48267', '48269', '48270', '48273', '48274', '48276', '48289', '48307', '48290', '48291', '48293', '48300', '48304', '48283', '48284', '48303']",COMPUTE_UNDERUTILIZATION,0.2299999999999999,True,0.896551724137931,0.6428571428571429,0.0,39,9,0,5
16,35,"['48267', '48269', '48270', '48273', '48274', '48276', '48289', '48307', '48290', '48291', '48293', '48300', '48304', '48283', '48284', '48303']",PRECISION_WASTE,0.4750000000000001,True,0.6,0.0,0.5714285714285714,12,0,16,25
16,35,"['48267', '48269', '48270', '48273', '48274', '48276', '48289', '48307', '48290', '48291', '48293', '48300', '48304', '48283', '48284', '48303']",BRANCH_MISPREDICTION,0.24,True,,0.0,,0,0,0,53
16,35,"['48267', '48269', '48270', '48273', '48274', '48276', '48289', '48307', '48290', '48291', '48293', '48300', '48304', '48283', '48284', '48303']",CACHE_PRESSURE,0.4,True,0.6511627906976745,0.3846153846153846,0.0,14,15,0,24
16,35,"['48267', '48269', '48270', '48273', '48274', '48276', '48289', '48307', '48290', '48291', '48293', '48300', '48304', '48283', '48284', '48303']",INTRA_NODE_LOAD_IMBALANCE,0.27,True,,0.7169811320754716,,0,38,0,15
16,36,"['48267', '48270', '48273', '48274', '48276', '48278', '48289', '48307', '48290', '48291', '48293', '48304', '48305', '48308', '48284', '48303']",PIPELINE_STALL,0.34,True,1.0,0.0,0.0,4,0,0,53
16,36,"['48267', '48270', '48273', '48274', '48276', '48278', '48289', '48307', '48290', '48291', '48293', '48304', '48305', '48308', '48284', '48303']",COMPUTE_UNDERUTILIZATION,0.3,True,0.9885057471264368,0.0714285714285714,0.0,43,1,0,13
16,36,"['48267', '48270', '48273', '48274', '48276', '48278', '48289', '48307', '48290', '48291', '48293', '48304', '48305', '48308', '48284', '48303']",PRECISION_WASTE,0.2833333333333334,True,0.9824561403508772,0.0344827586206896,0.0,28,1,0,28
16,36,"['48267', '48270', '48273', '48274', '48276', '48278', '48289', '48307', '48290', '48291', '48293', '48304', '48305', '48308', '48284', '48303']",BRANCH_MISPREDICTION,0.2166666666666666,True,1.0,0.0,0.0,16,0,0,41
16,36,"['48267', '48270', '48273', '48274', '48276', '48278', '48289', '48307', '48290', '48291', '48293', '48304', '48305', '48308', '48284', '48303']",CACHE_PRESSURE,0.4,True,0.5641025641025642,0.2926829268292683,0.3125,11,12,5,29
16,36,"['48267', '48270', '48273', '48274', '48276', '48278', '48289', '48307', '48290', '48291', '48293', '48304', '48305', '48308', '48284', '48303']",INTRA_NODE_LOAD_IMBALANCE,0.37,True,1.0,0.0,0.0,31,0,0,26
16,37,"['48267', '48269', '48270', '48273', '48274', '48276', '48289', '48307', '48290', '48291', '48300', '48304', '48305', '48308', '48283', '48284']",PIPELINE_STALL,0.225,True,0.5161290322580645,0.3409090909090909,0.0,8,15,0,29
16,37,"['48267', '48269', '48270', '48273', '48274', '48276', '48289', '48307', '48290', '48291', '48300', '48304', '48305', '48308', '48283', '48284']",COMPUTE_UNDERUTILIZATION,0.2,True,0.9714285714285714,0.1111111111111111,0.0,34,2,0,16
16,37,"['48267', '48269', '48270', '48273', '48274', '48276', '48289', '48307', '48290', '48291', '48300', '48304', '48305', '48308', '48283', '48284']",PRECISION_WASTE,0.2333333333333333,True,0.7142857142857143,0.3243243243243243,0.0,15,12,0,25
16,37,"['48267', '48269', '48270', '48273', '48274', '48276', '48289', '48307', '48290', '48291', '48300', '48304', '48305', '48308', '48283', '48284']",BRANCH_MISPREDICTION,0.25,True,,0.0,,0,0,0,52
16,37,"['48267', '48269', '48270', '48273', '48274', '48276', '48289', '48307', '48290', '48291', '48300', '48304', '48305', '48308', '48283', '48284']",CACHE_PRESSURE,0.31,True,0.8333333333333333,0.5454545454545454,0.0,30,12,0,10
16,37,"['48267', '48269', '48270', '48273', '48274', '48276', '48289', '48307', '48290', '48291', '48300', '48304', '48305', '48308', '48283', '48284']",INTRA_NODE_LOAD_IMBALANCE,0.25,True,0.2413793103448275,0.967741935483871,0.6666666666666666,7,30,14,1
16,38,"['48267', '48269', '48274', '48276', '48278', '48289', '48307', '48290', '48291', '48293', '48295', '48300', '48304', '48305', '48308', '48283']",PIPELINE_STALL,0.28,True,0.9655172413793104,0.0833333333333333,0.0,28,2,0,22
16,38,"['48267', '48269', '48274', '48276', '48278', '48289', '48307', '48290', '48291', '48293', '48295', '48300', '48304', '48305', '48308', '48283']",COMPUTE_UNDERUTILIZATION,0.27,True,0.8571428571428571,1.0,0.0,39,13,0,0
16,38,"['48267', '48269', '48274', '48276', '48278', '48289', '48307', '48290', '48291', '48293', '48295', '48300', '48304', '48305', '48308', '48283']",PRECISION_WASTE,0.3166666666666667,True,0.40625,0.9743589743589745,0.0,13,38,0,1
16,38,"['48267', '48269', '48274', '48276', '48278', '48289', '48307', '48290', '48291', '48293', '48295', '48300', '48304', '48305', '48308', '48283']",BRANCH_MISPREDICTION,0.3500000000000001,True,0.9375,0.0,0.1176470588235294,30,0,4,18
16,38,"['48267', '48269', '48274', '48276', '48278', '48289', '48307', '48290', '48291', '48293', '48295', '48300', '48304', '48305', '48308', '48283']",CACHE_PRESSURE,0.3875,True,1.0,0.0,0.0,4,0,0,48
16,38,"['48267', '48269', '48274', '48276', '48278', '48289', '48307', '48290', '48291', '48293', '48295', '48300', '48304', '48305', '48308', '48283']",INTRA_NODE_LOAD_IMBALANCE,0.35,True,1.0,0.0,0.0,47,0,0,5
16,39,"['48267', '48269', '48273', '48274', '48278', '48307', '48290', '48291', '48293', '48300', '48304', '48305', '48308', '48283', '48284', '48303']",PIPELINE_STALL,0.2800000000000001,True,0.9268292682926828,0.0789473684210526,0.0,19,3,0,35
16,39,"['48267', '48269', '48273', '48274', '48278', '48307', '48290', '48291', '48293', '48300', '48304', '48305', '48308', '48283', '48284', '48303']",COMPUTE_UNDERUTILIZATION,0.225,True,0.8395061728395062,0.5652173913043478,0.0,34,13,0,10
16,39,"['48267', '48269', '48273', '48274', '48278', '48307', '48290', '48291', '48293', '48300', '48304', '48305', '48308', '48283', '48284', '48303']",PRECISION_WASTE,0.25,True,1.0,0.0,0.0,45,0,0,12
16,39,"['48267', '48269', '48273', '48274', '48278', '48307', '48290', '48291', '48293', '48300', '48304', '48305', '48308', '48283', '48284', '48303']",BRANCH_MISPREDICTION,0.3166666666666667,True,0.6818181818181819,0.3333333333333333,0.0,15,14,0,28
16,39,"['48267', '48269', '48273', '48274', '48278', '48307', '48290', '48291', '48293', '48300', '48304', '48305', '48308', '48283', '48284', '48303']",CACHE_PRESSURE,0.4700000000000001,True,1.0,0.0,0.0,20,0,0,37
16,39,"['48267', '48269', '48273', '48274', '48278', '48307', '48290', '48291', '48293', '48300', '48304', '48305', '48308', '48283', '48284', '48303']",INTRA_NODE_LOAD_IMBALANCE,0.25,True,0.9855072463768116,0.0434782608695652,0.0,34,1,0,22
16,40,"['48267', '48269', '48270', '48274', '48276', '48289', '48290', '48291', '48293', '48295', '48300', '48305', '48308', '48283', '48284', '48303']",PIPELINE_STALL,0.1374999999999999,True,0.9473684210526316,0.1,0.0,27,3,0,27
16,40,"['48267', '48269', '48270', '48274', '48276', '48289', '48290', '48291', '48293', '48295', '48300', '48305', '48308', '48283', '48284', '48303']",COMPUTE_UNDERUTILIZATION,0.1833333333333333,True,0.9821428571428572,1.0,0.0,55,2,0,0
16,40,"['48267', '48269', '48270', '48274', '48276', '48289', '48290', '48291', '48293', '48295', '48300', '48305', '48308', '48283', '48284', '48303']",PRECISION_WASTE,0.45,True,1.0,0.0,0.0,30,0,0,27
16,40,"['48267', '48269', '48270', '48274', '48276', '48289', '48290', '48291', '48293', '48295', '48300', '48305', '48308', '48283', '48284', '48303']",BRANCH_MISPREDICTION,0.1999999999999999,True,1.0,0.0,0.0,29,0,0,28
16,40,"['48267', '48269', '48270', '48274', '48276', '48289', '48290', '48291', '48293', '48295', '48300', '48305', '48308', '48283', '48284', '48303']",CACHE_PRESSURE,0.42,True,0.8333333333333333,0.1428571428571428,0.0,15,6,0,36
16,40,"['48267', '48269', '48270', '48274', '48276', '48289', '48290', '48291', '48293', '48295', '48300', '48305', '48308', '48283', '48284', '48303']",INTRA_NODE_LOAD_IMBALANCE,0.45,True,1.0,0.0,0.0,29,0,0,28
16,41,"['48267', '48269', '48270', '48273', '48274', '48276', '48278', '48289', '48290', '48291', '48293', '48295', '48304', '48305', '48284', '48303']",PIPELINE_STALL,0.23,True,0.8387096774193548,0.1,0.0,13,5,0,45
16,41,"['48267', '48269', '48270', '48273', '48274', '48276', '48278', '48289', '48290', '48291', '48293', '48295', '48304', '48305', '48284', '48303']",COMPUTE_UNDERUTILIZATION,0.27,True,0.992,1.0,0.0,62,1,0,0
16,41,"['48267', '48269', '48270', '48273', '48274', '48276', '48278', '48289', '48290', '48291', '48293', '48295', '48304', '48305', '48284', '48303']",PRECISION_WASTE,0.1875,True,0.989247311827957,0.0588235294117647,0.0,46,1,0,16
16,41,"['48267', '48269', '48270', '48273', '48274', '48276', '48278', '48289', '48290', '48291', '48293', '48295', '48304', '48305', '48284', '48303']",BRANCH_MISPREDICTION,0.2125,True,1.0,0.0,0.0,31,0,0,32
16,41,"['48267', '48269', '48270', '48273', '48274', '48276', '48278', '48289', '48290', '48291', '48293', '48295', '48304', '48305', '48284', '48303']",CACHE_PRESSURE,0.42,True,,0.0,1.0,0,0,5,58
16,41,"['48267', '48269', '48270', '48273', '48274', '48276', '48278', '48289', '48290', '48291', '48293', '48295', '48304', '48305', '48284', '48303']",INTRA_NODE_LOAD_IMBALANCE,0.125,True,0.8440366972477064,1.0,0.0,46,17,0,0
16,42,"['48267', '48273', '48274', '48276', '48278', '48289', '48307', '48290', '48291', '48293', '48300', '48304', '48305', '48308', '48284', '48303']",PIPELINE_STALL,0.21,True,0.9032258064516128,0.075,0.0,14,3,0,37
16,42,"['48267', '48273', '48274', '48276', '48278', '48289', '48307', '48290', '48291', '48293', '48300', '48304', '48305', '48308', '48284', '48303']",COMPUTE_UNDERUTILIZATION,0.4750000000000001,True,0.7941176470588235,0.5185185185185185,0.0,27,14,0,13
16,42,"['48267', '48273', '48274', '48276', '48278', '48289', '48307', '48290', '48291', '48293', '48300', '48304', '48305', '48308', '48284', '48303']",PRECISION_WASTE,0.4833333333333334,True,1.0,0.0,0.0,26,0,0,28
16,42,"['48267', '48273', '48274', '48276', '48278', '48289', '48307', '48290', '48291', '48293', '48300', '48304', '48305', '48308', '48284', '48303']",BRANCH_MISPREDICTION,0.1875,True,0.9090909090909092,0.0,0.1666666666666666,5,0,1,48
16,42,"['48267', '48273', '48274', '48276', '48278', '48289', '48307', '48290', '48291', '48293', '48300', '48304', '48305', '48308', '48284', '48303']",CACHE_PRESSURE,0.3299999999999999,True,0.5641025641025642,0.3157894736842105,0.3125,11,12,5,26
16,42,"['48267', '48273', '48274', '48276', '48278', '48289', '48307', '48290', '48291', '48293', '48300', '48304', '48305', '48308', '48284', '48303']",INTRA_NODE_LOAD_IMBALANCE,0.31,True,0.9824561403508772,0.0384615384615384,0.0,28,1,0,25
16,43,"['48269', '48270', '48273', '48276', '48278', '48289', '48290', '48291', '48293', '48295', '48304', '48305', '48308', '48283', '48284', '48303']",PIPELINE_STALL,0.3,True,0.8333333333333333,0.0,0.2857142857142857,15,0,6,35
16,43,"['48269', '48270', '48273', '48276', '48278', '48289', '48290', '48291', '48293', '48295', '48304', '48305', '48308', '48283', '48284', '48303']",COMPUTE_UNDERUTILIZATION,0.175,True,1.0,0.0,0.0,43,0,0,13
16,43,"['48269', '48270', '48273', '48276', '48278', '48289', '48290', '48291', '48293', '48295', '48304', '48305', '48308', '48283', '48284', '48303']",PRECISION_WASTE,0.1666666666666666,True,0.9909909909909907,1.0,0.0,55,1,0,0
16,43,"['48269', '48270', '48273', '48276', '48278', '48289', '48290', '48291', '48293', '48295', '48304', '48305', '48308', '48283', '48284', '48303']",BRANCH_MISPREDICTION,0.2,True,1.0,0.0,0.0,31,0,0,25
16,43,"['48269', '48270', '48273', '48276', '48278', '48289', '48290', '48291', '48293', '48295', '48304', '48305', '48308', '48283', '48284', '48303']",CACHE_PRESSURE,0.47,True,1.0,0.0,0.0,13,0,0,43
16,43,"['48269', '48270', '48273', '48276', '48278', '48289', '48290', '48291', '48293', '48295', '48304', '48305', '48308', '48283', '48284', '48303']",INTRA_NODE_LOAD_IMBALANCE,0.26,True,1.0,0.0,0.0,43,0,0,13
16,44,"['48267', '48269', '48270', '48273', '48274', '48278', '48289', '48307', '48290', '48291', '48293', '48295', '48304', '48305', '48308', '48284']",PIPELINE_STALL,0.27,True,1.0,0.0,0.0,8,0,0,51
16,44,"['48267', '48269', '48270', '48273', '48274', '48278', '48289', '48307', '48290', '48291', '48293', '48295', '48304', '48305', '48308', '48284']",COMPUTE_UNDERUTILIZATION,0.27,True,0.9914529914529916,1.0,0.0,58,1,0,0
16,44,"['48267', '48269', '48270', '48273', '48274', '48278', '48289', '48307', '48290', '48291', '48293', '48295', '48304', '48305', '48308', '48284']",PRECISION_WASTE,0.15,True,0.8378378378378378,0.4285714285714285,0.0,31,12,0,16
16,44,"['48267', '48269', '48270', '48273', '48274', '48278', '48289', '48307', '48290', '48291', '48293', '48295', '48304', '48305', '48308', '48284']",BRANCH_MISPREDICTION,0.2166666666666666,True,0.8771929824561403,0.2058823529411764,0.0,25,7,0,27
16,44,"['48267', '48269', '48270', '48273', '48274', '48278', '48289', '48307', '48290', '48291', '48293', '48295', '48304', '48305', '48308', '48284']",CACHE_PRESSURE,0.42,True,0.6153846153846153,0.0,0.5555555555555556,4,0,5,50
16,44,"['48267', '48269', '48270', '48273', '48274', '48278', '48289', '48307', '48290', '48291', '48293', '48295', '48304', '48305', '48308', '48284']",INTRA_NODE_LOAD_IMBALANCE,0.22,True,0.981132075471698,0.2857142857142857,0.0,52,2,0,5
16,45,"['48267', '48270', '48273', '48274', '48276', '48278', '48289', '48307', '48290', '48291', '48293', '48300', '48304', '48305', '48284', '48303']",PIPELINE_STALL,0.43,True,1.0,0.0,0.0,4,0,0,53
16,45,"['48267', '48270', '48273', '48274', '48276', '48278', '48289', '48307', '48290', '48291', '48293', '48300', '48304', '48305', '48284', '48303']",COMPUTE_UNDERUTILIZATION,0.375,True,0.7777777777777779,0.0714285714285714,0.3488372093023256,28,1,15,13
16,45,"['48267', '48270', '48273', '48274', '48276', '48278', '48289', '48307', '48290', '48291', '48293', '48300', '48304', '48305', '48284', '48303']",PRECISION_WASTE,0.4375000000000001,True,0.6190476190476191,0.0,0.5517241379310345,13,0,16,28
16,45,"['48267', '48270', '48273', '48274', '48276', '48278', '48289', '48307', '48290', '48291', '48293', '48300', '48304', '48305', '48284', '48303']",BRANCH_MISPREDICTION,0.3,True,,0.0,,0,0,0,57
16,45,"['48267', '48270', '48273', '48274', '48276', '48278', '48289', '48307', '48290', '48291', '48293', '48300', '48304', '48305', '48284', '48303']",CACHE_PRESSURE,0.3,True,0.5641025641025642,0.2926829268292683,0.3125,11,12,5,29
16,45,"['48267', '48270', '48273', '48274', '48276', '48278', '48289', '48307', '48290', '48291', '48293', '48300', '48304', '48305', '48284', '48303']",INTRA_NODE_LOAD_IMBALANCE,0.33,True,0.6382978723404256,0.4047619047619047,0.0,15,17,0,25
16,46,"['48267', '48269', '48270', '48273', '48274', '48276', '48278', '48307', '48291', '48295', '48300', '48304', '48305', '48308', '48284', '48303']",PIPELINE_STALL,0.18,True,0.8064516129032258,0.3428571428571428,0.0,25,12,0,23
16,46,"['48267', '48269', '48270', '48273', '48274', '48276', '48278', '48307', '48291', '48295', '48300', '48304', '48305', '48308', '48284', '48303']",COMPUTE_UNDERUTILIZATION,0.325,True,0.9767441860465116,0.0256410256410256,0.0,21,1,0,38
16,46,"['48267', '48269', '48270', '48273', '48274', '48276', '48278', '48307', '48291', '48295', '48300', '48304', '48305', '48308', '48284', '48303']",PRECISION_WASTE,0.175,True,0.9885057471264368,0.0588235294117647,0.0,43,1,0,16
16,46,"['48267', '48269', '48270', '48273', '48274', '48276', '48278', '48307', '48291', '48295', '48300', '48304', '48305', '48308', '48284', '48303']",BRANCH_MISPREDICTION,0.25,True,,0.0,,0,0,0,60
16,46,"['48267', '48269', '48270', '48273', '48274', '48276', '48278', '48307', '48291', '48295', '48300', '48304', '48305', '48308', '48284', '48303']",CACHE_PRESSURE,0.3199999999999999,True,0.9333333333333332,0.0,0.125,35,0,5,20
16,46,"['48267', '48269', '48270', '48273', '48274', '48276', '48278', '48307', '48291', '48295', '48300', '48304', '48305', '48308', '48284', '48303']",INTRA_NODE_LOAD_IMBALANCE,0.2125,True,0.7586206896551725,0.0,0.3888888888888889,22,0,14,24
16,47,"['48269', '48270', '48274', '48276', '48289', '48307', '48290', '48291', '48295', '48300', '48304', '48305', '48308', '48283', '48284', '48303']",PIPELINE_STALL,0.2800000000000001,True,0.5396825396825397,0.7368421052631579,0.0555555555555555,17,28,1,10
16,47,"['48269', '48270', '48274', '48276', '48289', '48307', '48290', '48291', '48295', '48300', '48304', '48305', '48308', '48283', '48284', '48303']",COMPUTE_UNDERUTILIZATION,0.125,True,0.9433962264150944,0.0967741935483871,0.0,25,3,0,28
16,47,"['48269', '48270', '48274', '48276', '48289', '48307', '48290', '48291', '48295', '48300', '48304', '48305', '48308', '48283', '48284', '48303']",PRECISION_WASTE,0.5333333333333333,True,0.9824561403508772,0.0357142857142857,0.0,28,1,0,27
16,47,"['48269', '48270', '48274', '48276', '48289', '48307', '48290', '48291', '48295', '48300', '48304', '48305', '48308', '48283', '48284', '48303']",BRANCH_MISPREDICTION,0.2625,True,1.0,0.0,0.0,14,0,0,42
16,47,"['48269', '48270', '48274', '48276', '48289', '48307', '48290', '48291', '48295', '48300', '48304', '48305', '48308', '48283', '48284', '48303']",CACHE_PRESSURE,0.4200000000000001,True,0.888888888888889,0.25,0.0,28,7,0,21
16,47,"['48269', '48270', '48274', '48276', '48289', '48307', '48290', '48291', '48295', '48300', '48304', '48305', '48308', '48283', '48284', '48303']",INTRA_NODE_LOAD_IMBALANCE,0.19,True,0.5555555555555556,0.3703703703703703,0.4827586206896552,15,10,14,17
16,48,"['48267', '48269', '48273', '48274', '48276', '48278', '48289', '48307', '48290', '48291', '48293', '48295', '48304', '48305', '48308', '48284']",PIPELINE_STALL,0.2,True,0.9,0.1052631578947368,0.0,18,4,0,34
16,48,"['48267', '48269', '48273', '48274', '48276', '48278', '48289', '48307', '48290', '48291', '48293', '48295', '48304', '48305', '48308', '48284']",COMPUTE_UNDERUTILIZATION,0.3875,True,0.8571428571428571,1.0,0.0,42,14,0,0
16,48,"['48267', '48269', '48273', '48274', '48276', '48278', '48289', '48307', '48290', '48291', '48293', '48295', '48304', '48305', '48308', '48284']",PRECISION_WASTE,0.1999999999999999,True,0.8235294117647058,0.4285714285714285,0.0,28,12,0,16
16,48,"['48267', '48269', '48273', '48274', '48276', '48278', '48289', '48307', '48290', '48291', '48293', '48295', '48304', '48305', '48308', '48284']",BRANCH_MISPREDICTION,0.0999999999999999,True,0.9565217391304348,0.0588235294117647,0.0,22,2,0,32
16,48,"['48267', '48269', '48273', '48274', '48276', '48278', '48289', '48307', '48290', '48291', '48293', '48295', '48304', '48305', '48308', '48284']",CACHE_PRESSURE,0.42,True,0.6153846153846153,0.0,0.5555555555555556,4,0,5,47
16,48,"['48267', '48269', '48273', '48274', '48276', '48278', '48289', '48307', '48290', '48291', '48293', '48295', '48304', '48305', '48308', '48284']",INTRA_NODE_LOAD_IMBALANCE,0.33,True,1.0,0.0,0.0,50,0,0,6
16,49,"['48267', '48269', '48274', '48276', '48278', '48289', '48307', '48290', '48291', '48293', '48300', '48304', '48305', '48308', '48283', '48303']",PIPELINE_STALL,0.18,True,0.7741935483870968,0.4827586206896552,0.0,24,14,0,15
16,49,"['48267', '48269', '48274', '48276', '48278', '48289', '48307', '48290', '48291', '48293', '48300', '48304', '48305', '48308', '48283', '48303']",COMPUTE_UNDERUTILIZATION,0.32,True,0.8602150537634409,1.0,0.0,40,13,0,0
16,49,"['48267', '48269', '48274', '48276', '48278', '48289', '48307', '48290', '48291', '48293', '48300', '48304', '48305', '48308', '48283', '48303']",PRECISION_WASTE,0.9000000000000001,True,0.7000000000000001,0.0,0.4615384615384615,7,0,6,40
16,49,"['48267', '48269', '48274', '48276', '48278', '48289', '48307', '48290', '48291', '48293', '48300', '48304', '48305', '48308', '48283', '48303']",BRANCH_MISPREDICTION,0.2833333333333334,True,1.0,0.0,0.0,34,0,0,19
16,49,"['48267', '48269', '48274', '48276', '48278', '48289', '48307', '48290', '48291', '48293', '48300', '48304', '48305', '48308', '48283', '48303']",CACHE_PRESSURE,0.52,True,1.0,0.0,0.0,11,0,0,42
16,49,"['48267', '48269', '48274', '48276', '48278', '48289', '48307', '48290', '48291', '48293', '48300', '48304', '48305', '48308', '48283', '48303']",INTRA_NODE_LOAD_IMBALANCE,0.37,True,1.0,0.0,0.0,41,0,0,12
